{
  "name": "Acetazolamide Extended-Release Capsules",
  "url": "https://www.microlabsusa.com/products/acetazolamide-extended-release-capsules/",
  "scraped_at": "2024-12-04T11:40:27.325443",
  "prescribing_info": {
    "indications_and_usage": "",
    "dosage_and_administration": "",
    "dosage_forms_and_strengths": "",
    "contraindications": "",
    "warnings_and_precautions": "",
    "adverse_reactions": "",
    "drug_interactions": "Aspirin - SeeWARNINGS\n\nAcetazolamide modifies phenytoin metabolism with increased serum levels of phenytoin. This may increase or enhance the occurrence of osteomalacia in some patients receiving chronic phenytoin therapy. Caution is advised in patients receiving chronic concomitant therapy. By decreasing the gastrointestinal absorption of primidone, acetazolamide may decrease serum concentrations of primidone and its metabolites, with a consequent possible decrease in anticonvulsant effect. Caution is advised when beginning, discontinuing, or changing the dose of acetazolamide in patients receiving primidone.\n\nBecause of possible additive effects with other carbonic anhydrase inhibitors, concomitant use is not advisable.\n\nAcetazolamide may increase the effects of other folic acid antagonists.\n\nAcetazolamide decreases urinary excretion of amphetamine and may enhance the magnitude and duration of their effect.\n\nAcetazolamide reduces urinary excretion of quinidine and may enhance its effect.\n\nAcetazolamide may prevent the urinary antiseptic effect of methenamine. Acetazolamide increases lithium excretion and the lithium may be decreased.\n\nAcetazolamide and sodium bicarbonate used concurrently increase the risk of renal calculus formation.\n\nAcetazolamide may elevate cyclosporine levels.",
    "use_in_specific_populations": "",
    "description": "",
    "clinical_pharmacology": "",
    "how_supplied": "",
    "other_information": "View Package Photos:\n- \n- \n\n- \n\nSafety:\n- Report Adverse Events\n- FDA Safety Recalls\n- Presence in Breast Milk\n\nRelated Resources:\n- Medline Plus\n- Clinical Trials\n- PubMedAll\n                                            CitationsAdverse EffectsTherapeutic UsePharmacologyClinical Trials\n- All\n                                            Citations\n- Adverse Effects\n- Therapeutic Use\n- Pharmacology\n- Clinical Trials\n- Biochemical Data Summary\n\n- All\n                                            Citations\n- Adverse Effects\n- Therapeutic Use\n- Pharmacology\n- Clinical Trials\n\nMore Info For This Drug:\n- View Labeling Archives\n- RxNorm\n- Get Label RSS Feed\n- View NDC Code(s)NEW!\n\nDrug Label Information:\nUpdated\n                    September 27, 2024\n\nIf you are a consumer or patient please visitthis version.\n\n- Download DRUG LABEL INFO:PDFXML\n- Official Label (Printer Friendly)\n\n- DESCRIPTION:Acetazolamide extended-release capsules are an inhibitor of the enzyme carbonic anhydrase.Acetazolamide USP is a white to faintly yellowish-white, crystalline, odorless powder. Sparingly soluble in practically boiling water; slightly soluble in alcohol; very slightly soluble in water. The chemical name for acetazolamide is N-(5-Sulfamoyl-1,3, 4-thiadiazol-2-yl) acetamide and has the following chemical structure:Molecular Weight 222.24Chemical Formula C4H6N4O3S2Acetazolamide extended-release capsules are, for oral administration, each containing 500 mg of acetazolamide and the following inactive ingredients: hydroxypropyl cellulose, microcrystalline cellulose, sodium lauryl sulfate and talc.The ingredients in the capsule shell are D&C RED no. 28, D&C YELLOW no. 10, FD&C RED no. 40, gelatin and titanium dioxide.The ingredients in the imprinting ink are shellac (24 to 27%), dehydrated alcohol (23 to 26%), isopropyl alcohol (1 to 3%), butyl alcohol (1 to 3%), propylene glycol (3 to 7%), strong ammonia solution (1 to 2%), black iron oxide (24 to 28%), potassium hydroxide (0.05 to 0.1%) and purified water (15 to 18%).\n- CLINICAL PHARMACOLOGY:Acetazolamide is a potent carbonic anhydrase inhibitor, effective in the control of fluid secretion (e.g., some types of glaucoma), in the treatment of certain convulsive disorders (e.g., epilepsy), and in the promotion of diuresis in instances of abnormal fluid retention (e.g., cardiac edema).Acetazolamide is not a mercurial diuretic. Rather, it is a non-bacteriostatic sulfonamide possessing a chemical structure and pharmacological activity distinctly different from the bacteriostatic sulfonamides.Acetazolamide is an enzyme inhibitor that acts specifically on carbonic anhydrase, the enzyme that catalyzes the reversible reaction involving the hydration of carbon dioxide and the dehydration of carbonic acid. In the eye, this inhibitory action of acetazolamide decreases the secretion of aqueous humor and results in a drop in intraocular pressure, a reaction considered desirable in cases of glaucoma and even in certain non-glaucomatous conditions. Evidence seems to indicate that acetazolamide has utility as an adjuvant in treatment of certain dysfunctions of the central nervous system (e.g., epilepsy). Inhibition of carbonic anhydrase in this area appears to retard abnormal, paroxysmal, excessive discharge from central nervous system neurons. The diuretic effect of acetazolamide is due to its action in the kidney on the reversible reaction involving hydration of carbon dioxide and dehydration of carbonic acid. The result is renal loss of HCO3ion, which carries out sodium, water, and potassium. Alkalinization of the urine and promotion of diuresis are thus affected. Alteration in ammonia metabolism occurs due to increased reabsorption of ammonia by the renal tubules as a result of urinary alkalinization.Acetazolamide extended-release capsules provide prolonged action to inhibit aqueous humor secretion for 18 to 24 hours after each dose, whereas tablets act for only eight to 12 hours. The prolonged continuous effect of acetazolamide extended-release capsules permits a reduction in dosage frequency.Plasma concentrations of acetazolamide peak from three to six hours after administration of acetazolamide extended-release capsules, compared to one to four hours with tablets. Food does not affect bioavailability of acetazolamide extended-release capsules.Placebo-controlled clinical trials have shown that prophylactic administration of acetazolamide at a dose of 250 mg every eight to 12 hours (or a 500 mg controlled release capsule once daily) before and during rapid ascent to altitude results in fewer and/or less severe symptoms of acute mountain sickness (AMS) such as headache, nausea, shortness of breath, dizziness, drowsiness, and fatigue. Pulmonary function (e.g., minute ventilation, expired vital capacity, and peak flow) is greater in the acetazolamide treated group, both in subjects with AMS and asymptomatic subjects. The acetazolamide treated climbers also had less difficulty in sleeping.\n- INDICATIONS AND USAGE:For adjunctive treatment of: chronic simple (open-angle) glaucoma, secondary glaucoma, and preoperatively in acute angle-closure glaucoma where delay of surgery is desired in order to lower intraocular pressure. Acetazolamide extended-release capsules are also indicated for the prevention or amelioration of symptoms associated with acute mountain sickness despite gradual ascent.\n- CONTRAINDICATIONS:Hypersensitivity to acetazolamide or any excipients in the formulation. Since acetazolamide is a sulfonamide derivative, cross sensitivity between acetazolamide, sulfonamides and other sulfonamide derivatives is possible.Acetazolamide therapy is contraindicated in situations in which sodium and/or potassium blood serum levels are depressed, in cases of marked kidney and liver disease or dysfunction, in suprarenal gland failure, and in hyperchloremic acidosis. It is contraindicated in patients with cirrhosis because of the risk of development of hepatic encephalopathy.Long-term administration of acetazolamide is contraindicated in patients with chronic non-congestive angle-closure glaucoma since it may permit organic closure of the angle to occur while the worsening glaucoma is masked by lowered intraocular pressure.\n- WARNINGS:Fatalities have occurred, although rarely, due to severe reactions to sulfonamides including Stevens-Johnson syndrome, toxic epidermal necrolysis, fulminant hepatic necrosis, anaphylaxis, agranulocytosis, aplastic anemia, and other blood dyscrasias. Sensitizations may recur when a sulfonamide is readministered irrespective of the route of administration. If signs of hypersensitivity or other serious reactions occur, discontinue use of this drug.Caution is advised for patients receiving concomitant high-dose aspirin and acetazolamide, as anorexia, tachypnea, lethargy, metabolic acidosis, coma, and death have been reported.\n- PRECAUTIONS:GeneralIncreasing the dose does not increase the diuresis and may increase the incidence of drowsiness and/or paresthesia. Increasing the dose often results in a decrease in diuresis. Under certain circumstances, however, very large doses have been given in conjunction with other diuretics in order to secure diuresis in complete refractory failure.Choroidal effusion and choroidal detachment have been reported after the use of acetazolamide in the post-operative period following ophthalmic surgery. Discontinue acetazolamide if choroidal effusion and/or choroidal detachment is suspected.Information for PatientsAdverse reactions common to all sulfonamide derivatives may occur: anaphylaxis, fever, rash (including erythema multiforme, Stevens-Johnson syndrome, toxic epidermal necrolysis), crystalluria, renal calculus, bone marrow depression, thrombocytopenic purpura, hemolytic anemia, leukopenia, pancytopenia, and agranulocytosis. Caution is advised for early detection of such reactions and the drug should be discontinued and appropriate therapy instituted.In patients with pulmonary obstruction or emphysema where alveolar ventilation may be impaired, acetazolamide which may precipitate or aggravate acidosis should be used with caution.Gradual ascent is desirable to try to avoid acute mountain sickness. If rapid ascent is undertaken and acetazolamide is used, it should be noted that such use does not obviate the need for prompt descent if severe forms of high altitude sickness occur, i.e., high altitude pulmonary edema (HAPE) or high altitude cerebral edema.Caution is advised for patients receiving concomitant high-dose aspirin and acetazolamide, as anorexia, tachypnea, lethargy, metabolic acidosis, coma, and death have been reported (seeWARNINGS).Both increases and decreases in blood glucose have been described in patients treated with acetazolamide. This should be taken into consideration in patients with impaired glucose tolerance or diabetes mellitus.Acetazolamide treatment may cause electrolyte imbalances, including hyponatremia and hypokalemia, as well as metabolic acidosis. Therefore, periodic monitoring of serum electrolytes is recommended. Particular caution is recommended in patients with conditions that are associated with, or predispose a patient to, electrolyte and acid/base imbalances, such as patients with impaired renal function (including elderly patients; seePRECAUTIONS,Geriatric Use), patients with diabetes mellitus, and patients with impaired alveolar ventilation.Some adverse reactions to acetazolamide, such as drowsiness, fatigue, and myopia, may impair the ability to drive and operate machinery.Laboratory TestsTo monitor for hematologic reactions common to all sulfonamides, it is recommended that a baseline CBC and platelet count be obtained on patients prior to initiating acetazolamide therapy and at regular intervals during therapy. If significant changes occur, early discontinuance and institution of appropriate therapy are important. Periodic monitoring of serum electrolytes is recommended.Drug InteractionsDrug/laboratory Test InteractionsSulfonamides may give false negative or decreased values for urinary phenolsulfonphthalein and phenol red elimination values for urinary protein, serum non-protein, and serum uric acid. Acetazolamide may produce an increased level of crystals in the urine.Acetazolamide interferes with the HPLC method of assay for theophylline. Interference with the theophylline assay by acetazolamide depends on the solvent used in the extraction; acetazolamide may not interfere with other assay methods for theophylline.Carcinogenesis, Mutagenesis, Impairment of FertilityLong-term studies in animals to evaluate the carcinogenic potential of acetazolamide have not been conducted. In a bacterial mutagenicity assay, acetazolamide was not mutagenic when evaluated with and without metabolic activation.The drug had no effect on fertility when administered in the diet to male and female rats at a daily intake of up to 4 times the recommended human dose of 1000 mg in a 50 kg individual.Pregnancy:Teratogenic effectsAcetazolamide, administered orally or parenterally, has been shown to be teratogenic (defects of the limbs) in mice, rats, hamsters, and rabbits. There are no adequate and well-controlled studies in pregnant women. Acetazolamide should be used in pregnancy only if the potential benefit justifies the potential risk to the fetus.Nursing MothersBecause of the potential for serious adverse reactions in nursing infants from acetazolamide, a decision should be made whether to discontinue nursing or to discontinue the drug taking into account the importance of the drug to the mother. Acetazolamide should only be used by nursing women if the potential benefit justifies the potential risk to the child.Pediatric UseThe safety and effectiveness of acetazolamide extended-release capsules in pediatric patients below the age of 12 years have not been established. Growth retardation has been reported in children receiving long-term therapy, believed secondary to chronic acidosis.Geriatric UseMetabolic acidosis, which can be severe, may occur in the elderly with reduced renal function.In general, dose selection for an elderly patient should be cautious, usually starting at the low end of the dosing range, reflecting the greater frequency of decreased hepatic, renal, or cardiac function, and concomitant disease or other drug therapy.\n- ADVERSE REACTIONS:Body as a whole:Headache, malaise, fatigue, fever, pain at injection site, flushing, growth retardation in children, flaccid paralysis, anaphylaxis.Digestive:Gastrointestinal disturbances such as nausea, vomiting, diarrhea.Hematological/Lymphatic:Blood dyscrasias such as aplastic anemia, agranulocytosis, leukopenia, thrombocytopenic purpura, melena.Hepato-biliary disorders:Abnormal liver function, cholestatic jaundice, hepatic insufficiency, fulminant hepatic necrosis.Metabolic/Nutritional:Metabolic acidosis, electrolyte imbalance, including hypokalemia, hyponatremia, osteomalacia with long-term phenytoin therapy, loss of appetite, taste alteration, hyper/hypoglycemia.Nervous:Drowsiness, paresthesia (including numbness and tingling of extremities and face), depression, excitement, ataxia, confusion, convulsions, dizziness.Skin:Allergic skin reactions including urticaria, photosensitivity, Stevens-Johnson syndrome, toxic epidermal necrolysis.Otologic:Hearing disturbances, tinnitus.Eye Disorders:Choroidal effusion, choroidal detachment, transient myopia. Transient myopia is the result of forward movement of the ciliary body leading to a narrowing of the angle.Urogenital:Crystalluria, increased risk of nephrolithiasis with long-term therapy, hematuria, glycosuria, renal failure, polyuria.To report SUSPECTED ADVERSE REACTIONS, contact Micro Labs USA Inc., at 1-855-839-8195 or the FDA at 1-800-FDA-1088 orwww.fda.gov/medwatch.\n- OVERDOSAGE:No specific antidote is known. Treatment should be symptomatic and supportive. Electrolyte imbalance, development of an acidotic state, and central nervous system effects might be expected to occur. Serum electrolyte levels (particularly potassium) and blood pH levels should be monitored. Supportive measures are required to restore electrolyte and pH balance. The acidotic state can usually be corrected by the administration of bicarbonate.Despite its high intraerythrocytic distribution and plasma protein binding properties, acetazolamide may be dialyzable. This may be particularly important in the management of acetazolamide overdosage when complicated by the presence of renal failure.\n- DOSAGE AND ADMINISTRATION:GlaucomaThe recommended dosage is 1 capsule (500 mg) two times a day. Usually 1 capsule is administered in the morning and 1 capsule in the evening. It may be necessary to adjust the dose, but it has usually been found that dosage in excess of 2 capsules (1 g) does not produce an increased effect. The dosage should be adjusted with careful individual attention both to symptomatology and intraocular tension. In all cases, continuous supervision by a physician is advisable.In those unusual instances where adequate control is not obtained by the twice-a-day administration of acetazolamide extended-release capsules, the desired control may be established by means of acetazolamide (tablets or parenteral). Use tablets or parenteral in accordance with the more frequent dosage schedules recommended for these dosage forms, such as 250 mg every four hours, or an initial dose of 500 mg followed by 250 mg or 125 mg every four hours, depending on the case in question.Acute Mountain SicknessDosage is 500 mg to 1000 mg daily, in divided doses using tablets or extended-release capsules as appropriate. In circumstances of rapid ascent, such as in rescue or military operations, the higher dose level of 1000 mg is recommended. It is preferable to initiate dosing 24 to 48 hours before ascent and to continue for 48 hours while at high altitude, or longer as necessary to control symptoms.\n- HOW SUPPLIED:Acetazolamide Extended-Release Capsules are available as 500 mg:Opaque orange / Opaque orange, hard gelatin capsule imprinted with 'M' on cap and '26' on body contains white to off white pellets.Available in bottles of:Bottles of 100                                     NDC 42571-243-01Storeat 20°  to  25° C(68°  to  77° F)  [see  USP  Controlled  Room  Temperature].Dispense in well-closed containers.Manufactured by:Micro Labs LimitedINDIA.Manufactured for:Micro Labs USA Inc.Somerset, NJ 08873Rev.09/2024\n- PACKAGE LABEL.PRINCIPAL DISPLAY PANELNDC 42571-243-01acetaZOLAMIDEExtended-ReleaseCapsules500 mgRx Only100 TabletsMICRO LABS LIMITED\n- INGREDIENTS AND APPEARANCEACETAZOLAMIDE EXTENDED-RELEASEacetazolamide extended-release capsuleProduct InformationProduct TypeHUMAN PRESCRIPTION DRUGItem Code (Source)NDC:42571-243Route of AdministrationORALActive Ingredient/Active MoietyIngredient NameBasis of StrengthStrengthACETAZOLAMIDE(UNII: O3FX965V0I)  (ACETAZOLAMIDE - UNII:O3FX965V0I)ACETAZOLAMIDE500 mgInactive IngredientsIngredient NameStrengthHYDROXYPROPYL CELLULOSE(UNII: RFW2ET671P)TALC(UNII: 7SEV7J4R1U)CELLULOSE, MICROCRYSTALLINE(UNII: OP1R32D61U)SODIUM LAURYL SULFATE(UNII: 368GB5141J)D&C RED NO. 28(UNII: 767IP0Y5NH)D&C YELLOW NO. 10(UNII: 35SW5USQ3G)FD&C RED NO. 40(UNII: WZB9127XOA)GELATIN(UNII: 2G86QN327L)TITANIUM DIOXIDE(UNII: 15FIX9V2JP)SHELLAC(UNII: 46N107B71O)ALCOHOL(UNII: 3K9958V90M)ISOPROPYL ALCOHOL(UNII: ND2M416302)BUTYL ALCOHOL(UNII: 8PJ61P6TS3)PROPYLENE GLYCOL(UNII: 6DC9Q167V3)AMMONIA(UNII: 5138Q19F1X)FERROSOFERRIC OXIDE(UNII: XM0M87F357)POTASSIUM HYDROXIDE(UNII: WZH3C48M4T)Product CharacteristicsColororange (Opaque orange)Scoreno scoreShapeCAPSULESize23mmFlavorImprint CodeM;26ContainsPackaging#Item CodePackage DescriptionMarketing Start DateMarketing End Date1NDC:42571-243-01100  in 1 BOTTLE; Type 0: Not a Combination Product12/01/2020Marketing InformationMarketing CategoryApplication Number or Monograph CitationMarketing Start DateMarketing End DateANDAANDA20740112/01/2020Labeler -Micro Labs Limited\n\t\t\t\t\t\t\t(862174955)EstablishmentNameAddressID/FEIBusiness OperationsMicro Labs Limited915793658analysis(42571-243) , label(42571-243) , manufacture(42571-243) , pack(42571-243)\n\nAcetazolamide extended-release capsules are an inhibitor of the enzyme carbonic anhydrase.\n\nAcetazolamide USP is a white to faintly yellowish-white, crystalline, odorless powder. Sparingly soluble in practically boiling water; slightly soluble in alcohol; very slightly soluble in water. The chemical name for acetazolamide is N-(5-Sulfamoyl-1,3, 4-thiadiazol-2-yl) acetamide and has the following chemical structure:\n\nMolecular Weight 222.24\n\nChemical Formula C4H6N4O3S2\n\nAcetazolamide extended-release capsules are, for oral administration, each containing 500 mg of acetazolamide and the following inactive ingredients: hydroxypropyl cellulose, microcrystalline cellulose, sodium lauryl sulfate and talc.\n\nThe ingredients in the capsule shell are D&C RED no. 28, D&C YELLOW no. 10, FD&C RED no. 40, gelatin and titanium dioxide.\n\nThe ingredients in the imprinting ink are shellac (24 to 27%), dehydrated alcohol (23 to 26%), isopropyl alcohol (1 to 3%), butyl alcohol (1 to 3%), propylene glycol (3 to 7%), strong ammonia solution (1 to 2%), black iron oxide (24 to 28%), potassium hydroxide (0.05 to 0.1%) and purified water (15 to 18%).\n\nAcetazolamide is a potent carbonic anhydrase inhibitor, effective in the control of fluid secretion (e.g., some types of glaucoma), in the treatment of certain convulsive disorders (e.g., epilepsy), and in the promotion of diuresis in instances of abnormal fluid retention (e.g., cardiac edema).\n\nAcetazolamide is not a mercurial diuretic. Rather, it is a non-bacteriostatic sulfonamide possessing a chemical structure and pharmacological activity distinctly different from the bacteriostatic sulfonamides.\n\nAcetazolamide is an enzyme inhibitor that acts specifically on carbonic anhydrase, the enzyme that catalyzes the reversible reaction involving the hydration of carbon dioxide and the dehydration of carbonic acid. In the eye, this inhibitory action of acetazolamide decreases the secretion of aqueous humor and results in a drop in intraocular pressure, a reaction considered desirable in cases of glaucoma and even in certain non-glaucomatous conditions. Evidence seems to indicate that acetazolamide has utility as an adjuvant in treatment of certain dysfunctions of the central nervous system (e.g., epilepsy). Inhibition of carbonic anhydrase in this area appears to retard abnormal, paroxysmal, excessive discharge from central nervous system neurons. The diuretic effect of acetazolamide is due to its action in the kidney on the reversible reaction involving hydration of carbon dioxide and dehydration of carbonic acid. The result is renal loss of HCO3ion, which carries out sodium, water, and potassium. Alkalinization of the urine and promotion of diuresis are thus affected. Alteration in ammonia metabolism occurs due to increased reabsorption of ammonia by the renal tubules as a result of urinary alkalinization.\n\nAcetazolamide extended-release capsules provide prolonged action to inhibit aqueous humor secretion for 18 to 24 hours after each dose, whereas tablets act for only eight to 12 hours. The prolonged continuous effect of acetazolamide extended-release capsules permits a reduction in dosage frequency.\n\nPlasma concentrations of acetazolamide peak from three to six hours after administration of acetazolamide extended-release capsules, compared to one to four hours with tablets. Food does not affect bioavailability of acetazolamide extended-release capsules.\n\nPlacebo-controlled clinical trials have shown that prophylactic administration of acetazolamide at a dose of 250 mg every eight to 12 hours (or a 500 mg controlled release capsule once daily) before and during rapid ascent to altitude results in fewer and/or less severe symptoms of acute mountain sickness (AMS) such as headache, nausea, shortness of breath, dizziness, drowsiness, and fatigue. Pulmonary function (e.g., minute ventilation, expired vital capacity, and peak flow) is greater in the acetazolamide treated group, both in subjects with AMS and asymptomatic subjects. The acetazolamide treated climbers also had less difficulty in sleeping.\n\nFor adjunctive treatment of: chronic simple (open-angle) glaucoma, secondary glaucoma, and preoperatively in acute angle-closure glaucoma where delay of surgery is desired in order to lower intraocular pressure. Acetazolamide extended-release capsules are also indicated for the prevention or amelioration of symptoms associated with acute mountain sickness despite gradual ascent.\n\nHypersensitivity to acetazolamide or any excipients in the formulation. Since acetazolamide is a sulfonamide derivative, cross sensitivity between acetazolamide, sulfonamides and other sulfonamide derivatives is possible.\n\nAcetazolamide therapy is contraindicated in situations in which sodium and/or potassium blood serum levels are depressed, in cases of marked kidney and liver disease or dysfunction, in suprarenal gland failure, and in hyperchloremic acidosis. It is contraindicated in patients with cirrhosis because of the risk of development of hepatic encephalopathy.\n\nLong-term administration of acetazolamide is contraindicated in patients with chronic non-congestive angle-closure glaucoma since it may permit organic closure of the angle to occur while the worsening glaucoma is masked by lowered intraocular pressure.\n\nFatalities have occurred, although rarely, due to severe reactions to sulfonamides including Stevens-Johnson syndrome, toxic epidermal necrolysis, fulminant hepatic necrosis, anaphylaxis, agranulocytosis, aplastic anemia, and other blood dyscrasias. Sensitizations may recur when a sulfonamide is readministered irrespective of the route of administration. If signs of hypersensitivity or other serious reactions occur, discontinue use of this drug.\n\nCaution is advised for patients receiving concomitant high-dose aspirin and acetazolamide, as anorexia, tachypnea, lethargy, metabolic acidosis, coma, and death have been reported.\n\nIncreasing the dose does not increase the diuresis and may increase the incidence of drowsiness and/or paresthesia. Increasing the dose often results in a decrease in diuresis. Under certain circumstances, however, very large doses have been given in conjunction with other diuretics in order to secure diuresis in complete refractory failure.\n\nChoroidal effusion and choroidal detachment have been reported after the use of acetazolamide in the post-operative period following ophthalmic surgery. Discontinue acetazolamide if choroidal effusion and/or choroidal detachment is suspected.\n\nAdverse reactions common to all sulfonamide derivatives may occur: anaphylaxis, fever, rash (including erythema multiforme, Stevens-Johnson syndrome, toxic epidermal necrolysis), crystalluria, renal calculus, bone marrow depression, thrombocytopenic purpura, hemolytic anemia, leukopenia, pancytopenia, and agranulocytosis. Caution is advised for early detection of such reactions and the drug should be discontinued and appropriate therapy instituted.\n\nIn patients with pulmonary obstruction or emphysema where alveolar ventilation may be impaired, acetazolamide which may precipitate or aggravate acidosis should be used with caution.\n\nGradual ascent is desirable to try to avoid acute mountain sickness. If rapid ascent is undertaken and acetazolamide is used, it should be noted that such use does not obviate the need for prompt descent if severe forms of high altitude sickness occur, i.e., high altitude pulmonary edema (HAPE) or high altitude cerebral edema.\n\nCaution is advised for patients receiving concomitant high-dose aspirin and acetazolamide, as anorexia, tachypnea, lethargy, metabolic acidosis, coma, and death have been reported (seeWARNINGS).\n\nBoth increases and decreases in blood glucose have been described in patients treated with acetazolamide. This should be taken into consideration in patients with impaired glucose tolerance or diabetes mellitus.\n\nAcetazolamide treatment may cause electrolyte imbalances, including hyponatremia and hypokalemia, as well as metabolic acidosis. Therefore, periodic monitoring of serum electrolytes is recommended. Particular caution is recommended in patients with conditions that are associated with, or predispose a patient to, electrolyte and acid/base imbalances, such as patients with impaired renal function (including elderly patients; seePRECAUTIONS,Geriatric Use), patients with diabetes mellitus, and patients with impaired alveolar ventilation.\n\nSome adverse reactions to acetazolamide, such as drowsiness, fatigue, and myopia, may impair the ability to drive and operate machinery.\n\nTo monitor for hematologic reactions common to all sulfonamides, it is recommended that a baseline CBC and platelet count be obtained on patients prior to initiating acetazolamide therapy and at regular intervals during therapy. If significant changes occur, early discontinuance and institution of appropriate therapy are important. Periodic monitoring of serum electrolytes is recommended.\n\nSulfonamides may give false negative or decreased values for urinary phenolsulfonphthalein and phenol red elimination values for urinary protein, serum non-protein, and serum uric acid. Acetazolamide may produce an increased level of crystals in the urine.\n\nAcetazolamide interferes with the HPLC method of assay for theophylline. Interference with the theophylline assay by acetazolamide depends on the solvent used in the extraction; acetazolamide may not interfere with other assay methods for theophylline.\n\nLong-term studies in animals to evaluate the carcinogenic potential of acetazolamide have not been conducted. In a bacterial mutagenicity assay, acetazolamide was not mutagenic when evaluated with and without metabolic activation.\n\nThe drug had no effect on fertility when administered in the diet to male and female rats at a daily intake of up to 4 times the recommended human dose of 1000 mg in a 50 kg individual.\n\nTeratogenic effects\n\nAcetazolamide, administered orally or parenterally, has been shown to be teratogenic (defects of the limbs) in mice, rats, hamsters, and rabbits. There are no adequate and well-controlled studies in pregnant women. Acetazolamide should be used in pregnancy only if the potential benefit justifies the potential risk to the fetus.\n\nBecause of the potential for serious adverse reactions in nursing infants from acetazolamide, a decision should be made whether to discontinue nursing or to discontinue the drug taking into account the importance of the drug to the mother. Acetazolamide should only be used by nursing women if the potential benefit justifies the potential risk to the child.\n\nThe safety and effectiveness of acetazolamide extended-release capsules in pediatric patients below the age of 12 years have not been established. Growth retardation has been reported in children receiving long-term therapy, believed secondary to chronic acidosis.\n\nMetabolic acidosis, which can be severe, may occur in the elderly with reduced renal function.\n\nIn general, dose selection for an elderly patient should be cautious, usually starting at the low end of the dosing range, reflecting the greater frequency of decreased hepatic, renal, or cardiac function, and concomitant disease or other drug therapy.\n\nBody as a whole:\n\nHeadache, malaise, fatigue, fever, pain at injection site, flushing, growth retardation in children, flaccid paralysis, anaphylaxis.\n\nDigestive:\n\nGastrointestinal disturbances such as nausea, vomiting, diarrhea.\n\nHematological/Lymphatic:\n\nBlood dyscrasias such as aplastic anemia, agranulocytosis, leukopenia, thrombocytopenic purpura, melena.\n\nHepato-biliary disorders:\n\nAbnormal liver function, cholestatic jaundice, hepatic insufficiency, fulminant hepatic necrosis.\n\nMetabolic/Nutritional:\n\nMetabolic acidosis, electrolyte imbalance, including hypokalemia, hyponatremia, osteomalacia with long-term phenytoin therapy, loss of appetite, taste alteration, hyper/hypoglycemia.\n\nNervous:\n\nDrowsiness, paresthesia (including numbness and tingling of extremities and face), depression, excitement, ataxia, confusion, convulsions, dizziness.\n\nSkin:\n\nAllergic skin reactions including urticaria, photosensitivity, Stevens-Johnson syndrome, toxic epidermal necrolysis.\n\nOtologic:\n\nHearing disturbances, tinnitus.\n\nEye Disorders:\n\nChoroidal effusion, choroidal detachment, transient myopia. Transient myopia is the result of forward movement of the ciliary body leading to a narrowing of the angle.\n\nUrogenital:\n\nCrystalluria, increased risk of nephrolithiasis with long-term therapy, hematuria, glycosuria, renal failure, polyuria.\n\nTo report SUSPECTED ADVERSE REACTIONS, contact Micro Labs USA Inc., at 1-855-839-8195 or the FDA at 1-800-FDA-1088 orwww.fda.gov/medwatch.\n\nNo specific antidote is known. Treatment should be symptomatic and supportive. Electrolyte imbalance, development of an acidotic state, and central nervous system effects might be expected to occur. Serum electrolyte levels (particularly potassium) and blood pH levels should be monitored. Supportive measures are required to restore electrolyte and pH balance. The acidotic state can usually be corrected by the administration of bicarbonate.\n\nDespite its high intraerythrocytic distribution and plasma protein binding properties, acetazolamide may be dialyzable. This may be particularly important in the management of acetazolamide overdosage when complicated by the presence of renal failure.\n\nGlaucoma\n\nThe recommended dosage is 1 capsule (500 mg) two times a day. Usually 1 capsule is administered in the morning and 1 capsule in the evening. It may be necessary to adjust the dose, but it has usually been found that dosage in excess of 2 capsules (1 g) does not produce an increased effect. The dosage should be adjusted with careful individual attention both to symptomatology and intraocular tension. In all cases, continuous supervision by a physician is advisable.\n\nIn those unusual instances where adequate control is not obtained by the twice-a-day administration of acetazolamide extended-release capsules, the desired control may be established by means of acetazolamide (tablets or parenteral). Use tablets or parenteral in accordance with the more frequent dosage schedules recommended for these dosage forms, such as 250 mg every four hours, or an initial dose of 500 mg followed by 250 mg or 125 mg every four hours, depending on the case in question.\n\nAcute Mountain Sickness\n\nDosage is 500 mg to 1000 mg daily, in divided doses using tablets or extended-release capsules as appropriate. In circumstances of rapid ascent, such as in rescue or military operations, the higher dose level of 1000 mg is recommended. It is preferable to initiate dosing 24 to 48 hours before ascent and to continue for 48 hours while at high altitude, or longer as necessary to control symptoms.\n\nAcetazolamide Extended-Release Capsules are available as 500 mg:\n\nOpaque orange / Opaque orange, hard gelatin capsule imprinted with 'M' on cap and '26' on body contains white to off white pellets.\n\nAvailable in bottles of:\n\nBottles of 100                                     NDC 42571-243-01\n\nStoreat 20°  to  25° C(68°  to  77° F)  [see  USP  Controlled  Room  Temperature].\n\nDispense in well-closed containers.\n\nManufactured by:\n\nMicro Labs Limited\n\nINDIA.\n\nManufactured for:\n\nMicro Labs USA Inc.\n\nSomerset, NJ 08873\n\nRev.09/2024\n\nNDC 42571-243-01acetaZOLAMIDEExtended-ReleaseCapsules500 mgRx Only100 TabletsMICRO LABS LIMITED\n\nACETAZOLAMIDE EXTENDED-RELEASEacetazolamide extended-release capsule\nProduct InformationProduct TypeHUMAN PRESCRIPTION DRUGItem Code (Source)NDC:42571-243Route of AdministrationORAL | Product Information | Product Type | HUMAN PRESCRIPTION DRUG | Item Code (Source) | NDC:42571-243 | Route of Administration | ORAL\nProduct Information\nProduct Type | HUMAN PRESCRIPTION DRUG | Item Code (Source) | NDC:42571-243\nRoute of Administration | ORAL\nActive Ingredient/Active MoietyIngredient NameBasis of StrengthStrengthACETAZOLAMIDE(UNII: O3FX965V0I)  (ACETAZOLAMIDE - UNII:O3FX965V0I)ACETAZOLAMIDE500 mg | Active Ingredient/Active Moiety | Ingredient Name | Basis of Strength | Strength | ACETAZOLAMIDE(UNII: O3FX965V0I)  (ACETAZOLAMIDE - UNII:O3FX965V0I) | ACETAZOLAMIDE | 500 mg\nActive Ingredient/Active Moiety\nIngredient Name | Basis of Strength | Strength\nACETAZOLAMIDE(UNII: O3FX965V0I)  (ACETAZOLAMIDE - UNII:O3FX965V0I) | ACETAZOLAMIDE | 500 mg\nInactive IngredientsIngredient NameStrengthHYDROXYPROPYL CELLULOSE(UNII: RFW2ET671P)TALC(UNII: 7SEV7J4R1U)CELLULOSE, MICROCRYSTALLINE(UNII: OP1R32D61U)SODIUM LAURYL SULFATE(UNII: 368GB5141J)D&C RED NO. 28(UNII: 767IP0Y5NH)D&C YELLOW NO. 10(UNII: 35SW5USQ3G)FD&C RED NO. 40(UNII: WZB9127XOA)GELATIN(UNII: 2G86QN327L)TITANIUM DIOXIDE(UNII: 15FIX9V2JP)SHELLAC(UNII: 46N107B71O)ALCOHOL(UNII: 3K9958V90M)ISOPROPYL ALCOHOL(UNII: ND2M416302)BUTYL ALCOHOL(UNII: 8PJ61P6TS3)PROPYLENE GLYCOL(UNII: 6DC9Q167V3)AMMONIA(UNII: 5138Q19F1X)FERROSOFERRIC OXIDE(UNII: XM0M87F357)POTASSIUM HYDROXIDE(UNII: WZH3C48M4T) | Inactive Ingredients | Ingredient Name | Strength | HYDROXYPROPYL CELLULOSE(UNII: RFW2ET671P) |  | TALC(UNII: 7SEV7J4R1U) |  | CELLULOSE, MICROCRYSTALLINE(UNII: OP1R32D61U) |  | SODIUM LAURYL SULFATE(UNII: 368GB5141J) |  | D&C RED NO. 28(UNII: 767IP0Y5NH) |  | D&C YELLOW NO. 10(UNII: 35SW5USQ3G) |  | FD&C RED NO. 40(UNII: WZB9127XOA) |  | GELATIN(UNII: 2G86QN327L) |  | TITANIUM DIOXIDE(UNII: 15FIX9V2JP) |  | SHELLAC(UNII: 46N107B71O) |  | ALCOHOL(UNII: 3K9958V90M) |  | ISOPROPYL ALCOHOL(UNII: ND2M416302) |  | BUTYL ALCOHOL(UNII: 8PJ61P6TS3) |  | PROPYLENE GLYCOL(UNII: 6DC9Q167V3) |  | AMMONIA(UNII: 5138Q19F1X) |  | FERROSOFERRIC OXIDE(UNII: XM0M87F357) |  | POTASSIUM HYDROXIDE(UNII: WZH3C48M4T) | \nInactive Ingredients\nIngredient Name | Strength\nHYDROXYPROPYL CELLULOSE(UNII: RFW2ET671P) | \nTALC(UNII: 7SEV7J4R1U) | \nCELLULOSE, MICROCRYSTALLINE(UNII: OP1R32D61U) | \nSODIUM LAURYL SULFATE(UNII: 368GB5141J) | \nD&C RED NO. 28(UNII: 767IP0Y5NH) | \nD&C YELLOW NO. 10(UNII: 35SW5USQ3G) | \nFD&C RED NO. 40(UNII: WZB9127XOA) | \nGELATIN(UNII: 2G86QN327L) | \nTITANIUM DIOXIDE(UNII: 15FIX9V2JP) | \nSHELLAC(UNII: 46N107B71O) | \nALCOHOL(UNII: 3K9958V90M) | \nISOPROPYL ALCOHOL(UNII: ND2M416302) | \nBUTYL ALCOHOL(UNII: 8PJ61P6TS3) | \nPROPYLENE GLYCOL(UNII: 6DC9Q167V3) | \nAMMONIA(UNII: 5138Q19F1X) | \nFERROSOFERRIC OXIDE(UNII: XM0M87F357) | \nPOTASSIUM HYDROXIDE(UNII: WZH3C48M4T) | \nProduct CharacteristicsColororange (Opaque orange)Scoreno scoreShapeCAPSULESize23mmFlavorImprint CodeM;26Contains | Product Characteristics | Color | orange (Opaque orange) | Score | no score | Shape | CAPSULE | Size | 23mm | Flavor |  | Imprint Code | M;26 | Contains | \nProduct Characteristics\nColor | orange (Opaque orange) | Score | no score\nShape | CAPSULE | Size | 23mm\nFlavor |  | Imprint Code | M;26\nContains | \nPackaging#Item CodePackage DescriptionMarketing Start DateMarketing End Date1NDC:42571-243-01100  in 1 BOTTLE; Type 0: Not a Combination Product12/01/2020 | Packaging | # | Item Code | Package Description | Marketing Start Date | Marketing End Date | 1 | NDC:42571-243-01 | 100  in 1 BOTTLE; Type 0: Not a Combination Product | 12/01/2020 | \nPackaging\n# | Item Code | Package Description | Marketing Start Date | Marketing End Date\n1 | NDC:42571-243-01 | 100  in 1 BOTTLE; Type 0: Not a Combination Product | 12/01/2020 | \n\nMarketing InformationMarketing CategoryApplication Number or Monograph CitationMarketing Start DateMarketing End DateANDAANDA20740112/01/2020 | Marketing Information | Marketing Category | Application Number or Monograph Citation | Marketing Start Date | Marketing End Date | ANDA | ANDA207401 | 12/01/2020 | \nMarketing Information\nMarketing Category | Application Number or Monograph Citation | Marketing Start Date | Marketing End Date\nANDA | ANDA207401 | 12/01/2020 | \n\nProduct Information\nProduct Type | HUMAN PRESCRIPTION DRUG | Item Code (Source) | NDC:42571-243\nRoute of Administration | ORAL\n\nActive Ingredient/Active Moiety\nIngredient Name | Basis of Strength | Strength\nACETAZOLAMIDE(UNII: O3FX965V0I)  (ACETAZOLAMIDE - UNII:O3FX965V0I) | ACETAZOLAMIDE | 500 mg\n\nInactive Ingredients\nIngredient Name | Strength\nHYDROXYPROPYL CELLULOSE(UNII: RFW2ET671P) | \nTALC(UNII: 7SEV7J4R1U) | \nCELLULOSE, MICROCRYSTALLINE(UNII: OP1R32D61U) | \nSODIUM LAURYL SULFATE(UNII: 368GB5141J) | \nD&C RED NO. 28(UNII: 767IP0Y5NH) | \nD&C YELLOW NO. 10(UNII: 35SW5USQ3G) | \nFD&C RED NO. 40(UNII: WZB9127XOA) | \nGELATIN(UNII: 2G86QN327L) | \nTITANIUM DIOXIDE(UNII: 15FIX9V2JP) | \nSHELLAC(UNII: 46N107B71O) | \nALCOHOL(UNII: 3K9958V90M) | \nISOPROPYL ALCOHOL(UNII: ND2M416302) | \nBUTYL ALCOHOL(UNII: 8PJ61P6TS3) | \nPROPYLENE GLYCOL(UNII: 6DC9Q167V3) | \nAMMONIA(UNII: 5138Q19F1X) | \nFERROSOFERRIC OXIDE(UNII: XM0M87F357) | \nPOTASSIUM HYDROXIDE(UNII: WZH3C48M4T) | \n\nProduct Characteristics\nColor | orange (Opaque orange) | Score | no score\nShape | CAPSULE | Size | 23mm\nFlavor |  | Imprint Code | M;26\nContains | \n\nPackaging\n# | Item Code | Package Description | Marketing Start Date | Marketing End Date\n1 | NDC:42571-243-01 | 100  in 1 BOTTLE; Type 0: Not a Combination Product | 12/01/2020 | \n\nMarketing Information\nMarketing Category | Application Number or Monograph Citation | Marketing Start Date | Marketing End Date\nANDA | ANDA207401 | 12/01/2020 | \n\nLabeler -Micro Labs Limited\n\t\t\t\t\t\t\t(862174955)\n\nEstablishment\nName | Address | ID/FEI | Business Operations\nMicro Labs Limited |  | 915793658 | analysis(42571-243) , label(42571-243) , manufacture(42571-243) , pack(42571-243)\n\nGeneral:\nIncreasing the dose does not increase the diuresis and may increase the incidence of drowsiness and/or paresthesia. Increasing the dose often results in a decrease in diuresis. Under certain circumstances, however, very large doses have been given in conjunction with other diuretics in order to secure diuresis in complete refractory failure.\n\nChoroidal effusion and choroidal detachment have been reported after the use of acetazolamide in the post-operative period following ophthalmic surgery. Discontinue acetazolamide if choroidal effusion and/or choroidal detachment is suspected.\n\nInformation for Patients:\nAdverse reactions common to all sulfonamide derivatives may occur: anaphylaxis, fever, rash (including erythema multiforme, Stevens-Johnson syndrome, toxic epidermal necrolysis), crystalluria, renal calculus, bone marrow depression, thrombocytopenic purpura, hemolytic anemia, leukopenia, pancytopenia, and agranulocytosis. Caution is advised for early detection of such reactions and the drug should be discontinued and appropriate therapy instituted.\n\nIn patients with pulmonary obstruction or emphysema where alveolar ventilation may be impaired, acetazolamide which may precipitate or aggravate acidosis should be used with caution.\n\nGradual ascent is desirable to try to avoid acute mountain sickness. If rapid ascent is undertaken and acetazolamide is used, it should be noted that such use does not obviate the need for prompt descent if severe forms of high altitude sickness occur, i.e., high altitude pulmonary edema (HAPE) or high altitude cerebral edema.\n\nCaution is advised for patients receiving concomitant high-dose aspirin and acetazolamide, as anorexia, tachypnea, lethargy, metabolic acidosis, coma, and death have been reported (seeWARNINGS).\n\nBoth increases and decreases in blood glucose have been described in patients treated with acetazolamide. This should be taken into consideration in patients with impaired glucose tolerance or diabetes mellitus.\n\nAcetazolamide treatment may cause electrolyte imbalances, including hyponatremia and hypokalemia, as well as metabolic acidosis. Therefore, periodic monitoring of serum electrolytes is recommended. Particular caution is recommended in patients with conditions that are associated with, or predispose a patient to, electrolyte and acid/base imbalances, such as patients with impaired renal function (including elderly patients; seePRECAUTIONS,Geriatric Use), patients with diabetes mellitus, and patients with impaired alveolar ventilation.\n\nSome adverse reactions to acetazolamide, such as drowsiness, fatigue, and myopia, may impair the ability to drive and operate machinery.\n\nLaboratory Tests:\nTo monitor for hematologic reactions common to all sulfonamides, it is recommended that a baseline CBC and platelet count be obtained on patients prior to initiating acetazolamide therapy and at regular intervals during therapy. If significant changes occur, early discontinuance and institution of appropriate therapy are important. Periodic monitoring of serum electrolytes is recommended.\n\nDrug/laboratory Test Interactions:\nSulfonamides may give false negative or decreased values for urinary phenolsulfonphthalein and phenol red elimination values for urinary protein, serum non-protein, and serum uric acid. Acetazolamide may produce an increased level of crystals in the urine.\n\nAcetazolamide interferes with the HPLC method of assay for theophylline. Interference with the theophylline assay by acetazolamide depends on the solvent used in the extraction; acetazolamide may not interfere with other assay methods for theophylline.\n\nCarcinogenesis, Mutagenesis, Impairment of Fertility:\nLong-term studies in animals to evaluate the carcinogenic potential of acetazolamide have not been conducted. In a bacterial mutagenicity assay, acetazolamide was not mutagenic when evaluated with and without metabolic activation.\n\nThe drug had no effect on fertility when administered in the diet to male and female rats at a daily intake of up to 4 times the recommended human dose of 1000 mg in a 50 kg individual.\n\nPregnancy::\nTeratogenic effects\n\nAcetazolamide, administered orally or parenterally, has been shown to be teratogenic (defects of the limbs) in mice, rats, hamsters, and rabbits. There are no adequate and well-controlled studies in pregnant women. Acetazolamide should be used in pregnancy only if the potential benefit justifies the potential risk to the fetus.\n\nNursing Mothers:\nBecause of the potential for serious adverse reactions in nursing infants from acetazolamide, a decision should be made whether to discontinue nursing or to discontinue the drug taking into account the importance of the drug to the mother. Acetazolamide should only be used by nursing women if the potential benefit justifies the potential risk to the child.\n\nPediatric Use:\nThe safety and effectiveness of acetazolamide extended-release capsules in pediatric patients below the age of 12 years have not been established. Growth retardation has been reported in children receiving long-term therapy, believed secondary to chronic acidosis.\n\nGeriatric Use:\nMetabolic acidosis, which can be severe, may occur in the elderly with reduced renal function.\n\nIn general, dose selection for an elderly patient should be cautious, usually starting at the low end of the dosing range, reflecting the greater frequency of decreased hepatic, renal, or cardiac function, and concomitant disease or other drug therapy.\n\nSafety:\nReport Adverse\n                        Events,FDA Safety Recalls,Presence in Breast Milk\n\nRelated Resources:\nMedline Plus,Clinical Trials,PubMed,Biochemical Data Summary\n\nMore Info on this Drug:\nView Labeling Archives,RxNorm,Get Label RSS Feed,View NDC Code(s)NEW!\n\nTo receive this label RSS feed:\nCopy the URL below and paste it into your RSS Reader application.https://dailymed.nlm.nih.gov/dailymed/labelrss.cfm?setid=78f78919-a6ba-4072-bc45-2ab3637ed894To receive all DailyMed Updates for the last seven daysCopy the URL below and paste it into your RSS Reader application.https://dailymed.nlm.nih.gov/dailymed/rss.cfmWhat will I get with the DailyMed RSS feed?DailyMed will deliver notification of updates and additions to Drug Label information currently shown on this site through its RSS feed.DailyMed will deliver this notification to your desktop, Web browser, or e-mail depending on the RSS Reader you select to use. To view updated drug label links, paste the RSS feed address (URL) shown below into a RSS reader, or use a browser which supports RSS feeds, such as Safari for Mac OS X.How to discontinue the RSS feedIf you no longer wish to have this DailyMed RSS service, simply delete the copied URL from your RSS Reader.More about getting RSS News & Updates from DailyMed\n\nhttps://dailymed.nlm.nih.gov/dailymed/labelrss.cfm?setid=78f78919-a6ba-4072-bc45-2ab3637ed894\n\nCopy the URL below and paste it into your RSS Reader application.\n\nhttps://dailymed.nlm.nih.gov/dailymed/rss.cfm\n\nDailyMed will deliver notification of updates and additions to Drug Label information currently shown on this site through its RSS feed.\n\nDailyMed will deliver this notification to your desktop, Web browser, or e-mail depending on the RSS Reader you select to use. To view updated drug label links, paste the RSS feed address (URL) shown below into a RSS reader, or use a browser which supports RSS feeds, such as Safari for Mac OS X.\n\nIf you no longer wish to have this DailyMed RSS service, simply delete the copied URL from your RSS Reader.\n\nTo receive all DailyMed Updates for the last seven days:\nCopy the URL below and paste it into your RSS Reader application.\n\nhttps://dailymed.nlm.nih.gov/dailymed/rss.cfm\n\nWhat will I get with the DailyMed RSS feed?:\nDailyMed will deliver notification of updates and additions to Drug Label information currently shown on this site through its RSS feed.\n\nDailyMed will deliver this notification to your desktop, Web browser, or e-mail depending on the RSS Reader you select to use. To view updated drug label links, paste the RSS feed address (URL) shown below into a RSS reader, or use a browser which supports RSS feeds, such as Safari for Mac OS X.\n\nHow to discontinue the RSS feed:\nIf you no longer wish to have this DailyMed RSS service, simply delete the copied URL from your RSS Reader.\n\nWhy is DailyMed no longer displaying pill images on the Search Results and Drug Info pages?:\nDue to inconsistencies between the drug labels on DailyMed and the pill images provided byRxImage, we no longer display the RxImage pill images associated with drug labels.\n\nWe anticipate reposting the images once we are able identify and filter out images that do not match the information provided in the drug labels."
  }
}