{
  "name": "Bimatoprost Ophthalmic Solution",
  "url": "https://www.microlabsusa.com/products/bimatoprost-ophthalmic-solution/",
  "scraped_at": "2024-12-04T11:29:52.772541",
  "prescribing_info": {
    "indications_and_usage": "Bimatoprost ophthalmic solution 0.03% is a prostaglandin analog indicated for the reduction of elevated intraocular pressure in patients with open angle glaucoma or ocular hypertension. (1)",
    "dosage_and_administration": "One drop in the affected eye(s) once daily in the evening. (2)",
    "dosage_forms_and_strengths": "Ophthalmic solution containing 0.3 mg/mL of  bimatoprost. (3)",
    "contraindications": "Hypersensitivity. (4)",
    "warnings_and_precautions": "- Pigmentation: Pigmentation of the iris, periorbital tissue (eyelid) and eyelashes can occur. Iris pigmentation is likely to be permanent. (5.1)\n- Eyelash Changes: Gradual change to eyelashes including increased length, thickness and number of lashes. Usually reversible. (5.2)",
    "adverse_reactions": "Most common adverse reaction (45%) is conjunctival hyperemia  (6.1).\n\nTo report SUSPECTED ADVERSE REACTIONS, contact Micro Labs Limited at 1-855-839-8195 or FDA at 1-800-FDA-1088 or www.fda.gov/medwatch.",
    "drug_interactions": "",
    "use_in_specific_populations": "Use in pediatric patients below the age of 16 years is not recommended because of potential safety concerns related to increased pigmentation following long-term chronic use. (8.4)",
    "description": "",
    "clinical_pharmacology": "",
    "how_supplied": "",
    "other_information": "View Package Photos:\n- \n- \n- \n\n- \n- \n\nVIEW MORE:\n- \n- \n- \n- \n- \n- \n\n- \n- \n\n- \n- \n\nSafety:\n- Report Adverse Events\n- FDA Safety Recalls\n- Presence in Breast Milk\n\nRelated Resources:\n- Medline Plus\n- Clinical Trials\n- PubMedAll\n                                            CitationsAdverse EffectsTherapeutic UsePharmacologyClinical Trials\n- All\n                                            Citations\n- Adverse Effects\n- Therapeutic Use\n- Pharmacology\n- Clinical Trials\n- Biochemical Data Summary\n\n- All\n                                            Citations\n- Adverse Effects\n- Therapeutic Use\n- Pharmacology\n- Clinical Trials\n\nMore Info For This Drug:\n- View Labeling Archives\n- RxNorm\n- Get Label RSS Feed\n- View NDC Code(s)NEW!\n\nDrug Label Information:\nUpdated\n                    September 26, 2024\n\nIf you are a consumer or patient please visitthis version.\n\n- Download DRUG LABEL INFO:PDFXML\n- Official Label (Printer Friendly)\n\n- HIGHLIGHTS OF PRESCRIBING INFORMATIONThese highlights do not include all the information needed to use BIMATOPROST OPHTHALMIC SOLUTION safely and effectively. See full prescribing information for BIMATOPROST OPHTHALMIC SOLUTION.BIMATOPROST ophthalmic solution, for topical ophthalmic useInitial U.S. Approval: 2001INDICATIONS AND USAGEDOSAGE AND ADMINISTRATIONDOSAGE FORMS AND STRENGTHSCONTRAINDICATIONSWARNINGS AND PRECAUTIONSADVERSE REACTIONSUSE IN SPECIFIC POPULATIONSSee 17 for PATIENT COUNSELING INFORMATION.Revised: 1/2023\n- Table of ContentsFULL PRESCRIBING INFORMATION: CONTENTS*1 INDICATIONS AND USAGE2 DOSAGE AND ADMINISTRATION3 DOSAGE FORMS AND STRENGTHS4 CONTRAINDICATIONS5 WARNINGS AND PRECAUTIONS5.1 Pigmentation5.2 Eyelash Changes5.3 Intraocular Inflammation5.4 Macular Edema5.5 Bacterial Keratitis5.6 Contact Lens Use6 ADVERSE REACTIONS6.1 Clinical Trials Experience6.2 Postmarketing Experience8 USE IN SPECIFIC POPULATIONS8.1 Pregnancy8.2 Lactation8.4 Pediatric Use8.5 Geriatric Use10 OVERDOSAGE11 DESCRIPTION12 CLINICAL PHARMACOLOGY12.1 Mechanism of Action12.3 Pharmacokinetics13 NONCLINICAL TOXICOLOGY13.1 Carcinogenesis, Mutagenesis, Impairment of Fertility14 CLINICAL STUDIES16 HOW SUPPLIED/STORAGE AND HANDLING17 PATIENT COUNSELING INFORMATION*Sections or subsections omitted from the full prescribing information are not listed.\n- 1 INDICATIONS AND USAGEBimatoprost ophthalmic solution 0.03% is indicated for the reduction of elevated intraocular pressure in patients with open angle glaucoma or ocular hypertension.\n- 2 DOSAGE AND ADMINISTRATIONThe recommended dosage is one drop in the affected eye(s) once daily in the evening. Bimatoprost ophthalmic solution 0.03%  should not be administered more than once daily since it has been shown that more frequent administration of prostaglandin analogs may decrease the intraocular pressure lowering effect.Reduction of the intraocular pressure starts approximately 4 hours after the first administration with maximum effect reached within approximately 8 to 12 hours.Bimatoprost ophthalmic solution 0.03% may be used concomitantly with other topical ophthalmic drug products to lower intraocular pressure. If more than one topical ophthalmic drug is being used, the drugs should be administered at least five (5) minutes apart.\n- 3 DOSAGE FORMS AND STRENGTHSOphthalmic solution containing bimatoprost 0.3 mg/mL.\n- 4 CONTRAINDICATIONSBimatoprost ophthalmic solution 0.03% is contraindicated in patients with hypersensitivity to bimatoprost or to any of the ingredients[see Adverse Reactions (6.2)].\n- 5 WARNINGS AND PRECAUTIONS5.1 PigmentationBimatoprost ophthalmic solution has been reported to cause changes to pigmented tissues. The most frequently reported changes have been increased pigmentation of the iris, periorbital tissue (eyelid) and eyelashes. Pigmentation is expected to increase as long as bimatoprost is administered. The pigmentation change is due to increased melanin content in the melanocytes rather than to an increase in the number of melanocytes. After discontinuation of bimatoprost, pigmentation of the iris is likely to be permanent, while pigmentation of the periorbital tissue and eyelash changes have been reported to be reversible in some patients. Patients who receive treatment should be informed of the possibility of increased pigmentation. The long term effects of increased pigmentation are not known.Iris color change may not be noticeable for several months to years. Typically, the brown pigmentation around the pupil spreads concentrically towards the periphery of the iris and the entire iris or parts of the iris become more brownish. Neither nevi nor freckles of the iris appear to be affected by treatment. While treatment with bimatoprost ophthalmic solution 0.03% can be continued in patients who develop noticeably increased iris pigmentation, these patients should be examined regularly.5.2 Eyelash ChangesBimatoprost ophthalmic solution 0.03% may gradually change eyelashes and vellus hair in the treated eye. These changes include increased length, thickness, and number of lashes. Eyelash changes are usually reversible upon discontinuation of treatment.5.3 Intraocular InflammationProstaglandin analogs, including bimatoprost, have been reported to cause intraocular inflammation. In addition, because these products may exacerbate inflammation, caution should be used in patients with active intraocular inflammation (e.g., uveitis).5.4 Macular EdemaMacular edema, including cystoid macular edema, has been reported during treatment with bimatoprost ophthalmic solution. Bimatoprost ophthalmic solution 0.03% should be used with caution in aphakic patients, in pseudophakic patients with a torn posterior lens capsule, or in patients with known risk factors for macular edema.5.5 Bacterial KeratitisThere have been reports of bacterial keratitis associated with the use of multiple-dose containers of topical ophthalmic products. These containers had been inadvertently contaminated by patients who, in most cases, had a concurrent corneal disease or a disruption of the ocular epithelial surface.5.6 Contact Lens UseBimatoprost ophthalmic solution 0.03% contains benzalkonium chloride, which may be absorbed by and cause discoloration of soft contact lenses. Contact lenses should be removed prior to instillation of bimatoprost ophthalmic solution 0.03% and may be reinserted 15 minutes following its administration.\n- 6 ADVERSE REACTIONSThe following adverse reactions are described elsewhere in the labeling:Pigmentation[see Warnings and Precautions (5.1)]Eyelash Changes[see Warnings and Precautions (5.2)]Intraocular Inflammation[see Warnings and Precautions (5.3)]Macular Edema[see Warnings and Precautions (5.4)]Hypersensitivity[see Contraindications (4)]6.1 Clinical Trials ExperienceBecause clinical trials are conducted under widely varying conditions, adverse reaction rates observed in the clinical trials of a drug cannot be directly compared to rates in the clinical trials of another drug and may not reflect the rates observed in practice.In clinical trials, the most frequent events associated with the use of bimatoprost ophthalmic solution, 0.03% occurring in approximately 15% to 45% of patients, in descending order of incidence, included conjunctival hyperemia, growth of eyelashes, and ocular pruritus. Approximately 3% of patients discontinued therapy due to conjunctival hyperemia.Ocular adverse events occurring in approximately 3 to 10% of patients, in descending order of incidence, included ocular dryness, visual disturbance, ocular burning, foreign body sensation, eye pain, pigmentation of the periocular skin, blepharitis, cataract, superficial punctate keratitis, periorbital erythema, ocular irritation, and eyelash darkening. The following ocular adverse events reported in approximately 1 to 3% of patients, in descending order of incidence, included: eye discharge, tearing, photophobia, allergic conjunctivitis, asthenopia, increases in iris pigmentation, and conjunctival edema. In less than 1% of patients, intraocular inflammation was reported as iritis.Systemic adverse events reported in approximately 10% of patients were infections (primarily colds and upper respiratory tract infections). The following systemic adverse events reported in approximately 1 to 5% of patients, in descending order of incidence, included headaches, abnormal liver function tests, asthenia and hirsutism.6.2 Postmarketing ExperienceThe following adverse reactions have been identified during postapproval use of bimatoprost ophthalmic solution 0.03%. Because these reactions are reported voluntarily from a population of uncertain size, it is not always possible to reliably estimate their frequency or establish a causal relationship to drug exposure. The reactions, which have been chosen for inclusion due to either their seriousness, frequency of reporting, possible causal connection to bimatoprost ophthalmic solution 0.03%, or a combination of these factors, include: abnormal hair growth, asthma-like symptoms, dizziness, dyspnea, eyelid edema, hypersensitivity reaction including signs and symptoms of eye allergy and allergic dermatitis, hypertension, nausea, and periorbital and lid changes associated with periorbital fat atrophy leading to skin tightness, deepening of the eyelid sulcus, eyelid ptosis, enophthalmos and eyelid retraction; and skin discoloration (non-periocular).\n- Pigmentation[see Warnings and Precautions (5.1)]\n- Eyelash Changes[see Warnings and Precautions (5.2)]\n- Intraocular Inflammation[see Warnings and Precautions (5.3)]\n- Macular Edema[see Warnings and Precautions (5.4)]\n- Hypersensitivity[see Contraindications (4)]\n- 8 USE IN SPECIFIC POPULATIONS8.1 PregnancyRisk SummaryThere are no adequate and well-controlled studies of bimatoprost ophthalmic solution 0.03% administration in pregnant women. There is no increase in the risk of major birth defects or miscarriages based on bimatoprost postmarketing experience.In embryofetal developmental studies, administration of bimatoprost in pregnant mice and rats during organogenesis, resulted in abortion and early delivery at oral doses at least 33 times (mice) or 94 times (rats) the human exposure at the recommended clinical dose (based on blood area under the curve [AUC] levels). These adverse effects were not observed at 2.6 times (mice) and 47 times (rats) the human exposure at the recommended clinical dose.In pre/postnatal development studies, administration of bimatoprost to pregnant rats from organogenesis to the end of lactation resulted in reduced gestation length and fetal body weight, and increased fetal and pup mortality at oral doses at least 41 times the human systemic exposure at the recommended clinical dose (based on blood AUC levels).  No adverse effects were observed in rat offspring at exposures estimated at 14 times the human exposure at the recommended clinical dose (based on blood AUC levels).Because animal reproductive studies are not always predictive of human response bimatoprost ophthalmic solution 0.03% should be administered during pregnancy only if the potential benefit justifies the potential risk to the fetus.DataAnimal DataIn an embryofetal development rat study, abortion was observed in pregnant rats administered bimatoprost orally during organogenesis at 0.6 mg/kg/day (94 times the human systemic exposure at the recommended human ophthalmic dose [RHOD], based on AUC). The No Observed Adverse Effect Level (NOAEL) for abortion was 0.3 mg/kg/day (estimated at 47 times the human systemic exposure at the RHOD, based on AUC). No abnormalities were observed in rat fetuses at doses up to 0.6 mg/kg/day.In an embryofetal development mouse study, abortion and early delivery were observed in pregnant mice administered bimatoprost orally during organogenesis at doses greater than or equal to 0.3 mg/kg/day (33 times the human systemic exposure at the RHOD, based on AUC). The NOAEL for abortion and early delivery was 0.1 mg/kg/day (2.6 times the human systemic exposure at the RHOD, based on AUC). No abnormalities were observed in mouse fetuses at doses up to 0.6 mg/kg/day (72 times the human systemic exposure at the RHOD, based on AUC).In a pre/postnatal development study, treatment of pregnant rats with bimatoprost orally from gestation day 7 to lactation day 20 resulted in reduced gestation length, increased late resorptions, fetal deaths, and postnatal pup mortality, and reduced pup body weight at doses greater than or equal to 0.3 mg/kg/day. These effects were observed at exposures at least 41 times the human systemic exposure at the RHOD, based on AUC. The NOAEL for postnatal development and mating performance of the offspring was 0.1 mg/kg/day (estimated at 14 times the human systemic exposure at the RHOD, based on AUC).8.2 LactationRisk SummaryIt is not known whether topical ocular treatment with bimatoprost ophthalmic solution 0.03% could result in sufficient systemic absorption to produce detectable quantities in human milk. In animal studies, bimatoprost has been shown to be present in breast milk of lactating rats at an intravenous dose (i.e., 1 mg/kg) 324 times the RHOD (on a m2g/m basis), however no animal data is available at clinically relevant doses.The developmental and health benefits of breastfeeding should be considered along with the mother’s clinical need for bimatoprost ophthalmic solution, 0.03% and any potential adverse effects on the breastfed child from bimatoprost ophthalmic solution, 0.03%.8.4 Pediatric UseUse in pediatric patients below the age of 16 years is not recommended because of potential safety concerns related to increased pigmentation following long-term chronic use.8.5 Geriatric UseNo overall clinical differences in safety or effectiveness have been observed between elderly and other adult patients.\n- 10 OVERDOSAGENo information is available on overdosage in humans. If overdose with bimatoprost ophthalmic solution, 0.03% occurs, treatment should be symptomatic.In oral (by gavage) mouse and rat general toxicity studies, doses up to 100 mg/kg/day did not produce any toxicity. This dose expressed as mg/m2is at least 70 times higher than the accidental dose of one bottle of bimatoprost ophthalmic solution, 0.03% for a 10 kg child.\n- 11 DESCRIPTIONBimatoprost ophthalmic solution 0.03% is a synthetic prostamide analog with ocular hypotensive activity. Its chemical name is (Z)-7-[(1R,2R,3R,5S)-3,5-Dihydroxy-2-[(1E,3S)-3-hydroxy-5-phenyl-1-pentenyl]cyclopentyl]-5-N-ethylheptenamide, and its molecular weight is 415.58. Its molecular formula is C25H37NO4. Its chemical structure is:Bimatoprost is a powder, which is very soluble in ethyl alcohol and methyl alcohol and slightly soluble in water. Bimatoprost ophthalmic solution 0.03% is clear, colorless solution, practically free from particles with an osmolality of approximately 290 mOsmol/kg.Bimatoprost ophthalmic solution 0.03% contains Active: Bimatoprost 0.3 mg/mL; Preservative: benzalkonium chloride 0.05 mg/mL; Inactives: sodium chloride; disodium hydrogen phosphate, heptahydrate, citric acid monohydrate and water for injection. Sodium hydroxide and/or hydrochloric acid may be added to adjust pH. The pH during its shelf life ranges from 6.9 to 7.6.\n- 12 CLINICAL PHARMACOLOGY12.1 Mechanism of ActionBimatoprost, a prostaglandin analog, is a synthetic structural analog of prostaglandin with ocular hypotensive activity. It selectively mimics the effects of naturally occurring substances, prostamides. Bimatoprost is believed to lower intraocular pressure (IOP) in humans by increasing outflow of aqueous humor through both the trabecular meshwork and uveoscleral routes. Elevated IOP presents a major risk factor for glaucomatous field loss. The higher the level of IOP, the greater the likelihood of optic nerve damage and visual field loss.12.3 PharmacokineticsAbsorptionAfter one drop of bimatoprost ophthalmic solution 0.03% was administered once daily to both eyes of 15 healthy subjects for two weeks, blood concentrations peaked within 10 minutes after dosing and were below the lower limit of detection (0.025 ng/mL) in most subjects within 1.5 hours after dosing. Mean Cmaxand AUC0 to 24hrvalues were similar on days 7 and 14 at approximately 0.08 ng/mL and 0.09 ng•hr/mL, respectively, indicating that steady state was reached during the first week of ocular dosing. There was no significant systemic drug accumulation over time.DistributionBimatoprost is moderately distributed into body tissues with a steady-state volume of distribution of 0.67 L/kg. In human blood, bimatoprost resides mainly in the plasma. Approximately 12% of bimatoprost remains unbound in human plasma.EliminationMetabolismBimatoprost is the major circulating species in the blood once it reaches the systemic circulation following ocular dosing. Bimatoprost then undergoes oxidation, N-deethylation and glucuronidation to form a diverse variety of metabolites.ExcretionFollowing an intravenous dose of radiolabeled bimatoprost (3.12 mcg/kg) to six healthy subjects, the maximum blood concentration of unchanged drug was 12.2 ng/mL and decreased rapidly with an elimination half-life of approximately 45 minutes. The total blood clearance of bimatoprost was 1.5 L/hr/kg. Up to 67% of the administered dose was excreted in the urine while 25% of the dose was recovered in the feces.\n- 13 NONCLINICAL TOXICOLOGY13.1 Carcinogenesis, Mutagenesis, Impairment of FertilityCarcinogenesisBimatoprost was not carcinogenic in either mice or rats when administered by oral gavage for 104 weeks at doses of up to 2 mg/kg/day and 1 mg/kg/day respectively (at least 192 and 291 times the human systemic exposure at the RHOD, respectively, based on blood AUC levels).MutagenesisBimatoprost was not mutagenic or clastogenic in the Ames test, in the mouse lymphoma test, or in thein vivomouse micronucleus tests.Impairment of FertilityBimatoprost did not impair fertility in male or female rats at doses up to 0.6 mg/kg/day (at least 103 times the human systemic exposure at the RHOD, based on blood AUC levels).\n- 14 CLINICAL STUDIESIn clinical studies of patients with open angle glaucoma or ocular hypertension with a mean baseline IOP of 26 mmHg, the IOP-lowering effect of bimatoprost ophthalmic solution, 0.03%  once daily (in the evening) was 7 to 8 mmHg.\n- 16 HOW SUPPLIED/STORAGE AND HANDLINGBimatoprost ophthalmic solution 0.03% is supplied sterile in white low density polyethylene 3 piece open nozzle container with cone shape, turquoise color TSTR- TEAR OFF caps available in following packs:2.5 mL fill in 5 mL    NDC 42571-128-355 mL fill in 10 mL     NDC 42571-128-217.5 mL fill in 10 mL  NDC 42571-128-28Storage:Store at 2° to 25°C (36° to 77°F). After opening, bimatoprost ophthalmic solution 0.03% can be used until the expiration date printed on the bottle.\n- 17 PATIENT COUNSELING INFORMATIONPotential for PigmentationAdvise patients about the potential for increased brown pigmentation of the iris, which may be permanent. Also inform patients about the possibility of eyelid skin darkening, which may be reversible after discontinuation of bimatoprost ophthalmic solution 0.03%.Potential for Eyelash ChangesInform patients of the possibility of eyelash and vellus hair changes in the treated eye during treatment with bimatoprost ophthalmic solution 0.03%. These changes may result in a disparity between eyes in length, thickness, pigmentation, number of eyelashes or vellus hairs, and/or direction of eyelash growth. Eyelash changes are usually reversible upon discontinuation of treatment.Handling the ContainerInstruct patients to avoid allowing the tip of the dispensing container to contact the eye, surrounding structures, fingers, or any other surface in order to avoid contamination of the solution by common bacteria known to cause ocular infections. Serious damage to the eye and subsequent loss of vision may result from using contaminated solutions.When to Seek Physician AdviceAdvise patients that if they develop an intercurrent ocular condition (e.g., trauma or infection), have ocular surgery, or develop any ocular reactions, particularly conjunctivitis and eyelid reactions, they should immediately seek their physician’s advice concerning the continued use of bimatoprost ophthalmic solution 0.03%.Contact Lens UseAdvise patients that bimatoprost ophthalmic solution 0.03% contains benzalkonium chloride, which may be absorbed by soft contact lenses. Contact lenses should be removed prior to instillation of bimatoprost ophthalmic solution 0.03% and may be reinserted 15 minutes following its administration.Use with Other Ophthalmic DrugsAdvise patients that if more than one topical ophthalmic drug is being used, the drugs should be administered at least five (5) minutes between applications.Manufactured by:Micro Labs LimitedBangalore-560099, INDIA.Manufactured for:Micro Labs USA, Inc.Somerset, NJ 08873Rev: 01/2023\n- INSTRUCTIONS FOR USE:Bimatoprost Ophthalmic Solution 0.03%Before you use Bimatoprost Ophthalmic Solution 0.03% for the first time:1. Check to make sure that the tamper evident ring between the bottle and the cap is not broken (See Figure A). If the tamper evident ring is broken or missing, contact your pharmacist.2. Tear off the tamper evident ring (See Figure B).3. To open the bottle, remove the cap by turning it in the counterclockwise direction (See Figure C).This Instructions for Use has been approved by the U.S. Food and Drug Administration.Manufactured by:Micro Labs LimitedBangalore-560099, INDIA.Manufactured for:Micro Labs USA, Inc.Somerset, NJ 08873Rev.01/2023\n- PACKAGE LABEL.PRINCIPAL DISPLAY PANELNDC 42571-128-35Rx OnlyBimatoprost Ophthalmic Solution 0.03%For Use in the Eyes Only2.5 mLMicro Labs LogoNDC 42571-128-35Bimatoprost Ophthalmic Solution 0.03%For Use in the Eyes OnlyRx Only2.5 mLSterileMicro Labs LogoNDC 42571-128-21Rx OnlyBimatoprost Ophthalmic Solution 0.03%For Use in the Eyes Only5 mLMicro Labs LogoNDC 42571-128-21Bimatoprost Ophthalmic Solution 0.03%For Use in the Eyes OnlyRx Only5 mLSterileMicro Labs LogoNDC 42571-128-28Rx OnlyBimatoprost Ophthalmic Solution 0.03%For Use in the Eyes Only7.5 mLMicro Labs LogoNDC 42571-128-28Bimatoprost Ophthalmic Solution 0.03%For Use in the Eyes OnlyRx Only7.5 mLSterileMicro Labs Logo\n- INGREDIENTS AND APPEARANCEBIMATOPROSTbimatoprost solution/ dropsProduct InformationProduct TypeHUMAN PRESCRIPTION DRUGItem Code (Source)NDC:42571-128Route of AdministrationOPHTHALMICActive Ingredient/Active MoietyIngredient NameBasis of StrengthStrengthBIMATOPROST(UNII: QXS94885MZ)  (BIMATOPROST - UNII:QXS94885MZ)BIMATOPROST0.3 mg  in 1 mLInactive IngredientsIngredient NameStrengthSODIUM CHLORIDE(UNII: 451W47IQ8X)SODIUM PHOSPHATE, DIBASIC, HEPTAHYDRATE(UNII: 70WT22SF4B)CITRIC ACID MONOHYDRATE(UNII: 2968PHW8QP)WATER(UNII: 059QF0KO0R)SODIUM HYDROXIDE(UNII: 55X04QC32I)HYDROCHLORIC ACID(UNII: QTT17582CB)BENZALKONIUM CHLORIDE(UNII: F5UM2KM3W7)Packaging#Item CodePackage DescriptionMarketing Start DateMarketing End Date1NDC:42571-128-351  in 1 CARTON03/15/202112.5 mL in 1 BOTTLE; Type 0: Not a Combination Product2NDC:42571-128-211  in 1 CARTON03/15/202125 mL in 1 BOTTLE; Type 0: Not a Combination Product3NDC:42571-128-281  in 1 CARTON03/15/202137.5 mL in 1 BOTTLE; Type 0: Not a Combination ProductMarketing InformationMarketing CategoryApplication Number or Monograph CitationMarketing Start DateMarketing End DateANDAANDA20250503/15/2021Labeler -Micro Labs Limited\n\t\t\t\t\t\t\t(862174955)EstablishmentNameAddressID/FEIBusiness OperationsMicro Labs Limited677600482analysis(42571-128) , label(42571-128) , manufacture(42571-128) , pack(42571-128)\n\nSee 17 for PATIENT COUNSELING INFORMATION.\n\nRevised: 1/2023\n\nBimatoprost ophthalmic solution 0.03% is indicated for the reduction of elevated intraocular pressure in patients with open angle glaucoma or ocular hypertension.\n\nThe recommended dosage is one drop in the affected eye(s) once daily in the evening. Bimatoprost ophthalmic solution 0.03%  should not be administered more than once daily since it has been shown that more frequent administration of prostaglandin analogs may decrease the intraocular pressure lowering effect.\n\nReduction of the intraocular pressure starts approximately 4 hours after the first administration with maximum effect reached within approximately 8 to 12 hours.\n\nBimatoprost ophthalmic solution 0.03% may be used concomitantly with other topical ophthalmic drug products to lower intraocular pressure. If more than one topical ophthalmic drug is being used, the drugs should be administered at least five (5) minutes apart.\n\nOphthalmic solution containing bimatoprost 0.3 mg/mL.\n\nBimatoprost ophthalmic solution 0.03% is contraindicated in patients with hypersensitivity to bimatoprost or to any of the ingredients[see Adverse Reactions (6.2)].\n\nBimatoprost ophthalmic solution has been reported to cause changes to pigmented tissues. The most frequently reported changes have been increased pigmentation of the iris, periorbital tissue (eyelid) and eyelashes. Pigmentation is expected to increase as long as bimatoprost is administered. The pigmentation change is due to increased melanin content in the melanocytes rather than to an increase in the number of melanocytes. After discontinuation of bimatoprost, pigmentation of the iris is likely to be permanent, while pigmentation of the periorbital tissue and eyelash changes have been reported to be reversible in some patients. Patients who receive treatment should be informed of the possibility of increased pigmentation. The long term effects of increased pigmentation are not known.\n\nIris color change may not be noticeable for several months to years. Typically, the brown pigmentation around the pupil spreads concentrically towards the periphery of the iris and the entire iris or parts of the iris become more brownish. Neither nevi nor freckles of the iris appear to be affected by treatment. While treatment with bimatoprost ophthalmic solution 0.03% can be continued in patients who develop noticeably increased iris pigmentation, these patients should be examined regularly.\n\nBimatoprost ophthalmic solution 0.03% may gradually change eyelashes and vellus hair in the treated eye. These changes include increased length, thickness, and number of lashes. Eyelash changes are usually reversible upon discontinuation of treatment.\n\nProstaglandin analogs, including bimatoprost, have been reported to cause intraocular inflammation. In addition, because these products may exacerbate inflammation, caution should be used in patients with active intraocular inflammation (e.g., uveitis).\n\nMacular edema, including cystoid macular edema, has been reported during treatment with bimatoprost ophthalmic solution. Bimatoprost ophthalmic solution 0.03% should be used with caution in aphakic patients, in pseudophakic patients with a torn posterior lens capsule, or in patients with known risk factors for macular edema.\n\nThere have been reports of bacterial keratitis associated with the use of multiple-dose containers of topical ophthalmic products. These containers had been inadvertently contaminated by patients who, in most cases, had a concurrent corneal disease or a disruption of the ocular epithelial surface.\n\nBimatoprost ophthalmic solution 0.03% contains benzalkonium chloride, which may be absorbed by and cause discoloration of soft contact lenses. Contact lenses should be removed prior to instillation of bimatoprost ophthalmic solution 0.03% and may be reinserted 15 minutes following its administration.\n\nThe following adverse reactions are described elsewhere in the labeling:\n\n- Pigmentation[see Warnings and Precautions (5.1)]\n- Eyelash Changes[see Warnings and Precautions (5.2)]\n- Intraocular Inflammation[see Warnings and Precautions (5.3)]\n- Macular Edema[see Warnings and Precautions (5.4)]\n- Hypersensitivity[see Contraindications (4)]\n\nBecause clinical trials are conducted under widely varying conditions, adverse reaction rates observed in the clinical trials of a drug cannot be directly compared to rates in the clinical trials of another drug and may not reflect the rates observed in practice.\n\nIn clinical trials, the most frequent events associated with the use of bimatoprost ophthalmic solution, 0.03% occurring in approximately 15% to 45% of patients, in descending order of incidence, included conjunctival hyperemia, growth of eyelashes, and ocular pruritus. Approximately 3% of patients discontinued therapy due to conjunctival hyperemia.\n\nOcular adverse events occurring in approximately 3 to 10% of patients, in descending order of incidence, included ocular dryness, visual disturbance, ocular burning, foreign body sensation, eye pain, pigmentation of the periocular skin, blepharitis, cataract, superficial punctate keratitis, periorbital erythema, ocular irritation, and eyelash darkening. The following ocular adverse events reported in approximately 1 to 3% of patients, in descending order of incidence, included: eye discharge, tearing, photophobia, allergic conjunctivitis, asthenopia, increases in iris pigmentation, and conjunctival edema. In less than 1% of patients, intraocular inflammation was reported as iritis.\n\nSystemic adverse events reported in approximately 10% of patients were infections (primarily colds and upper respiratory tract infections). The following systemic adverse events reported in approximately 1 to 5% of patients, in descending order of incidence, included headaches, abnormal liver function tests, asthenia and hirsutism.\n\nThe following adverse reactions have been identified during postapproval use of bimatoprost ophthalmic solution 0.03%. Because these reactions are reported voluntarily from a population of uncertain size, it is not always possible to reliably estimate their frequency or establish a causal relationship to drug exposure. The reactions, which have been chosen for inclusion due to either their seriousness, frequency of reporting, possible causal connection to bimatoprost ophthalmic solution 0.03%, or a combination of these factors, include: abnormal hair growth, asthma-like symptoms, dizziness, dyspnea, eyelid edema, hypersensitivity reaction including signs and symptoms of eye allergy and allergic dermatitis, hypertension, nausea, and periorbital and lid changes associated with periorbital fat atrophy leading to skin tightness, deepening of the eyelid sulcus, eyelid ptosis, enophthalmos and eyelid retraction; and skin discoloration (non-periocular).\n\nRisk Summary\n\nThere are no adequate and well-controlled studies of bimatoprost ophthalmic solution 0.03% administration in pregnant women. There is no increase in the risk of major birth defects or miscarriages based on bimatoprost postmarketing experience.\n\nIn embryofetal developmental studies, administration of bimatoprost in pregnant mice and rats during organogenesis, resulted in abortion and early delivery at oral doses at least 33 times (mice) or 94 times (rats) the human exposure at the recommended clinical dose (based on blood area under the curve [AUC] levels). These adverse effects were not observed at 2.6 times (mice) and 47 times (rats) the human exposure at the recommended clinical dose.\n\nIn pre/postnatal development studies, administration of bimatoprost to pregnant rats from organogenesis to the end of lactation resulted in reduced gestation length and fetal body weight, and increased fetal and pup mortality at oral doses at least 41 times the human systemic exposure at the recommended clinical dose (based on blood AUC levels).  No adverse effects were observed in rat offspring at exposures estimated at 14 times the human exposure at the recommended clinical dose (based on blood AUC levels).\n\nBecause animal reproductive studies are not always predictive of human response bimatoprost ophthalmic solution 0.03% should be administered during pregnancy only if the potential benefit justifies the potential risk to the fetus.\n\nData\n\nAnimal Data\n\nIn an embryofetal development rat study, abortion was observed in pregnant rats administered bimatoprost orally during organogenesis at 0.6 mg/kg/day (94 times the human systemic exposure at the recommended human ophthalmic dose [RHOD], based on AUC). The No Observed Adverse Effect Level (NOAEL) for abortion was 0.3 mg/kg/day (estimated at 47 times the human systemic exposure at the RHOD, based on AUC). No abnormalities were observed in rat fetuses at doses up to 0.6 mg/kg/day.\n\nIn an embryofetal development mouse study, abortion and early delivery were observed in pregnant mice administered bimatoprost orally during organogenesis at doses greater than or equal to 0.3 mg/kg/day (33 times the human systemic exposure at the RHOD, based on AUC). The NOAEL for abortion and early delivery was 0.1 mg/kg/day (2.6 times the human systemic exposure at the RHOD, based on AUC). No abnormalities were observed in mouse fetuses at doses up to 0.6 mg/kg/day (72 times the human systemic exposure at the RHOD, based on AUC).\n\nIn a pre/postnatal development study, treatment of pregnant rats with bimatoprost orally from gestation day 7 to lactation day 20 resulted in reduced gestation length, increased late resorptions, fetal deaths, and postnatal pup mortality, and reduced pup body weight at doses greater than or equal to 0.3 mg/kg/day. These effects were observed at exposures at least 41 times the human systemic exposure at the RHOD, based on AUC. The NOAEL for postnatal development and mating performance of the offspring was 0.1 mg/kg/day (estimated at 14 times the human systemic exposure at the RHOD, based on AUC).\n\nRisk Summary\n\nIt is not known whether topical ocular treatment with bimatoprost ophthalmic solution 0.03% could result in sufficient systemic absorption to produce detectable quantities in human milk. In animal studies, bimatoprost has been shown to be present in breast milk of lactating rats at an intravenous dose (i.e., 1 mg/kg) 324 times the RHOD (on a m2g/m basis), however no animal data is available at clinically relevant doses.The developmental and health benefits of breastfeeding should be considered along with the mother’s clinical need for bimatoprost ophthalmic solution, 0.03% and any potential adverse effects on the breastfed child from bimatoprost ophthalmic solution, 0.03%.\n\nUse in pediatric patients below the age of 16 years is not recommended because of potential safety concerns related to increased pigmentation following long-term chronic use.\n\nNo overall clinical differences in safety or effectiveness have been observed between elderly and other adult patients.\n\nNo information is available on overdosage in humans. If overdose with bimatoprost ophthalmic solution, 0.03% occurs, treatment should be symptomatic.\n\nIn oral (by gavage) mouse and rat general toxicity studies, doses up to 100 mg/kg/day did not produce any toxicity. This dose expressed as mg/m2is at least 70 times higher than the accidental dose of one bottle of bimatoprost ophthalmic solution, 0.03% for a 10 kg child.\n\nBimatoprost ophthalmic solution 0.03% is a synthetic prostamide analog with ocular hypotensive activity. Its chemical name is (Z)-7-[(1R,2R,3R,5S)-3,5-Dihydroxy-2-[(1E,3S)-3-hydroxy-5-phenyl-1-pentenyl]cyclopentyl]-5-N-ethylheptenamide, and its molecular weight is 415.58. Its molecular formula is C25H37NO4. Its chemical structure is:\n\nBimatoprost is a powder, which is very soluble in ethyl alcohol and methyl alcohol and slightly soluble in water. Bimatoprost ophthalmic solution 0.03% is clear, colorless solution, practically free from particles with an osmolality of approximately 290 mOsmol/kg.\n\nBimatoprost ophthalmic solution 0.03% contains Active: Bimatoprost 0.3 mg/mL; Preservative: benzalkonium chloride 0.05 mg/mL; Inactives: sodium chloride; disodium hydrogen phosphate, heptahydrate, citric acid monohydrate and water for injection. Sodium hydroxide and/or hydrochloric acid may be added to adjust pH. The pH during its shelf life ranges from 6.9 to 7.6.\n\nBimatoprost, a prostaglandin analog, is a synthetic structural analog of prostaglandin with ocular hypotensive activity. It selectively mimics the effects of naturally occurring substances, prostamides. Bimatoprost is believed to lower intraocular pressure (IOP) in humans by increasing outflow of aqueous humor through both the trabecular meshwork and uveoscleral routes. Elevated IOP presents a major risk factor for glaucomatous field loss. The higher the level of IOP, the greater the likelihood of optic nerve damage and visual field loss.\n\nAbsorption\n\nAfter one drop of bimatoprost ophthalmic solution 0.03% was administered once daily to both eyes of 15 healthy subjects for two weeks, blood concentrations peaked within 10 minutes after dosing and were below the lower limit of detection (0.025 ng/mL) in most subjects within 1.5 hours after dosing. Mean Cmaxand AUC0 to 24hrvalues were similar on days 7 and 14 at approximately 0.08 ng/mL and 0.09 ng•hr/mL, respectively, indicating that steady state was reached during the first week of ocular dosing. There was no significant systemic drug accumulation over time.\n\nDistribution\n\nBimatoprost is moderately distributed into body tissues with a steady-state volume of distribution of 0.67 L/kg. In human blood, bimatoprost resides mainly in the plasma. Approximately 12% of bimatoprost remains unbound in human plasma.\n\nElimination\n\nMetabolism\n\nBimatoprost is the major circulating species in the blood once it reaches the systemic circulation following ocular dosing. Bimatoprost then undergoes oxidation, N-deethylation and glucuronidation to form a diverse variety of metabolites.\n\nExcretion\n\nFollowing an intravenous dose of radiolabeled bimatoprost (3.12 mcg/kg) to six healthy subjects, the maximum blood concentration of unchanged drug was 12.2 ng/mL and decreased rapidly with an elimination half-life of approximately 45 minutes. The total blood clearance of bimatoprost was 1.5 L/hr/kg. Up to 67% of the administered dose was excreted in the urine while 25% of the dose was recovered in the feces.\n\nCarcinogenesis\n\nBimatoprost was not carcinogenic in either mice or rats when administered by oral gavage for 104 weeks at doses of up to 2 mg/kg/day and 1 mg/kg/day respectively (at least 192 and 291 times the human systemic exposure at the RHOD, respectively, based on blood AUC levels).\n\nMutagenesis\n\nBimatoprost was not mutagenic or clastogenic in the Ames test, in the mouse lymphoma test, or in thein vivomouse micronucleus tests.\n\nImpairment of Fertility\n\nBimatoprost did not impair fertility in male or female rats at doses up to 0.6 mg/kg/day (at least 103 times the human systemic exposure at the RHOD, based on blood AUC levels).\n\nIn clinical studies of patients with open angle glaucoma or ocular hypertension with a mean baseline IOP of 26 mmHg, the IOP-lowering effect of bimatoprost ophthalmic solution, 0.03%  once daily (in the evening) was 7 to 8 mmHg.\n\nBimatoprost ophthalmic solution 0.03% is supplied sterile in white low density polyethylene 3 piece open nozzle container with cone shape, turquoise color TSTR- TEAR OFF caps available in following packs:\n\n2.5 mL fill in 5 mL    NDC 42571-128-35\n\n5 mL fill in 10 mL     NDC 42571-128-21\n\n7.5 mL fill in 10 mL  NDC 42571-128-28\n\nStorage:Store at 2° to 25°C (36° to 77°F). After opening, bimatoprost ophthalmic solution 0.03% can be used until the expiration date printed on the bottle.\n\nPotential for Pigmentation\n\nAdvise patients about the potential for increased brown pigmentation of the iris, which may be permanent. Also inform patients about the possibility of eyelid skin darkening, which may be reversible after discontinuation of bimatoprost ophthalmic solution 0.03%.\n\nPotential for Eyelash Changes\n\nInform patients of the possibility of eyelash and vellus hair changes in the treated eye during treatment with bimatoprost ophthalmic solution 0.03%. These changes may result in a disparity between eyes in length, thickness, pigmentation, number of eyelashes or vellus hairs, and/or direction of eyelash growth. Eyelash changes are usually reversible upon discontinuation of treatment.\n\nHandling the Container\n\nInstruct patients to avoid allowing the tip of the dispensing container to contact the eye, surrounding structures, fingers, or any other surface in order to avoid contamination of the solution by common bacteria known to cause ocular infections. Serious damage to the eye and subsequent loss of vision may result from using contaminated solutions.\n\nWhen to Seek Physician Advice\n\nAdvise patients that if they develop an intercurrent ocular condition (e.g., trauma or infection), have ocular surgery, or develop any ocular reactions, particularly conjunctivitis and eyelid reactions, they should immediately seek their physician’s advice concerning the continued use of bimatoprost ophthalmic solution 0.03%.\n\nContact Lens Use\n\nAdvise patients that bimatoprost ophthalmic solution 0.03% contains benzalkonium chloride, which may be absorbed by soft contact lenses. Contact lenses should be removed prior to instillation of bimatoprost ophthalmic solution 0.03% and may be reinserted 15 minutes following its administration.\n\nUse with Other Ophthalmic Drugs\n\nAdvise patients that if more than one topical ophthalmic drug is being used, the drugs should be administered at least five (5) minutes between applications.\n\nManufactured by:Micro Labs LimitedBangalore-560099, INDIA.Manufactured for:Micro Labs USA, Inc.Somerset, NJ 08873Rev: 01/2023\n\nBimatoprost Ophthalmic Solution 0.03%Before you use Bimatoprost Ophthalmic Solution 0.03% for the first time:1. Check to make sure that the tamper evident ring between the bottle and the cap is not broken (See Figure A). If the tamper evident ring is broken or missing, contact your pharmacist.\n\n2. Tear off the tamper evident ring (See Figure B).\n\n3. To open the bottle, remove the cap by turning it in the counterclockwise direction (See Figure C).\n\nThis Instructions for Use has been approved by the U.S. Food and Drug Administration.Manufactured by:Micro Labs LimitedBangalore-560099, INDIA.Manufactured for:Micro Labs USA, Inc.Somerset, NJ 08873Rev.01/2023\n\nNDC 42571-128-35Rx OnlyBimatoprost Ophthalmic Solution 0.03%For Use in the Eyes Only2.5 mLMicro Labs Logo\n\nNDC 42571-128-35Bimatoprost Ophthalmic Solution 0.03%For Use in the Eyes OnlyRx Only2.5 mLSterileMicro Labs Logo\n\nNDC 42571-128-21Rx OnlyBimatoprost Ophthalmic Solution 0.03%For Use in the Eyes Only5 mLMicro Labs Logo\n\nNDC 42571-128-21Bimatoprost Ophthalmic Solution 0.03%For Use in the Eyes OnlyRx Only5 mLSterileMicro Labs Logo\n\nNDC 42571-128-28Rx OnlyBimatoprost Ophthalmic Solution 0.03%For Use in the Eyes Only7.5 mLMicro Labs Logo\n\nNDC 42571-128-28Bimatoprost Ophthalmic Solution 0.03%For Use in the Eyes OnlyRx Only7.5 mLSterileMicro Labs Logo\n\nBIMATOPROSTbimatoprost solution/ drops\nProduct InformationProduct TypeHUMAN PRESCRIPTION DRUGItem Code (Source)NDC:42571-128Route of AdministrationOPHTHALMIC | Product Information | Product Type | HUMAN PRESCRIPTION DRUG | Item Code (Source) | NDC:42571-128 | Route of Administration | OPHTHALMIC\nProduct Information\nProduct Type | HUMAN PRESCRIPTION DRUG | Item Code (Source) | NDC:42571-128\nRoute of Administration | OPHTHALMIC\nActive Ingredient/Active MoietyIngredient NameBasis of StrengthStrengthBIMATOPROST(UNII: QXS94885MZ)  (BIMATOPROST - UNII:QXS94885MZ)BIMATOPROST0.3 mg  in 1 mL | Active Ingredient/Active Moiety | Ingredient Name | Basis of Strength | Strength | BIMATOPROST(UNII: QXS94885MZ)  (BIMATOPROST - UNII:QXS94885MZ) | BIMATOPROST | 0.3 mg  in 1 mL\nActive Ingredient/Active Moiety\nIngredient Name | Basis of Strength | Strength\nBIMATOPROST(UNII: QXS94885MZ)  (BIMATOPROST - UNII:QXS94885MZ) | BIMATOPROST | 0.3 mg  in 1 mL\nInactive IngredientsIngredient NameStrengthSODIUM CHLORIDE(UNII: 451W47IQ8X)SODIUM PHOSPHATE, DIBASIC, HEPTAHYDRATE(UNII: 70WT22SF4B)CITRIC ACID MONOHYDRATE(UNII: 2968PHW8QP)WATER(UNII: 059QF0KO0R)SODIUM HYDROXIDE(UNII: 55X04QC32I)HYDROCHLORIC ACID(UNII: QTT17582CB)BENZALKONIUM CHLORIDE(UNII: F5UM2KM3W7) | Inactive Ingredients | Ingredient Name | Strength | SODIUM CHLORIDE(UNII: 451W47IQ8X) |  | SODIUM PHOSPHATE, DIBASIC, HEPTAHYDRATE(UNII: 70WT22SF4B) |  | CITRIC ACID MONOHYDRATE(UNII: 2968PHW8QP) |  | WATER(UNII: 059QF0KO0R) |  | SODIUM HYDROXIDE(UNII: 55X04QC32I) |  | HYDROCHLORIC ACID(UNII: QTT17582CB) |  | BENZALKONIUM CHLORIDE(UNII: F5UM2KM3W7) | \nInactive Ingredients\nIngredient Name | Strength\nSODIUM CHLORIDE(UNII: 451W47IQ8X) | \nSODIUM PHOSPHATE, DIBASIC, HEPTAHYDRATE(UNII: 70WT22SF4B) | \nCITRIC ACID MONOHYDRATE(UNII: 2968PHW8QP) | \nWATER(UNII: 059QF0KO0R) | \nSODIUM HYDROXIDE(UNII: 55X04QC32I) | \nHYDROCHLORIC ACID(UNII: QTT17582CB) | \nBENZALKONIUM CHLORIDE(UNII: F5UM2KM3W7) | \n\nPackaging#Item CodePackage DescriptionMarketing Start DateMarketing End Date1NDC:42571-128-351  in 1 CARTON03/15/202112.5 mL in 1 BOTTLE; Type 0: Not a Combination Product2NDC:42571-128-211  in 1 CARTON03/15/202125 mL in 1 BOTTLE; Type 0: Not a Combination Product3NDC:42571-128-281  in 1 CARTON03/15/202137.5 mL in 1 BOTTLE; Type 0: Not a Combination Product | Packaging | # | Item Code | Package Description | Marketing Start Date | Marketing End Date | 1 | NDC:42571-128-35 | 1  in 1 CARTON | 03/15/2021 |  | 1 |  | 2.5 mL in 1 BOTTLE; Type 0: Not a Combination Product |  |  | 2 | NDC:42571-128-21 | 1  in 1 CARTON | 03/15/2021 |  | 2 |  | 5 mL in 1 BOTTLE; Type 0: Not a Combination Product |  |  | 3 | NDC:42571-128-28 | 1  in 1 CARTON | 03/15/2021 |  | 3 |  | 7.5 mL in 1 BOTTLE; Type 0: Not a Combination Product |  | \nPackaging\n# | Item Code | Package Description | Marketing Start Date | Marketing End Date\n1 | NDC:42571-128-35 | 1  in 1 CARTON | 03/15/2021 | \n1 |  | 2.5 mL in 1 BOTTLE; Type 0: Not a Combination Product |  | \n2 | NDC:42571-128-21 | 1  in 1 CARTON | 03/15/2021 | \n2 |  | 5 mL in 1 BOTTLE; Type 0: Not a Combination Product |  | \n3 | NDC:42571-128-28 | 1  in 1 CARTON | 03/15/2021 | \n3 |  | 7.5 mL in 1 BOTTLE; Type 0: Not a Combination Product |  | \n\nMarketing InformationMarketing CategoryApplication Number or Monograph CitationMarketing Start DateMarketing End DateANDAANDA20250503/15/2021 | Marketing Information | Marketing Category | Application Number or Monograph Citation | Marketing Start Date | Marketing End Date | ANDA | ANDA202505 | 03/15/2021 | \nMarketing Information\nMarketing Category | Application Number or Monograph Citation | Marketing Start Date | Marketing End Date\nANDA | ANDA202505 | 03/15/2021 | \n\nProduct Information\nProduct Type | HUMAN PRESCRIPTION DRUG | Item Code (Source) | NDC:42571-128\nRoute of Administration | OPHTHALMIC\n\nActive Ingredient/Active Moiety\nIngredient Name | Basis of Strength | Strength\nBIMATOPROST(UNII: QXS94885MZ)  (BIMATOPROST - UNII:QXS94885MZ) | BIMATOPROST | 0.3 mg  in 1 mL\n\nInactive Ingredients\nIngredient Name | Strength\nSODIUM CHLORIDE(UNII: 451W47IQ8X) | \nSODIUM PHOSPHATE, DIBASIC, HEPTAHYDRATE(UNII: 70WT22SF4B) | \nCITRIC ACID MONOHYDRATE(UNII: 2968PHW8QP) | \nWATER(UNII: 059QF0KO0R) | \nSODIUM HYDROXIDE(UNII: 55X04QC32I) | \nHYDROCHLORIC ACID(UNII: QTT17582CB) | \nBENZALKONIUM CHLORIDE(UNII: F5UM2KM3W7) | \n\nPackaging\n# | Item Code | Package Description | Marketing Start Date | Marketing End Date\n1 | NDC:42571-128-35 | 1  in 1 CARTON | 03/15/2021 | \n1 |  | 2.5 mL in 1 BOTTLE; Type 0: Not a Combination Product |  | \n2 | NDC:42571-128-21 | 1  in 1 CARTON | 03/15/2021 | \n2 |  | 5 mL in 1 BOTTLE; Type 0: Not a Combination Product |  | \n3 | NDC:42571-128-28 | 1  in 1 CARTON | 03/15/2021 | \n3 |  | 7.5 mL in 1 BOTTLE; Type 0: Not a Combination Product |  | \n\nMarketing Information\nMarketing Category | Application Number or Monograph Citation | Marketing Start Date | Marketing End Date\nANDA | ANDA202505 | 03/15/2021 | \n\nLabeler -Micro Labs Limited\n\t\t\t\t\t\t\t(862174955)\n\nEstablishment\nName | Address | ID/FEI | Business Operations\nMicro Labs Limited |  | 677600482 | analysis(42571-128) , label(42571-128) , manufacture(42571-128) , pack(42571-128)\n\n5.1 Pigmentation:\nBimatoprost ophthalmic solution has been reported to cause changes to pigmented tissues. The most frequently reported changes have been increased pigmentation of the iris, periorbital tissue (eyelid) and eyelashes. Pigmentation is expected to increase as long as bimatoprost is administered. The pigmentation change is due to increased melanin content in the melanocytes rather than to an increase in the number of melanocytes. After discontinuation of bimatoprost, pigmentation of the iris is likely to be permanent, while pigmentation of the periorbital tissue and eyelash changes have been reported to be reversible in some patients. Patients who receive treatment should be informed of the possibility of increased pigmentation. The long term effects of increased pigmentation are not known.\n\nIris color change may not be noticeable for several months to years. Typically, the brown pigmentation around the pupil spreads concentrically towards the periphery of the iris and the entire iris or parts of the iris become more brownish. Neither nevi nor freckles of the iris appear to be affected by treatment. While treatment with bimatoprost ophthalmic solution 0.03% can be continued in patients who develop noticeably increased iris pigmentation, these patients should be examined regularly.\n\n5.2 Eyelash Changes:\nBimatoprost ophthalmic solution 0.03% may gradually change eyelashes and vellus hair in the treated eye. These changes include increased length, thickness, and number of lashes. Eyelash changes are usually reversible upon discontinuation of treatment.\n\n5.3 Intraocular Inflammation:\nProstaglandin analogs, including bimatoprost, have been reported to cause intraocular inflammation. In addition, because these products may exacerbate inflammation, caution should be used in patients with active intraocular inflammation (e.g., uveitis).\n\n5.4 Macular Edema:\nMacular edema, including cystoid macular edema, has been reported during treatment with bimatoprost ophthalmic solution. Bimatoprost ophthalmic solution 0.03% should be used with caution in aphakic patients, in pseudophakic patients with a torn posterior lens capsule, or in patients with known risk factors for macular edema.\n\n5.5 Bacterial Keratitis:\nThere have been reports of bacterial keratitis associated with the use of multiple-dose containers of topical ophthalmic products. These containers had been inadvertently contaminated by patients who, in most cases, had a concurrent corneal disease or a disruption of the ocular epithelial surface.\n\n5.6 Contact Lens Use:\nBimatoprost ophthalmic solution 0.03% contains benzalkonium chloride, which may be absorbed by and cause discoloration of soft contact lenses. Contact lenses should be removed prior to instillation of bimatoprost ophthalmic solution 0.03% and may be reinserted 15 minutes following its administration.\n\n6.1 Clinical Trials Experience:\nBecause clinical trials are conducted under widely varying conditions, adverse reaction rates observed in the clinical trials of a drug cannot be directly compared to rates in the clinical trials of another drug and may not reflect the rates observed in practice.\n\nIn clinical trials, the most frequent events associated with the use of bimatoprost ophthalmic solution, 0.03% occurring in approximately 15% to 45% of patients, in descending order of incidence, included conjunctival hyperemia, growth of eyelashes, and ocular pruritus. Approximately 3% of patients discontinued therapy due to conjunctival hyperemia.\n\nOcular adverse events occurring in approximately 3 to 10% of patients, in descending order of incidence, included ocular dryness, visual disturbance, ocular burning, foreign body sensation, eye pain, pigmentation of the periocular skin, blepharitis, cataract, superficial punctate keratitis, periorbital erythema, ocular irritation, and eyelash darkening. The following ocular adverse events reported in approximately 1 to 3% of patients, in descending order of incidence, included: eye discharge, tearing, photophobia, allergic conjunctivitis, asthenopia, increases in iris pigmentation, and conjunctival edema. In less than 1% of patients, intraocular inflammation was reported as iritis.\n\nSystemic adverse events reported in approximately 10% of patients were infections (primarily colds and upper respiratory tract infections). The following systemic adverse events reported in approximately 1 to 5% of patients, in descending order of incidence, included headaches, abnormal liver function tests, asthenia and hirsutism.\n\n6.2 Postmarketing Experience:\nThe following adverse reactions have been identified during postapproval use of bimatoprost ophthalmic solution 0.03%. Because these reactions are reported voluntarily from a population of uncertain size, it is not always possible to reliably estimate their frequency or establish a causal relationship to drug exposure. The reactions, which have been chosen for inclusion due to either their seriousness, frequency of reporting, possible causal connection to bimatoprost ophthalmic solution 0.03%, or a combination of these factors, include: abnormal hair growth, asthma-like symptoms, dizziness, dyspnea, eyelid edema, hypersensitivity reaction including signs and symptoms of eye allergy and allergic dermatitis, hypertension, nausea, and periorbital and lid changes associated with periorbital fat atrophy leading to skin tightness, deepening of the eyelid sulcus, eyelid ptosis, enophthalmos and eyelid retraction; and skin discoloration (non-periocular).\n\n8.1 Pregnancy:\nRisk Summary\n\nThere are no adequate and well-controlled studies of bimatoprost ophthalmic solution 0.03% administration in pregnant women. There is no increase in the risk of major birth defects or miscarriages based on bimatoprost postmarketing experience.\n\nIn embryofetal developmental studies, administration of bimatoprost in pregnant mice and rats during organogenesis, resulted in abortion and early delivery at oral doses at least 33 times (mice) or 94 times (rats) the human exposure at the recommended clinical dose (based on blood area under the curve [AUC] levels). These adverse effects were not observed at 2.6 times (mice) and 47 times (rats) the human exposure at the recommended clinical dose.\n\nIn pre/postnatal development studies, administration of bimatoprost to pregnant rats from organogenesis to the end of lactation resulted in reduced gestation length and fetal body weight, and increased fetal and pup mortality at oral doses at least 41 times the human systemic exposure at the recommended clinical dose (based on blood AUC levels).  No adverse effects were observed in rat offspring at exposures estimated at 14 times the human exposure at the recommended clinical dose (based on blood AUC levels).\n\nBecause animal reproductive studies are not always predictive of human response bimatoprost ophthalmic solution 0.03% should be administered during pregnancy only if the potential benefit justifies the potential risk to the fetus.\n\nData\n\nAnimal Data\n\nIn an embryofetal development rat study, abortion was observed in pregnant rats administered bimatoprost orally during organogenesis at 0.6 mg/kg/day (94 times the human systemic exposure at the recommended human ophthalmic dose [RHOD], based on AUC). The No Observed Adverse Effect Level (NOAEL) for abortion was 0.3 mg/kg/day (estimated at 47 times the human systemic exposure at the RHOD, based on AUC). No abnormalities were observed in rat fetuses at doses up to 0.6 mg/kg/day.\n\nIn an embryofetal development mouse study, abortion and early delivery were observed in pregnant mice administered bimatoprost orally during organogenesis at doses greater than or equal to 0.3 mg/kg/day (33 times the human systemic exposure at the RHOD, based on AUC). The NOAEL for abortion and early delivery was 0.1 mg/kg/day (2.6 times the human systemic exposure at the RHOD, based on AUC). No abnormalities were observed in mouse fetuses at doses up to 0.6 mg/kg/day (72 times the human systemic exposure at the RHOD, based on AUC).\n\nIn a pre/postnatal development study, treatment of pregnant rats with bimatoprost orally from gestation day 7 to lactation day 20 resulted in reduced gestation length, increased late resorptions, fetal deaths, and postnatal pup mortality, and reduced pup body weight at doses greater than or equal to 0.3 mg/kg/day. These effects were observed at exposures at least 41 times the human systemic exposure at the RHOD, based on AUC. The NOAEL for postnatal development and mating performance of the offspring was 0.1 mg/kg/day (estimated at 14 times the human systemic exposure at the RHOD, based on AUC).\n\n8.2 Lactation:\nRisk Summary\n\nIt is not known whether topical ocular treatment with bimatoprost ophthalmic solution 0.03% could result in sufficient systemic absorption to produce detectable quantities in human milk. In animal studies, bimatoprost has been shown to be present in breast milk of lactating rats at an intravenous dose (i.e., 1 mg/kg) 324 times the RHOD (on a m2g/m basis), however no animal data is available at clinically relevant doses.The developmental and health benefits of breastfeeding should be considered along with the mother’s clinical need for bimatoprost ophthalmic solution, 0.03% and any potential adverse effects on the breastfed child from bimatoprost ophthalmic solution, 0.03%.\n\n8.4 Pediatric Use:\nUse in pediatric patients below the age of 16 years is not recommended because of potential safety concerns related to increased pigmentation following long-term chronic use.\n\n8.5 Geriatric Use:\nNo overall clinical differences in safety or effectiveness have been observed between elderly and other adult patients.\n\n12.1 Mechanism of Action:\nBimatoprost, a prostaglandin analog, is a synthetic structural analog of prostaglandin with ocular hypotensive activity. It selectively mimics the effects of naturally occurring substances, prostamides. Bimatoprost is believed to lower intraocular pressure (IOP) in humans by increasing outflow of aqueous humor through both the trabecular meshwork and uveoscleral routes. Elevated IOP presents a major risk factor for glaucomatous field loss. The higher the level of IOP, the greater the likelihood of optic nerve damage and visual field loss.\n\n12.3 Pharmacokinetics:\nAbsorption\n\nAfter one drop of bimatoprost ophthalmic solution 0.03% was administered once daily to both eyes of 15 healthy subjects for two weeks, blood concentrations peaked within 10 minutes after dosing and were below the lower limit of detection (0.025 ng/mL) in most subjects within 1.5 hours after dosing. Mean Cmaxand AUC0 to 24hrvalues were similar on days 7 and 14 at approximately 0.08 ng/mL and 0.09 ng•hr/mL, respectively, indicating that steady state was reached during the first week of ocular dosing. There was no significant systemic drug accumulation over time.\n\nDistribution\n\nBimatoprost is moderately distributed into body tissues with a steady-state volume of distribution of 0.67 L/kg. In human blood, bimatoprost resides mainly in the plasma. Approximately 12% of bimatoprost remains unbound in human plasma.\n\nElimination\n\nMetabolism\n\nBimatoprost is the major circulating species in the blood once it reaches the systemic circulation following ocular dosing. Bimatoprost then undergoes oxidation, N-deethylation and glucuronidation to form a diverse variety of metabolites.\n\nExcretion\n\nFollowing an intravenous dose of radiolabeled bimatoprost (3.12 mcg/kg) to six healthy subjects, the maximum blood concentration of unchanged drug was 12.2 ng/mL and decreased rapidly with an elimination half-life of approximately 45 minutes. The total blood clearance of bimatoprost was 1.5 L/hr/kg. Up to 67% of the administered dose was excreted in the urine while 25% of the dose was recovered in the feces.\n\n13.1 Carcinogenesis, Mutagenesis, Impairment of Fertility:\nCarcinogenesis\n\nBimatoprost was not carcinogenic in either mice or rats when administered by oral gavage for 104 weeks at doses of up to 2 mg/kg/day and 1 mg/kg/day respectively (at least 192 and 291 times the human systemic exposure at the RHOD, respectively, based on blood AUC levels).\n\nMutagenesis\n\nBimatoprost was not mutagenic or clastogenic in the Ames test, in the mouse lymphoma test, or in thein vivomouse micronucleus tests.\n\nImpairment of Fertility\n\nBimatoprost did not impair fertility in male or female rats at doses up to 0.6 mg/kg/day (at least 103 times the human systemic exposure at the RHOD, based on blood AUC levels).\n\nSafety:\nReport Adverse\n                        Events,FDA Safety Recalls,Presence in Breast Milk\n\nRelated Resources:\nMedline Plus,Clinical Trials,PubMed,Biochemical Data Summary\n\nMore Info on this Drug:\nView Labeling Archives,RxNorm,Get Label RSS Feed,View NDC Code(s)NEW!\n\nTo receive this label RSS feed:\nCopy the URL below and paste it into your RSS Reader application.https://dailymed.nlm.nih.gov/dailymed/labelrss.cfm?setid=8c021e8a-2938-42a7-a17e-2f7f97256344To receive all DailyMed Updates for the last seven daysCopy the URL below and paste it into your RSS Reader application.https://dailymed.nlm.nih.gov/dailymed/rss.cfmWhat will I get with the DailyMed RSS feed?DailyMed will deliver notification of updates and additions to Drug Label information currently shown on this site through its RSS feed.DailyMed will deliver this notification to your desktop, Web browser, or e-mail depending on the RSS Reader you select to use. To view updated drug label links, paste the RSS feed address (URL) shown below into a RSS reader, or use a browser which supports RSS feeds, such as Safari for Mac OS X.How to discontinue the RSS feedIf you no longer wish to have this DailyMed RSS service, simply delete the copied URL from your RSS Reader.More about getting RSS News & Updates from DailyMed\n\nhttps://dailymed.nlm.nih.gov/dailymed/labelrss.cfm?setid=8c021e8a-2938-42a7-a17e-2f7f97256344\n\nCopy the URL below and paste it into your RSS Reader application.\n\nhttps://dailymed.nlm.nih.gov/dailymed/rss.cfm\n\nDailyMed will deliver notification of updates and additions to Drug Label information currently shown on this site through its RSS feed.\n\nDailyMed will deliver this notification to your desktop, Web browser, or e-mail depending on the RSS Reader you select to use. To view updated drug label links, paste the RSS feed address (URL) shown below into a RSS reader, or use a browser which supports RSS feeds, such as Safari for Mac OS X.\n\nIf you no longer wish to have this DailyMed RSS service, simply delete the copied URL from your RSS Reader.\n\nTo receive all DailyMed Updates for the last seven days:\nCopy the URL below and paste it into your RSS Reader application.\n\nhttps://dailymed.nlm.nih.gov/dailymed/rss.cfm\n\nWhat will I get with the DailyMed RSS feed?:\nDailyMed will deliver notification of updates and additions to Drug Label information currently shown on this site through its RSS feed.\n\nDailyMed will deliver this notification to your desktop, Web browser, or e-mail depending on the RSS Reader you select to use. To view updated drug label links, paste the RSS feed address (URL) shown below into a RSS reader, or use a browser which supports RSS feeds, such as Safari for Mac OS X.\n\nHow to discontinue the RSS feed:\nIf you no longer wish to have this DailyMed RSS service, simply delete the copied URL from your RSS Reader.\n\nWhy is DailyMed no longer displaying pill images on the Search Results and Drug Info pages?:\nDue to inconsistencies between the drug labels on DailyMed and the pill images provided byRxImage, we no longer display the RxImage pill images associated with drug labels.\n\nWe anticipate reposting the images once we are able identify and filter out images that do not match the information provided in the drug labels."
  }
}