{
  "name": "Clindamycin Hydrochloride Capsules, USP",
  "url": "https://www.microlabsusa.com/products/clindamycin-hydrochloride-capsules-usp/",
  "scraped_at": "2024-12-04T11:44:48.973289",
  "prescribing_info": {
    "indications_and_usage": "",
    "dosage_and_administration": "",
    "dosage_forms_and_strengths": "",
    "contraindications": "",
    "warnings_and_precautions": "Clostridioides difficile-associated diarrhea (CDAD) has been reported with use of nearly all antibacterial agents, including clindamycin hydrochloride and may range in severity from mild diarrhea to fatal colitis. Treatment with antibacterial agents alters the normal flora of the colon, leading to overgrowth ofC. difficile.\n\nBecause clindamycin hydrochloride therapy has been associated with severe colitis which may end fatally, it should be reserved for serious infections where less toxic antimicrobial agents are inappropriate, as described in theINDICATIONS AND USAGEsection. It should not be used in patients with nonbacterial infections such as most upper respiratory tract infections.\n\nC. difficileproduces toxins A and B, which contribute to the development of CDAD. Hypertoxin producing strains ofC. difficilecause increased morbidity and mortality, as these infections can be refractory to antimicrobial therapy and may require colectomy. CDAD must be considered in all patients who present with diarrhea following antibiotic use. Careful medical history is necessary since CDAD has been reported to occur over two months after the administration of antibacterial agents.\n\nIf CDAD is suspected or confirmed, ongoing antibiotic use not directed againstC. difficilemay need to be discontinued. Appropriate fluid and electrolyte management, protein supplementation, antibiotic treatment ofC. difficile, and surgical evaluation should be instituted as clinically indicated.",
    "adverse_reactions": "",
    "drug_interactions": "Clindamycin has been shown to have neuromuscular blocking properties that may enhance the action of other neuromuscular blocking agents. Therefore, it should be used with caution in patients receiving such agents.\n\nClindamycin is metabolized predominantly by CYP3A4, and to a lesser extent by CYP3A5, to the major metabolite clindamycin sulfoxide and minor metabolite N-desmethylclindamycin. Therefore, inhibitors of CYP3A4 and CYP3A5 may increase plasma concentrations of clindamycin and inducers of these isoenzymes may reduce plasma concentrations of clindamycin. In the presence of strong CYP3A4 inhibitors, monitor for adverse reactions. In the presence of strong CYP3A4 inducers such as rifampicin, monitor for loss of effectiveness.\n\nIn vitrostudies indicate that clindamycin does not inhibit CYP1A2, CYP2C9, CYP2C19, CYP2E1 or CYP2D6 and only moderately inhibits CYP3A4.",
    "use_in_specific_populations": "",
    "description": "",
    "clinical_pharmacology": "",
    "how_supplied": "",
    "other_information": "View Package Photos:\n- \n- \n- \n\n- \n- \n\nVIEW MORE:\n- \n- \n\n- \n\nSafety:\n- Boxed Warnings\n- Report Adverse Events\n- FDA Safety Recalls\n- Presence in Breast Milk\n\nRelated Resources:\n- Medline Plus\n- Clinical Trials\n- PubMedAll\n                                            CitationsAdverse EffectsTherapeutic UsePharmacologyClinical Trials\n- All\n                                            Citations\n- Adverse Effects\n- Therapeutic Use\n- Pharmacology\n- Clinical Trials\n- Biochemical Data Summary\n\n- All\n                                            Citations\n- Adverse Effects\n- Therapeutic Use\n- Pharmacology\n- Clinical Trials\n\nMore Info For This Drug:\n- View Labeling Archives\n- RxNorm\n- Get Label RSS Feed\n- View NDC Code(s)NEW!\n\nDrug Label Information:\nUpdated\n                    August 4, 2024\n\nIf you are a consumer or patient please visitthis version.\n\n- Download DRUG LABEL INFO:PDFXML\n- Official Label (Printer Friendly)\n\n- SPL UNCLASSIFIED SECTIONTo reduce the development of drug-resistant bacteria and maintain the effectiveness of clindamycin hydrochloride capsules, USP and other antibacterial drugs, clindamycin hydrochloride capsules, USP should be used only to treat or prevent infections that are proven or strongly suspected to be caused by bacteria.\n- BOXED WARNING(What is this?)WARNING\n- DESCRIPTIONClindamycin hydrochloride USP is the hydrated hydrochloride salt of clindamycin. Clindamycin is a semisynthetic antibiotic produced by a 7(S)-chloro-substitution of the 7(R)-hydroxyl group of the parent compound lincomycin.Clindamycin hydrochloride capsules USP contain clindamycin hydrochloride USP equivalent to 75 mg, 150 mg, or 300 mg of clindamycin.Inactive ingredients: corn starch, lactose monohydrate, magnesium stearate and talc.Composition of empty hard gelatin capsule shells:For 75 mg strength-size ‘3’: FD&C Blue 1, D&C Yellow 10, gelatin and water.For 150 mg Strength-Size ‘2’: titanium dioxide, FD&C Blue 1, D&C Yellow 10, gelatin and water.For 300 mg Strength-Size ‘0’: FD&C Blue 1, titanium dioxide, gelatin and water.The empty hard gelatin capsules are printed with TekPrint ™ SW-0012 White Ink.Composition of imprinting ink [TekPrint ™ SW-0012 White Ink] utilized for printing on the capsule shell are presented below:Shellac–NF, Dehydrated alcohol–USP, Isopropyl alcohol–USP, Butyl alcohol–NF, Propylene glycol–USP, Strong ammonia solution–NF, Purified water–USP, Potassium hydroxide–NF, Titanium dioxide USP.The structural formula is represented below:The chemical name for clindamycin hydrochloride is Methyl 7-chloro-6,7,8-trideoxy-6-(1-methyl-trans-4-propyl-L-2-pyrrolidinecarboxamido)-1-thio-L-threo-α-D-galacto-octopyranoside monohydrochloride.\n- CLINICAL PHARMACOLOGYHuman PharmacologyAbsorptionPharmacokinetic studies with a 150 mg oral dose of clindamycin hydrochloride in 24 normal adult volunteers showed that clindamycin was rapidly absorbed after oral administration. An average peak serum concentration of 2.50 mcg/mL was reached in 45 minutes; serum concentrations averaged 1.51 mcg/mL at 3 hours and 0.70 mcg/mL at 6 hours. Absorption of an oral dose is virtually complete (90%), and the concomitant administration of food does not appreciably modify the serum concentrations; serum concentrations have been uniform and predictable from person to person and dose to dose. Pharmacokinetic studies following multiple doses of clindamycin hydrochloride for up to 14 days show no evidence of accumulation or altered metabolism of drug. Doses of up to 2 grams of clindamycin per day for 14 days have been well tolerated by healthy volunteers, except that the incidence of gastrointestinal side effects is greater with the higher doses.DistributionConcentrations of clindamycin in the serum increased linearly with increased dose. Serum concentrations exceed the MIC (minimum inhibitory concentration) for most indicated organisms for at least six hours following administration of the usually recommended doses. Clindamycin is widely distributed in body fluids and tissues (including bones). No significant concentrations of clindamycin are attained in the cerebrospinal fluid, even in the presence of inflamed meninges.MetabolismIn vitrostudies in human liver and intestinal microsomes indicated that clindamycin is predominantly metabolized by Cytochrome P450 3A4 (CYP3A4), with minor contribution from CYP3A5, to form clindamycin sulfoxide and a minor metabolite, N-desmethylclindamycin.ExcretionThe average biological half-life is 2.4 hours. Approximately 10% of the bioactivity is excreted in the urine and 3.6% in the feces; the remainder is excreted as bioinactive metabolites.Specific PopulationsPatients with Renal/Hepatic ImpairmentThe elimination half-life of clindamycin is increased slightly in patients with markedly reduced renal or hepatic function. Hemodialysis and peritoneal dialysis are not effective in removing clindamycin from the serum. Dosage schedules do not need to be modified in patients with renal disease.Geriatric PatientsPharmacokinetic studies in elderly volunteers (61 to 79 years) and younger adults (18 to 39 years) indicate that age alone does not alter clindamycin pharmacokinetics (clearance, elimination half-life, volume of distribution, and area under the serum concentration-time curve) after IV administration of clindamycin phosphate. After oral administration of clindamycin hydrochloride, the average elimination half-life is increased to approximately 4 hours (range 3.4 to 5.1 h) in the elderly compared to 3.2 hours (range 2.1 to 4.2 h) in younger adults. The extent of absorption, however, is not different between age groups and no dosage alteration is necessary for the elderly with normal hepatic function and normal (age-adjusted) renal function1.Obese Pediatric Patients Aged 2 to Less than 18 Years and Obese Adults Aged 18 to 20 YearsAn analysis of pharmacokinetic data in obese pediatric patients aged 2 to less than 18 years and obese adults aged 18 to 20 years demonstrated that clindamycin clearance and volume of distribution, normalized by total body weight, are comparable regardless of obesity.MicrobiologyMechanism of ActionClindamycin inhibits bacterial protein synthesis by binding to the 23S RNA of the 50S subunit of the ribosome. Clindamycin is bacteriostatic.ResistanceResistance to clindamycin is most often caused by modification of specific bases of the 23S ribosomal RNA. Cross-resistance between clindamycin and lincomycin is complete. Because the binding sites for these antibacterial drugs overlap, cross-resistance is sometimes observed among lincosamides, macrolides and streptogramin B.Macrolide-inducible resistance to clindamycin occurs in some isolates of macrolide-resistant bacteria. Macrolide-resistant isolates of staphylococci and beta-hemolytic streptococci should be screened for induction of clindamycin resistance using the D-zone test.Antimicrobial ActivityClindamycin has been shown to be active against most of the isolates of the following microorganisms, bothin vitroand in clinical infections(SeeINDICATIONS AND USAGE):Gram-positive bacteriaStaphylococcus aureus(methicillin-susceptible strains)Streptococcus pneumoniae(penicillin-susceptible strains)Streptococcus pyogenesAnaerobic bacteriaClostridium perfringensFusobacterium necrophorumFusobacterium nucleatumPeptostreptococcus anaerobiusPrevotella melaninogenicaThe followingin vitrodata are available, but their clinical significance is unknown. At least 90 percent of the following bacteria exhibit anin vitrominimum inhibitory concentration (MIC) less than or equal to the susceptible breakpoint for clindamycin against isolates of a similar genus or organism group. However, the efficacy of clindamycin in treating clinical infections due to these bacteria has not been established in adequate and well-controlled clinical trials.Gram-positivebacteriaStaphylococcus epidermidis(methicillin-susceptible strains)Streptococcus agalactiaeStreptococcus anginosusStreptococcus mitisStreptococcus oralisAnaerobic bacteriaActinomyces israeliiClostridium clostridioformeEggerthella lentaFinegoldia (Peptostreptococcus) magnaMicromonas (Peptostreptococcus) microsPrevotella biviaPrevotella intermediaCutibacteriumacnesSusceptibility TestingFor specific information regarding susceptibility test interpretive criteria and associated test methods and quality control standards recognized by FDA for this drug, please see: https://www.fda.gov/STIC.\n- INDICATIONS AND USAGEClindamycin is indicated in the treatment of serious infections caused by susceptible anaerobic bacteria.Clindamycin is also indicated in the treatment of serious infections due to susceptible strains of streptococci, pneumococci, and staphylococci. Its use should be reserved for penicillin-allergic patients or other patients for whom, in the judgment of the physician, a penicillin is inappropriate. Because of the risk of colitis, as described in theBOXED WARNING, before selecting clindamycin, the physician should consider the nature of the infection and the suitability of less toxic alternatives (e.g., erythromycin).Anaerobes:Serious respiratory tract infections such as empyema, anaerobic pneumonitis, and lung abscess; serious skin and soft tissue infections; septicemia; intra-abdominal infections such as peritonitis and intra-abdominal abscess (typically resulting from anaerobic organisms resident in the normal gastrointestinal tract); infections of the female pelvis and genital tract such as endometritis, nongonococcal tubo-ovarian abscess, pelvic cellulitis, and postsurgical vaginal cuff infection.Streptococci:Serious respiratory tract infections; serious skin and soft tissue infections.Staphylococci:Serious respiratory tract infections; serious skin and soft tissue infections.Pneumococci:Serious respiratory tract infections.Bacteriologic studies should be performed to determine the causative organisms and their susceptibility to clindamycin.To reduce the development of drug-resistant bacteria and maintain the effectiveness of clindamycin hydrochloride capsules USP and other antibacterial drugs, clindamycin hydrochloride capsules USP should be used only to treat or prevent infections that are proven or strongly suspected to be caused by susceptible bacteria. When culture and susceptibility information are available, they should be considered in selecting or modifying antibacterial therapy. In the absence of such data, local epidemiology and susceptibility patterns may contribute to the empiric selection of therapy.\n- CONTRAINDICATIONSClindamycin hydrochloride is contraindicated in individuals with a history of hypersensitivity to preparations containing clindamycin or lincomycin.\n- WARNINGSSeeBOXED WARNINGClostridioides difficile-Associated DiarrheaClostridioides difficile-associated diarrhea (CDAD) has been reported with use of nearly all antibacterial agents, including clindamycin hydrochloride, and may range in severity from mild diarrhea to fatal colitis. Treatment with antibacterial agents alters the normal flora of the colon, leading to overgrowth ofC. difficile.C. difficileproduces toxins A and B, which contribute to the development of CDAD. Hypertoxin producing strains ofC. difficilecause increased morbidity and mortality, as these infections can be refractory to antimicrobial therapy and may require colectomy. CDAD must be considered in all patients who present with diarrhea following antibiotic use. Careful medical history is necessary since CDAD has been reported to occur over two months after the administration of antibacterial agents.If CDAD is suspected or confirmed, ongoing antibiotic use not directed againstC. difficilemay need to be discontinued. Appropriate fluid and electrolyte management, protein supplementation, antibiotic treatment ofC. difficile, and surgical evaluation should be instituted as clinically indicated.Anaphylactic and Severe Hypersensitivity ReactionsAnaphylactic shock and anaphylactic reactions have been reported (SeeADVERSE REACTIONS).Severe hypersensitivity reactions, including severe skin reactions such as toxic epidermal necrolysis (TEN), drug reaction with eosinophilia and systemic symptoms (DRESS), and Stevens-Johnson syndrome (SJS), some with fatal outcome, have been reported (SeeADVERSE REACTIONS).In case of such an anaphylactic or severe hypersensitivity reaction, discontinue treatment permanently and institute appropriate therapy.A careful inquiry should be made concerning previous sensitivities to drugs and other allergens.NephrotoxicityClindamycin is potentially nephrotoxic and cases with acute kidney injury have been reported. Consider monitoring of renal function particularly in patients with pre-existing renal dysfunction or those taking concomitant nephrotoxic drugs. In case of acute kidney injury, discontinue clindamycin hydrochloride when no other etiology is identified.Usage in Meningitis -Since clindamycin does not diffuse adequately into the cerebrospinal fluid, the drug should not be used in the treatment of meningitis.\n- PRECAUTIONSGeneralReview of experience to date suggests that a subgroup of older patients with associated severe illness may tolerate diarrhea less well. When clindamycin is indicated in these patients, they should be carefully monitored for change in bowel frequency.Clindamycin hydrochloride should be prescribed with caution in individuals with a history of gastrointestinal disease, particularly colitis.Clindamycin hydrochloride should be prescribed with caution in atopic individuals.Indicated surgical procedures should be performed in conjunction with antibiotic therapy.The use of clindamycin hydrochloride occasionally results in overgrowth of nonsusceptible organisms-particularly yeasts. Should superinfections occur, appropriate measures should be taken as indicated by the clinical situation.Clindamycin dosage modification is not necessary in patients with renal disease. In patients with moderate to severe liver disease, prolongation of clindamycin half-life has been found. However, it was postulated from studies that when given every eight hours, accumulation should rarely occur. Therefore, dosage modification in patients with liver disease may not be necessary. However, periodic liver enzyme determinations should be made when treating patients with severe liver disease.Prescribing clindamycin hydrochloride in the absence of a proven or strongly suspected bacterial infection or a prophylactic indication is unlikely to provide benefit to the patient and increases the risk of the development of drug-resistant bacteria.Due to the risk of esophagitis and esophageal ulcer, it is important to ensure adherence with administration guidance (SeeDOSAGE AND ADMINISTRATIONandADVERSE REACTIONS).Information for PatientsPatients should be counseled that antibacterial drugs, including clindamycin hydrochloride, should only be used to treat bacterial infections. They do not treat viral infections (e.g., the common cold). When clindamycin hydrochloride is prescribed to treat a bacterial infection, patients should be told that although it is common to feel better early in the course of therapy, the medication should be taken exactly as directed. Skipping doses or not completing the full course of therapy may (1) decrease the effectiveness of the immediate treatment and (2) increase the likelihood that bacteria will develop resistance and will not be treatable by clindamycin hydrochloride or other antibacterial drugs in the future.Diarrhea is a common problem caused by antibiotics which usually ends when the antibiotic is discontinued. Sometimes after starting treatment with antibiotics, patients can develop watery and bloody stools (with or without stomach cramps and fever) even as late as two or more months after having taken the last dose of the antibiotic. If this occurs, patients should contact their physician as soon as possible.Advise patients that due to the risk of esophagitis and esophageal ulcer, it is important to adhere to the administration guidance for clindamycin hydrochloride (SeeDOSAGE AND ADMINISTRATIONandADVERSE REACTIONS).Laboratory TestsDuring prolonged therapy, periodic liver and kidney function tests and blood counts should be performed.Drug InteractionsCarcinogenesis, Mutagenesis, Impairment of FertilityLong-term studies in animals have not been performed with clindamycin to evaluate carcinogenic potential. Genotoxicity tests performed included a rat micronucleus test and an Ames Salmonella reversion test. Both tests were negative.Fertility studies in rats treated orally with up to 300 mg/kg/day (approximately 1.6 times the highest recommended adult human dose based on mg/m2) revealed no effects on fertility or mating ability.PregnancyTeratogenic effectsIn clinical trials with pregnant women, the systemic administration of clindamycin during the second and third trimesters, has not been associated with an increased frequency of congenital abnormalities.Clindamycin should be used during the first trimester of pregnancy only if clearly needed. There are no adequate and well-controlled studies in pregnant women during the first trimester of pregnancy.Because animal reproduction studies are not always predictive of the human response, this drug should be used during pregnancy only if clearly needed.Reproduction studies performed in rats and mice using oral doses of clindamycin up to 600 mg/kg/day (3.2 and 1.6 times the highest recommended adult human dose based on mg/m2, respectively) or subcutaneous doses of clindamycin up to 250 mg/kg/day (1.3 and 0.7 times the highest recommended adult human dose based on mg/m2, respectively) revealed no evidence of teratogenicity.Nursing MothersLimited published data based on breast milk sampling reports that clindamycin appears in human breast milk in the range of less than 0.5 to 3.8 mcg/mL. Clindamycin has the potential to cause adverse effects on the breast-fed infant's gastrointestinal flora. If oral or intravenous clindamycin is required by a nursing mother, it is not a reason to discontinue breastfeeding, but an alternate drug may be preferred. Monitor the breast-fed infant for possible adverse effects on the gastrointestinal flora, such as diarrhea, candidiasis (thrush, diaper rash) or rarely, blood in the stool indicating possible antibiotic-associated colitis.The developmental and health benefits of breastfeeding should be considered along with the mother's clinical need for clindamycin and any potential adverse effects on the breast-fed child from clindamycin or from the underlying maternal condition.Pediatric UseWhen clindamycin hydrochloride is administered to the pediatric population (birth to 16 years), appropriate monitoring of organ system functions is desirable.Geriatric UseClinical studies of clindamycin did not include sufficient numbers of patients age 65 and over to determine whether they respond differently from younger patients. However, other reported clinical experience indicates that antibiotic-associated colitis and diarrhea (due toClostridioides difficile) seen in association with most antibiotics occur more frequently in the elderly (>60 years) and may be more severe. These patients should be carefully monitored for the development of diarrhea.Pharmacokinetic studies with clindamycin have shown no clinically important differences between young and elderly subjects with normal hepatic function and normal (age-adjusted) renal function after oral or intravenous administration.\n- ADVERSE REACTIONSThe following reactions have been reported with the use of clindamycin.Infections and Infestations:Clostridioides difficilecolitisGastrointestinal:Abdominal pain, pseudomembranous colitis, nausea, vomiting, and diarrhea (SeeBOXED WARNING). The onset of pseudomembranous colitis symptoms may occur during or after antibacterial treatment (SeeWARNINGS). Esophagitis and esophageal ulcer have been reported, particularly when taken in a lying position or with a small amount of water. An unpleasant or metallic taste has been reported after oral administration.Hypersensitivity Reactions:Generalized mild to moderate morbilliform-like (maculopapular) skin rashes are the most frequently reported adverse reactions. Vesiculobullous rashes, as well as urticaria, have been observed during drug therapy. Severe skin reactions such as Toxic Epidermal Necrolysis, some with fatal outcome, have been reported (SeeWARNINGS). Cases of Acute Generalized Exanthematous Pustulosis (AGEP), erythema multiforme, some resembling Stevens-Johnson syndrome, anaphylactic shock, anaphylactic reaction and hypersensitivity have also been reported.Skin and Mucous Membranes:Pruritus, vaginitis, angioedema and rare instances of exfoliative dermatitis have been reported (SeeHypersensitivity Reactions).Liver:Jaundice and abnormalities in liver function tests have been observed during clindamycin therapy.Renal:Acute kidney injury (SeeWARNINGS).Hematopoietic:Transient neutropenia (leukopenia) and eosinophilia have been reported. Reports of agranulocytosis and thrombocytopenia have been made. No direct etiologic relationship to concurrent clindamycin therapy could be made in any of the foregoing.Immune System:Drug reaction with eosinophilia and systemic symptoms (DRESS) cases have been reported.Musculoskeletal:Cases of polyarthritis have been reported.To report SUSPECTED ADVERSE REACTIONS, contact Micro Labs USA Inc. at 1-855-839-8195 or FDA at 1-800-FDA-1088 or www.fda.gov/medwatch.\n- OVERDOSAGESignificant mortality was observed in mice at an intravenous dose of 855 mg/kg and in rats at an oral or subcutaneous dose of approximately 2618 mg/kg. In the mice, convulsions and depression were observed.Hemodialysis and peritoneal dialysis are not effective in removing clindamycin from the serum.\n- DOSAGE AND ADMINISTRATIONIf significant diarrhea occurs during therapy, this antibacterial drug should be discontinued (SeeBOXED WARNING).Administer clindamycin hydrochloride capsules, USP with a full glass of water (6 to 8 ounces, approximately 200 to 250 mL) and at least 30 minutes before lying down to reduce the potential for esophageal irritation (SeeADVERSE REACTIONS).Adults:Serious infections- 150 to 300 mg every 6 hours.More severe infections- 300 to 450 mg every 6 hours.Pediatric Patients(who are able to swallow capsules):Serious infections- 8 to 16 mg/kg/day (4 to 8 mg/lb/day) divided into three or four equal doses.More severe infections- 16 to 20 mg/kg/day (8 to 10 mg/lb/day) divided into three or four equal doses. Clindamycin should be dosed based on total body weight regardless of obesity.Clindamycin hydrochloride Capsules are not suitable for pediatric patients who are unable to swallow them whole. The capsules do not provide exact mg/kg doses therefore it may be necessary to use the clindamycin palmitate oral solution in some cases.Serious infections due to anaerobic bacteria are usually treated with CLEOCIN PHOSPHATE®Sterile Solution. However, in clinically appropriate circumstances, the physician may elect to initiate treatment or continue treatment with clindamycin hydrochloride capsules.In cases of β-hemolytic streptococcal infections, treatment should continue for at least 10 days.\n- HOW SUPPLIEDClindamycin hydrochloride capsules USP is available in the following strengths, colors and sizes:75 mg-Green transparent (body)/ Green transparent (cap), size 3 hard gelatin capsule printed with “M” on cap and “40” on body filled with white to off white granular powder.Bottles of 100                                                             NDC 42571-250-01Carton of 90(9×10's) Unit-dose Capsules                   NDC 42571-250-67150 mg-Green transparent (body)/ light blue opaque (cap), size 2 hard gelatin capsule printed with “M” on cap and “41” on body filled with white to off white granular powder.Bottles of 100                                                             NDC 42571-251-01Bottles of 500                                          �                  NDC 42571-251-05Bottles of 1000                                                           NDC 42571-251-10Carton of 80(8×10's) Unit-dose Capsules                    NDC 42571-251-23300 mg-Light blue opaque (body)/ light blue opaque (cap), size 0 hard gelatin capsule printed with “M” on cap and “42” on body filled with white to off white granular powder.Bottles of 100                                                            NDC 42571-252-01Bottles of 500                                                            NDC 42571-252-05Bottles of 1000                                                          NDC 42571-252-10Store at controlled room temperature 20° to 25° C (68° to 77° F) [see USP].Rx only\n- REFERENCESSmith RB, Phillips JP: Evaluation of CLEOCIN HCl and CLEOCIN Phosphate in an Aged Population. Upjohn TR 8147-82-9122-021, December 1982.The brands listed are trademarks of their respective owners and are not trademarks of Micro Labs. The makers of these brands are not affiliated with and do not endorse Micro Labs or its products.Manufactured by:Micro Labs LimitedGoa-403 722, INDIA.Manufactured for:Micro Labs USA, Inc.Somerset, NJ 08873Rev.08/2024\n- Smith RB, Phillips JP: Evaluation of CLEOCIN HCl and CLEOCIN Phosphate in an Aged Population. Upjohn TR 8147-82-9122-021, December 1982.\n- PACKAGE LABEL.PRINCIPAL DISPLAY PANELNDC 42571-250-01Clindamycin HydrochlorideCapsules, USP75 mg*Rx Only100 CapsulesMICRO LABS LIMITEDNDC 42571-251-01Clindamycin HydrochlorideCapsules, USP150 mg*Rx Only100 CapsulesMICRO LABS LIMITEDNDC 42571-252-01Clindamycin HydrochlorideCapsules, USP300 mg*Rx Only100 CapsulesMICRO LABS LIMITED\n- INGREDIENTS AND APPEARANCECLINDAMYCIN HYDROCHLORIDEclindamycin hydrochloride capsuleProduct InformationProduct TypeHUMAN PRESCRIPTION DRUGItem Code (Source)NDC:42571-250Route of AdministrationORALActive Ingredient/Active MoietyIngredient NameBasis of StrengthStrengthCLINDAMYCIN HYDROCHLORIDE(UNII: T20OQ1YN1W)  (CLINDAMYCIN - UNII:3U02EL437C)CLINDAMYCIN75 mgInactive IngredientsIngredient NameStrengthLACTOSE MONOHYDRATE(UNII: EWQ57Q8I5X)MAGNESIUM STEARATE(UNII: 70097M6I30)STARCH, CORN(UNII: O8232NY3SJ)TALC(UNII: 7SEV7J4R1U)FD&C BLUE NO. 1(UNII: H3R47K3TBD)D&C YELLOW NO. 10(UNII: 35SW5USQ3G)GELATIN(UNII: 2G86QN327L)SHELLAC(UNII: 46N107B71O)ALCOHOL(UNII: 3K9958V90M)ISOPROPYL ALCOHOL(UNII: ND2M416302)BUTYL ALCOHOL(UNII: 8PJ61P6TS3)PROPYLENE GLYCOL(UNII: 6DC9Q167V3)AMMONIA(UNII: 5138Q19F1X)POTASSIUM HYDROXIDE(UNII: WZH3C48M4T)TITANIUM DIOXIDE(UNII: 15FIX9V2JP)Product CharacteristicsColorgreen (Green transparent)Scoreno scoreShapeCAPSULE (capsule)Size16mmFlavorImprint CodeM;40ContainsPackaging#Item CodePackage DescriptionMarketing Start DateMarketing End Date1NDC:42571-250-01100  in 1 BOTTLE; Type 0: Not a Combination Product01/07/20192NDC:42571-250-6790  in 1 CARTON01/07/20192NDC:42571-250-3210  in 1 BLISTER PACK; Type 0: Not a Combination ProductMarketing InformationMarketing CategoryApplication Number or Monograph CitationMarketing Start DateMarketing End DateANDAANDA20740201/07/2019CLINDAMYCIN HYDROCHLORIDEclindamycin hydrochloride capsuleProduct InformationProduct TypeHUMAN PRESCRIPTION DRUGItem Code (Source)NDC:42571-251Route of AdministrationORALActive Ingredient/Active MoietyIngredient NameBasis of StrengthStrengthCLINDAMYCIN HYDROCHLORIDE(UNII: T20OQ1YN1W)  (CLINDAMYCIN - UNII:3U02EL437C)CLINDAMYCIN150 mgInactive IngredientsIngredient NameStrengthLACTOSE MONOHYDRATE(UNII: EWQ57Q8I5X)MAGNESIUM STEARATE(UNII: 70097M6I30)STARCH, CORN(UNII: O8232NY3SJ)TALC(UNII: 7SEV7J4R1U)TITANIUM DIOXIDE(UNII: 15FIX9V2JP)FD&C BLUE NO. 1(UNII: H3R47K3TBD)D&C YELLOW NO. 10(UNII: 35SW5USQ3G)GELATIN(UNII: 2G86QN327L)SHELLAC(UNII: 46N107B71O)ALCOHOL(UNII: 3K9958V90M)ISOPROPYL ALCOHOL(UNII: ND2M416302)BUTYL ALCOHOL(UNII: 8PJ61P6TS3)PROPYLENE GLYCOL(UNII: 6DC9Q167V3)AMMONIA(UNII: 5138Q19F1X)POTASSIUM HYDROXIDE(UNII: WZH3C48M4T)Product CharacteristicsColorgreen (Green transparent) , blue (light blue)Scoreno scoreShapeCAPSULE (capsule)Size18mmFlavorImprint CodeM;41ContainsPackaging#Item CodePackage DescriptionMarketing Start DateMarketing End Date1NDC:42571-251-01100  in 1 BOTTLE; Type 0: Not a Combination Product01/07/20192NDC:42571-251-05500  in 1 BOTTLE; Type 0: Not a Combination Product01/07/20193NDC:42571-251-101000  in 1 BOTTLE; Type 0: Not a Combination Product01/07/20194NDC:42571-251-2380  in 1 CARTON01/07/20194NDC:42571-251-3210  in 1 BLISTER PACK; Type 0: Not a Combination ProductMarketing InformationMarketing CategoryApplication Number or Monograph CitationMarketing Start DateMarketing End DateANDAANDA20740201/07/2019CLINDAMYCIN HYDROCHLORIDEclindamycin hydrochloride capsuleProduct InformationProduct TypeHUMAN PRESCRIPTION DRUGItem Code (Source)NDC:42571-252Route of AdministrationORALActive Ingredient/Active MoietyIngredient NameBasis of StrengthStrengthCLINDAMYCIN HYDROCHLORIDE(UNII: T20OQ1YN1W)  (CLINDAMYCIN - UNII:3U02EL437C)CLINDAMYCIN300 mgInactive IngredientsIngredient NameStrengthLACTOSE MONOHYDRATE(UNII: EWQ57Q8I5X)MAGNESIUM STEARATE(UNII: 70097M6I30)STARCH, CORN(UNII: O8232NY3SJ)TALC(UNII: 7SEV7J4R1U)FD&C BLUE NO. 1(UNII: H3R47K3TBD)TITANIUM DIOXIDE(UNII: 15FIX9V2JP)GELATIN(UNII: 2G86QN327L)SHELLAC(UNII: 46N107B71O)ALCOHOL(UNII: 3K9958V90M)ISOPROPYL ALCOHOL(UNII: ND2M416302)BUTYL ALCOHOL(UNII: 8PJ61P6TS3)PROPYLENE GLYCOL(UNII: 6DC9Q167V3)AMMONIA(UNII: 5138Q19F1X)POTASSIUM HYDROXIDE(UNII: WZH3C48M4T)Product CharacteristicsColorblue (Light blue)Scoreno scoreShapeCAPSULE (capsule)Size21mmFlavorImprint CodeM;42ContainsPackaging#Item CodePackage DescriptionMarketing Start DateMarketing End Date1NDC:42571-252-01100  in 1 BOTTLE; Type 0: Not a Combination Product01/07/20192NDC:42571-252-05500  in 1 BOTTLE; Type 0: Not a Combination Product01/07/20193NDC:42571-252-101000  in 1 BOTTLE; Type 0: Not a Combination Product01/07/2019Marketing InformationMarketing CategoryApplication Number or Monograph CitationMarketing Start DateMarketing End DateANDAANDA20740201/07/2019Labeler -Micro Labs Limited\n\t\t\t\t\t\t\t(862174955)EstablishmentNameAddressID/FEIBusiness OperationsMicro Labs Limited915793658analysis(42571-250, 42571-251, 42571-252) , label(42571-250, 42571-251, 42571-252) , manufacture(42571-250, 42571-251, 42571-252) , pack(42571-250, 42571-251, 42571-252)\n\nTo reduce the development of drug-resistant bacteria and maintain the effectiveness of clindamycin hydrochloride capsules, USP and other antibacterial drugs, clindamycin hydrochloride capsules, USP should be used only to treat or prevent infections that are proven or strongly suspected to be caused by bacteria.\n\nClindamycin hydrochloride USP is the hydrated hydrochloride salt of clindamycin. Clindamycin is a semisynthetic antibiotic produced by a 7(S)-chloro-substitution of the 7(R)-hydroxyl group of the parent compound lincomycin.\n\nClindamycin hydrochloride capsules USP contain clindamycin hydrochloride USP equivalent to 75 mg, 150 mg, or 300 mg of clindamycin.\n\nInactive ingredients: corn starch, lactose monohydrate, magnesium stearate and talc.Composition of empty hard gelatin capsule shells:For 75 mg strength-size ‘3’: FD&C Blue 1, D&C Yellow 10, gelatin and water.For 150 mg Strength-Size ‘2’: titanium dioxide, FD&C Blue 1, D&C Yellow 10, gelatin and water.For 300 mg Strength-Size ‘0’: FD&C Blue 1, titanium dioxide, gelatin and water.The empty hard gelatin capsules are printed with TekPrint ™ SW-0012 White Ink.Composition of imprinting ink [TekPrint ™ SW-0012 White Ink] utilized for printing on the capsule shell are presented below:Shellac–NF, Dehydrated alcohol–USP, Isopropyl alcohol–USP, Butyl alcohol–NF, Propylene glycol–USP, Strong ammonia solution–NF, Purified water–USP, Potassium hydroxide–NF, Titanium dioxide USP.\n\nThe structural formula is represented below:\n\nThe chemical name for clindamycin hydrochloride is Methyl 7-chloro-6,7,8-trideoxy-6-(1-methyl-trans-4-propyl-L-2-pyrrolidinecarboxamido)-1-thio-L-threo-α-D-galacto-octopyranoside monohydrochloride.\n\nAbsorption\n\nPharmacokinetic studies with a 150 mg oral dose of clindamycin hydrochloride in 24 normal adult volunteers showed that clindamycin was rapidly absorbed after oral administration. An average peak serum concentration of 2.50 mcg/mL was reached in 45 minutes; serum concentrations averaged 1.51 mcg/mL at 3 hours and 0.70 mcg/mL at 6 hours. Absorption of an oral dose is virtually complete (90%), and the concomitant administration of food does not appreciably modify the serum concentrations; serum concentrations have been uniform and predictable from person to person and dose to dose. Pharmacokinetic studies following multiple doses of clindamycin hydrochloride for up to 14 days show no evidence of accumulation or altered metabolism of drug. Doses of up to 2 grams of clindamycin per day for 14 days have been well tolerated by healthy volunteers, except that the incidence of gastrointestinal side effects is greater with the higher doses.\n\nDistribution\n\nConcentrations of clindamycin in the serum increased linearly with increased dose. Serum concentrations exceed the MIC (minimum inhibitory concentration) for most indicated organisms for at least six hours following administration of the usually recommended doses. Clindamycin is widely distributed in body fluids and tissues (including bones). No significant concentrations of clindamycin are attained in the cerebrospinal fluid, even in the presence of inflamed meninges.\n\nMetabolism\n\nIn vitrostudies in human liver and intestinal microsomes indicated that clindamycin is predominantly metabolized by Cytochrome P450 3A4 (CYP3A4), with minor contribution from CYP3A5, to form clindamycin sulfoxide and a minor metabolite, N-desmethylclindamycin.\n\nExcretion\n\nThe average biological half-life is 2.4 hours. Approximately 10% of the bioactivity is excreted in the urine and 3.6% in the feces; the remainder is excreted as bioinactive metabolites.\n\nSpecific Populations\n\nPatients with Renal/Hepatic Impairment\n\nThe elimination half-life of clindamycin is increased slightly in patients with markedly reduced renal or hepatic function. Hemodialysis and peritoneal dialysis are not effective in removing clindamycin from the serum. Dosage schedules do not need to be modified in patients with renal disease.\n\nGeriatric Patients\n\nPharmacokinetic studies in elderly volunteers (61 to 79 years) and younger adults (18 to 39 years) indicate that age alone does not alter clindamycin pharmacokinetics (clearance, elimination half-life, volume of distribution, and area under the serum concentration-time curve) after IV administration of clindamycin phosphate. After oral administration of clindamycin hydrochloride, the average elimination half-life is increased to approximately 4 hours (range 3.4 to 5.1 h) in the elderly compared to 3.2 hours (range 2.1 to 4.2 h) in younger adults. The extent of absorption, however, is not different between age groups and no dosage alteration is necessary for the elderly with normal hepatic function and normal (age-adjusted) renal function1.\n\nObese Pediatric Patients Aged 2 to Less than 18 Years and Obese Adults Aged 18 to 20 Years\n\nAn analysis of pharmacokinetic data in obese pediatric patients aged 2 to less than 18 years and obese adults aged 18 to 20 years demonstrated that clindamycin clearance and volume of distribution, normalized by total body weight, are comparable regardless of obesity.\n\nMechanism of Action\n\nClindamycin inhibits bacterial protein synthesis by binding to the 23S RNA of the 50S subunit of the ribosome. Clindamycin is bacteriostatic.\n\nResistance\n\nResistance to clindamycin is most often caused by modification of specific bases of the 23S ribosomal RNA. Cross-resistance between clindamycin and lincomycin is complete. Because the binding sites for these antibacterial drugs overlap, cross-resistance is sometimes observed among lincosamides, macrolides and streptogramin B.\n\nMacrolide-inducible resistance to clindamycin occurs in some isolates of macrolide-resistant bacteria. Macrolide-resistant isolates of staphylococci and beta-hemolytic streptococci should be screened for induction of clindamycin resistance using the D-zone test.\n\nAntimicrobial Activity\n\nClindamycin has been shown to be active against most of the isolates of the following microorganisms, bothin vitroand in clinical infections(SeeINDICATIONS AND USAGE):\n\nGram-positive bacteria\n\nStaphylococcus aureus(methicillin-susceptible strains)\n\nStreptococcus pneumoniae(penicillin-susceptible strains)\n\nStreptococcus pyogenes\n\nAnaerobic bacteria\n\nClostridium perfringens\n\nFusobacterium necrophorum\n\nFusobacterium nucleatum\n\nPeptostreptococcus anaerobius\n\nPrevotella melaninogenica\n\nThe followingin vitrodata are available, but their clinical significance is unknown. At least 90 percent of the following bacteria exhibit anin vitrominimum inhibitory concentration (MIC) less than or equal to the susceptible breakpoint for clindamycin against isolates of a similar genus or organism group. However, the efficacy of clindamycin in treating clinical infections due to these bacteria has not been established in adequate and well-controlled clinical trials.\n\nGram-positivebacteria\n\nStaphylococcus epidermidis(methicillin-susceptible strains)\n\nStreptococcus agalactiae\n\nStreptococcus anginosus\n\nStreptococcus mitis\n\nStreptococcus oralis\n\nAnaerobic bacteria\n\nActinomyces israelii\n\nClostridium clostridioforme\n\nEggerthella lenta\n\nFinegoldia (Peptostreptococcus) magna\n\nMicromonas (Peptostreptococcus) micros\n\nPrevotella bivia\n\nPrevotella intermedia\n\nCutibacteriumacnes\n\nSusceptibility Testing\n\nFor specific information regarding susceptibility test interpretive criteria and associated test methods and quality control standards recognized by FDA for this drug, please see: https://www.fda.gov/STIC.\n\nClindamycin is indicated in the treatment of serious infections caused by susceptible anaerobic bacteria.\n\nClindamycin is also indicated in the treatment of serious infections due to susceptible strains of streptococci, pneumococci, and staphylococci. Its use should be reserved for penicillin-allergic patients or other patients for whom, in the judgment of the physician, a penicillin is inappropriate. Because of the risk of colitis, as described in theBOXED WARNING, before selecting clindamycin, the physician should consider the nature of the infection and the suitability of less toxic alternatives (e.g., erythromycin).\n\nAnaerobes:Serious respiratory tract infections such as empyema, anaerobic pneumonitis, and lung abscess; serious skin and soft tissue infections; septicemia; intra-abdominal infections such as peritonitis and intra-abdominal abscess (typically resulting from anaerobic organisms resident in the normal gastrointestinal tract); infections of the female pelvis and genital tract such as endometritis, nongonococcal tubo-ovarian abscess, pelvic cellulitis, and postsurgical vaginal cuff infection.\n\nStreptococci:Serious respiratory tract infections; serious skin and soft tissue infections.\n\nStaphylococci:Serious respiratory tract infections; serious skin and soft tissue infections.\n\nPneumococci:Serious respiratory tract infections.\n\nBacteriologic studies should be performed to determine the causative organisms and their susceptibility to clindamycin.\n\nTo reduce the development of drug-resistant bacteria and maintain the effectiveness of clindamycin hydrochloride capsules USP and other antibacterial drugs, clindamycin hydrochloride capsules USP should be used only to treat or prevent infections that are proven or strongly suspected to be caused by susceptible bacteria. When culture and susceptibility information are available, they should be considered in selecting or modifying antibacterial therapy. In the absence of such data, local epidemiology and susceptibility patterns may contribute to the empiric selection of therapy.\n\nClindamycin hydrochloride is contraindicated in individuals with a history of hypersensitivity to preparations containing clindamycin or lincomycin.\n\nSeeBOXED WARNING\n\nClostridioides difficile-Associated Diarrhea\n\nClostridioides difficile-associated diarrhea (CDAD) has been reported with use of nearly all antibacterial agents, including clindamycin hydrochloride, and may range in severity from mild diarrhea to fatal colitis. Treatment with antibacterial agents alters the normal flora of the colon, leading to overgrowth ofC. difficile.\n\nC. difficileproduces toxins A and B, which contribute to the development of CDAD. Hypertoxin producing strains ofC. difficilecause increased morbidity and mortality, as these infections can be refractory to antimicrobial therapy and may require colectomy. CDAD must be considered in all patients who present with diarrhea following antibiotic use. Careful medical history is necessary since CDAD has been reported to occur over two months after the administration of antibacterial agents.\n\nIf CDAD is suspected or confirmed, ongoing antibiotic use not directed againstC. difficilemay need to be discontinued. Appropriate fluid and electrolyte management, protein supplementation, antibiotic treatment ofC. difficile, and surgical evaluation should be instituted as clinically indicated.\n\nAnaphylactic and Severe Hypersensitivity Reactions\n\nAnaphylactic shock and anaphylactic reactions have been reported (SeeADVERSE REACTIONS).\n\nSevere hypersensitivity reactions, including severe skin reactions such as toxic epidermal necrolysis (TEN), drug reaction with eosinophilia and systemic symptoms (DRESS), and Stevens-Johnson syndrome (SJS), some with fatal outcome, have been reported (SeeADVERSE REACTIONS).\n\nIn case of such an anaphylactic or severe hypersensitivity reaction, discontinue treatment permanently and institute appropriate therapy.\n\nA careful inquiry should be made concerning previous sensitivities to drugs and other allergens.\n\nNephrotoxicity\n\nClindamycin is potentially nephrotoxic and cases with acute kidney injury have been reported. Consider monitoring of renal function particularly in patients with pre-existing renal dysfunction or those taking concomitant nephrotoxic drugs. In case of acute kidney injury, discontinue clindamycin hydrochloride when no other etiology is identified.\n\nUsage in Meningitis -Since clindamycin does not diffuse adequately into the cerebrospinal fluid, the drug should not be used in the treatment of meningitis.\n\nReview of experience to date suggests that a subgroup of older patients with associated severe illness may tolerate diarrhea less well. When clindamycin is indicated in these patients, they should be carefully monitored for change in bowel frequency.\n\nClindamycin hydrochloride should be prescribed with caution in individuals with a history of gastrointestinal disease, particularly colitis.\n\nClindamycin hydrochloride should be prescribed with caution in atopic individuals.\n\nIndicated surgical procedures should be performed in conjunction with antibiotic therapy.\n\nThe use of clindamycin hydrochloride occasionally results in overgrowth of nonsusceptible organisms-particularly yeasts. Should superinfections occur, appropriate measures should be taken as indicated by the clinical situation.\n\nClindamycin dosage modification is not necessary in patients with renal disease. In patients with moderate to severe liver disease, prolongation of clindamycin half-life has been found. However, it was postulated from studies that when given every eight hours, accumulation should rarely occur. Therefore, dosage modification in patients with liver disease may not be necessary. However, periodic liver enzyme determinations should be made when treating patients with severe liver disease.\n\nPrescribing clindamycin hydrochloride in the absence of a proven or strongly suspected bacterial infection or a prophylactic indication is unlikely to provide benefit to the patient and increases the risk of the development of drug-resistant bacteria.\n\nDue to the risk of esophagitis and esophageal ulcer, it is important to ensure adherence with administration guidance (SeeDOSAGE AND ADMINISTRATIONandADVERSE REACTIONS).\n\nPatients should be counseled that antibacterial drugs, including clindamycin hydrochloride, should only be used to treat bacterial infections. They do not treat viral infections (e.g., the common cold). When clindamycin hydrochloride is prescribed to treat a bacterial infection, patients should be told that although it is common to feel better early in the course of therapy, the medication should be taken exactly as directed. Skipping doses or not completing the full course of therapy may (1) decrease the effectiveness of the immediate treatment and (2) increase the likelihood that bacteria will develop resistance and will not be treatable by clindamycin hydrochloride or other antibacterial drugs in the future.\n\nDiarrhea is a common problem caused by antibiotics which usually ends when the antibiotic is discontinued. Sometimes after starting treatment with antibiotics, patients can develop watery and bloody stools (with or without stomach cramps and fever) even as late as two or more months after having taken the last dose of the antibiotic. If this occurs, patients should contact their physician as soon as possible.\n\nAdvise patients that due to the risk of esophagitis and esophageal ulcer, it is important to adhere to the administration guidance for clindamycin hydrochloride (SeeDOSAGE AND ADMINISTRATIONandADVERSE REACTIONS).\n\nDuring prolonged therapy, periodic liver and kidney function tests and blood counts should be performed.\n\nLong-term studies in animals have not been performed with clindamycin to evaluate carcinogenic potential. Genotoxicity tests performed included a rat micronucleus test and an Ames Salmonella reversion test. Both tests were negative.\n\nFertility studies in rats treated orally with up to 300 mg/kg/day (approximately 1.6 times the highest recommended adult human dose based on mg/m2) revealed no effects on fertility or mating ability.\n\nTeratogenic effects\n\nIn clinical trials with pregnant women, the systemic administration of clindamycin during the second and third trimesters, has not been associated with an increased frequency of congenital abnormalities.\n\nClindamycin should be used during the first trimester of pregnancy only if clearly needed. There are no adequate and well-controlled studies in pregnant women during the first trimester of pregnancy.\n\nBecause animal reproduction studies are not always predictive of the human response, this drug should be used during pregnancy only if clearly needed.\n\nReproduction studies performed in rats and mice using oral doses of clindamycin up to 600 mg/kg/day (3.2 and 1.6 times the highest recommended adult human dose based on mg/m2, respectively) or subcutaneous doses of clindamycin up to 250 mg/kg/day (1.3 and 0.7 times the highest recommended adult human dose based on mg/m2, respectively) revealed no evidence of teratogenicity.\n\nLimited published data based on breast milk sampling reports that clindamycin appears in human breast milk in the range of less than 0.5 to 3.8 mcg/mL. Clindamycin has the potential to cause adverse effects on the breast-fed infant's gastrointestinal flora. If oral or intravenous clindamycin is required by a nursing mother, it is not a reason to discontinue breastfeeding, but an alternate drug may be preferred. Monitor the breast-fed infant for possible adverse effects on the gastrointestinal flora, such as diarrhea, candidiasis (thrush, diaper rash) or rarely, blood in the stool indicating possible antibiotic-associated colitis.\n\nThe developmental and health benefits of breastfeeding should be considered along with the mother's clinical need for clindamycin and any potential adverse effects on the breast-fed child from clindamycin or from the underlying maternal condition.\n\nWhen clindamycin hydrochloride is administered to the pediatric population (birth to 16 years), appropriate monitoring of organ system functions is desirable.\n\nClinical studies of clindamycin did not include sufficient numbers of patients age 65 and over to determine whether they respond differently from younger patients. However, other reported clinical experience indicates that antibiotic-associated colitis and diarrhea (due toClostridioides difficile) seen in association with most antibiotics occur more frequently in the elderly (>60 years) and may be more severe. These patients should be carefully monitored for the development of diarrhea.\n\nPharmacokinetic studies with clindamycin have shown no clinically important differences between young and elderly subjects with normal hepatic function and normal (age-adjusted) renal function after oral or intravenous administration.\n\nThe following reactions have been reported with the use of clindamycin.\n\nInfections and Infestations:Clostridioides difficilecolitis\n\nGastrointestinal:Abdominal pain, pseudomembranous colitis, nausea, vomiting, and diarrhea (SeeBOXED WARNING). The onset of pseudomembranous colitis symptoms may occur during or after antibacterial treatment (SeeWARNINGS). Esophagitis and esophageal ulcer have been reported, particularly when taken in a lying position or with a small amount of water. An unpleasant or metallic taste has been reported after oral administration.\n\nHypersensitivity Reactions:Generalized mild to moderate morbilliform-like (maculopapular) skin rashes are the most frequently reported adverse reactions. Vesiculobullous rashes, as well as urticaria, have been observed during drug therapy. Severe skin reactions such as Toxic Epidermal Necrolysis, some with fatal outcome, have been reported (SeeWARNINGS). Cases of Acute Generalized Exanthematous Pustulosis (AGEP), erythema multiforme, some resembling Stevens-Johnson syndrome, anaphylactic shock, anaphylactic reaction and hypersensitivity have also been reported.\n\nSkin and Mucous Membranes:Pruritus, vaginitis, angioedema and rare instances of exfoliative dermatitis have been reported (SeeHypersensitivity Reactions).\n\nLiver:Jaundice and abnormalities in liver function tests have been observed during clindamycin therapy.\n\nRenal:Acute kidney injury (SeeWARNINGS).\n\nHematopoietic:Transient neutropenia (leukopenia) and eosinophilia have been reported. Reports of agranulocytosis and thrombocytopenia have been made. No direct etiologic relationship to concurrent clindamycin therapy could be made in any of the foregoing.\n\nImmune System:Drug reaction with eosinophilia and systemic symptoms (DRESS) cases have been reported.\n\nMusculoskeletal:Cases of polyarthritis have been reported.\n\nTo report SUSPECTED ADVERSE REACTIONS, contact Micro Labs USA Inc. at 1-855-839-8195 or FDA at 1-800-FDA-1088 or www.fda.gov/medwatch.\n\nSignificant mortality was observed in mice at an intravenous dose of 855 mg/kg and in rats at an oral or subcutaneous dose of approximately 2618 mg/kg. In the mice, convulsions and depression were observed.\n\nHemodialysis and peritoneal dialysis are not effective in removing clindamycin from the serum.\n\nIf significant diarrhea occurs during therapy, this antibacterial drug should be discontinued (SeeBOXED WARNING).\n\nAdminister clindamycin hydrochloride capsules, USP with a full glass of water (6 to 8 ounces, approximately 200 to 250 mL) and at least 30 minutes before lying down to reduce the potential for esophageal irritation (SeeADVERSE REACTIONS).\n\nAdults:Serious infections- 150 to 300 mg every 6 hours.More severe infections- 300 to 450 mg every 6 hours.\n\nPediatric Patients(who are able to swallow capsules):Serious infections- 8 to 16 mg/kg/day (4 to 8 mg/lb/day) divided into three or four equal doses.More severe infections- 16 to 20 mg/kg/day (8 to 10 mg/lb/day) divided into three or four equal doses. Clindamycin should be dosed based on total body weight regardless of obesity.\n\nClindamycin hydrochloride Capsules are not suitable for pediatric patients who are unable to swallow them whole. The capsules do not provide exact mg/kg doses therefore it may be necessary to use the clindamycin palmitate oral solution in some cases.\n\nSerious infections due to anaerobic bacteria are usually treated with CLEOCIN PHOSPHATE®Sterile Solution. However, in clinically appropriate circumstances, the physician may elect to initiate treatment or continue treatment with clindamycin hydrochloride capsules.\n\nIn cases of β-hemolytic streptococcal infections, treatment should continue for at least 10 days.\n\nClindamycin hydrochloride capsules USP is available in the following strengths, colors and sizes:\n\n75 mg-Green transparent (body)/ Green transparent (cap), size 3 hard gelatin capsule printed with “M” on cap and “40” on body filled with white to off white granular powder.\n\nBottles of 100                                                             NDC 42571-250-01\n\nCarton of 90(9×10's) Unit-dose Capsules                   NDC 42571-250-67\n\n150 mg-Green transparent (body)/ light blue opaque (cap), size 2 hard gelatin capsule printed with “M” on cap and “41” on body filled with white to off white granular powder.\n\nBottles of 100                                                             NDC 42571-251-01\n\nBottles of 500                                          �                  NDC 42571-251-05\n\nBottles of 1000                                                           NDC 42571-251-10\n\nCarton of 80(8×10's) Unit-dose Capsules                    NDC 42571-251-23\n\n300 mg-Light blue opaque (body)/ light blue opaque (cap), size 0 hard gelatin capsule printed with “M” on cap and “42” on body filled with white to off white granular powder.\n\nBottles of 100                                                            NDC 42571-252-01\n\nBottles of 500                                                            NDC 42571-252-05\n\nBottles of 1000                                                          NDC 42571-252-10\n\nStore at controlled room temperature 20° to 25° C (68° to 77° F) [see USP].Rx only\n\n- Smith RB, Phillips JP: Evaluation of CLEOCIN HCl and CLEOCIN Phosphate in an Aged Population. Upjohn TR 8147-82-9122-021, December 1982.\n\nThe brands listed are trademarks of their respective owners and are not trademarks of Micro Labs. The makers of these brands are not affiliated with and do not endorse Micro Labs or its products.\n\nManufactured by:Micro Labs LimitedGoa-403 722, INDIA.Manufactured for:Micro Labs USA, Inc.Somerset, NJ 08873Rev.08/2024\n\nNDC 42571-250-01Clindamycin HydrochlorideCapsules, USP75 mg*Rx Only100 CapsulesMICRO LABS LIMITED\n\nNDC 42571-251-01Clindamycin HydrochlorideCapsules, USP150 mg*Rx Only100 CapsulesMICRO LABS LIMITED\n\nNDC 42571-252-01Clindamycin HydrochlorideCapsules, USP300 mg*Rx Only100 CapsulesMICRO LABS LIMITED\n\nCLINDAMYCIN HYDROCHLORIDEclindamycin hydrochloride capsule\nProduct InformationProduct TypeHUMAN PRESCRIPTION DRUGItem Code (Source)NDC:42571-250Route of AdministrationORAL | Product Information | Product Type | HUMAN PRESCRIPTION DRUG | Item Code (Source) | NDC:42571-250 | Route of Administration | ORAL\nProduct Information\nProduct Type | HUMAN PRESCRIPTION DRUG | Item Code (Source) | NDC:42571-250\nRoute of Administration | ORAL\nActive Ingredient/Active MoietyIngredient NameBasis of StrengthStrengthCLINDAMYCIN HYDROCHLORIDE(UNII: T20OQ1YN1W)  (CLINDAMYCIN - UNII:3U02EL437C)CLINDAMYCIN75 mg | Active Ingredient/Active Moiety | Ingredient Name | Basis of Strength | Strength | CLINDAMYCIN HYDROCHLORIDE(UNII: T20OQ1YN1W)  (CLINDAMYCIN - UNII:3U02EL437C) | CLINDAMYCIN | 75 mg\nActive Ingredient/Active Moiety\nIngredient Name | Basis of Strength | Strength\nCLINDAMYCIN HYDROCHLORIDE(UNII: T20OQ1YN1W)  (CLINDAMYCIN - UNII:3U02EL437C) | CLINDAMYCIN | 75 mg\nInactive IngredientsIngredient NameStrengthLACTOSE MONOHYDRATE(UNII: EWQ57Q8I5X)MAGNESIUM STEARATE(UNII: 70097M6I30)STARCH, CORN(UNII: O8232NY3SJ)TALC(UNII: 7SEV7J4R1U)FD&C BLUE NO. 1(UNII: H3R47K3TBD)D&C YELLOW NO. 10(UNII: 35SW5USQ3G)GELATIN(UNII: 2G86QN327L)SHELLAC(UNII: 46N107B71O)ALCOHOL(UNII: 3K9958V90M)ISOPROPYL ALCOHOL(UNII: ND2M416302)BUTYL ALCOHOL(UNII: 8PJ61P6TS3)PROPYLENE GLYCOL(UNII: 6DC9Q167V3)AMMONIA(UNII: 5138Q19F1X)POTASSIUM HYDROXIDE(UNII: WZH3C48M4T)TITANIUM DIOXIDE(UNII: 15FIX9V2JP) | Inactive Ingredients | Ingredient Name | Strength | LACTOSE MONOHYDRATE(UNII: EWQ57Q8I5X) |  | MAGNESIUM STEARATE(UNII: 70097M6I30) |  | STARCH, CORN(UNII: O8232NY3SJ) |  | TALC(UNII: 7SEV7J4R1U) |  | FD&C BLUE NO. 1(UNII: H3R47K3TBD) |  | D&C YELLOW NO. 10(UNII: 35SW5USQ3G) |  | GELATIN(UNII: 2G86QN327L) |  | SHELLAC(UNII: 46N107B71O) |  | ALCOHOL(UNII: 3K9958V90M) |  | ISOPROPYL ALCOHOL(UNII: ND2M416302) |  | BUTYL ALCOHOL(UNII: 8PJ61P6TS3) |  | PROPYLENE GLYCOL(UNII: 6DC9Q167V3) |  | AMMONIA(UNII: 5138Q19F1X) |  | POTASSIUM HYDROXIDE(UNII: WZH3C48M4T) |  | TITANIUM DIOXIDE(UNII: 15FIX9V2JP) | \nInactive Ingredients\nIngredient Name | Strength\nLACTOSE MONOHYDRATE(UNII: EWQ57Q8I5X) | \nMAGNESIUM STEARATE(UNII: 70097M6I30) | \nSTARCH, CORN(UNII: O8232NY3SJ) | \nTALC(UNII: 7SEV7J4R1U) | \nFD&C BLUE NO. 1(UNII: H3R47K3TBD) | \nD&C YELLOW NO. 10(UNII: 35SW5USQ3G) | \nGELATIN(UNII: 2G86QN327L) | \nSHELLAC(UNII: 46N107B71O) | \nALCOHOL(UNII: 3K9958V90M) | \nISOPROPYL ALCOHOL(UNII: ND2M416302) | \nBUTYL ALCOHOL(UNII: 8PJ61P6TS3) | \nPROPYLENE GLYCOL(UNII: 6DC9Q167V3) | \nAMMONIA(UNII: 5138Q19F1X) | \nPOTASSIUM HYDROXIDE(UNII: WZH3C48M4T) | \nTITANIUM DIOXIDE(UNII: 15FIX9V2JP) | \nProduct CharacteristicsColorgreen (Green transparent)Scoreno scoreShapeCAPSULE (capsule)Size16mmFlavorImprint CodeM;40Contains | Product Characteristics | Color | green (Green transparent) | Score | no score | Shape | CAPSULE (capsule) | Size | 16mm | Flavor |  | Imprint Code | M;40 | Contains | \nProduct Characteristics\nColor | green (Green transparent) | Score | no score\nShape | CAPSULE (capsule) | Size | 16mm\nFlavor |  | Imprint Code | M;40\nContains | \nPackaging#Item CodePackage DescriptionMarketing Start DateMarketing End Date1NDC:42571-250-01100  in 1 BOTTLE; Type 0: Not a Combination Product01/07/20192NDC:42571-250-6790  in 1 CARTON01/07/20192NDC:42571-250-3210  in 1 BLISTER PACK; Type 0: Not a Combination Product | Packaging | # | Item Code | Package Description | Marketing Start Date | Marketing End Date | 1 | NDC:42571-250-01 | 100  in 1 BOTTLE; Type 0: Not a Combination Product | 01/07/2019 |  | 2 | NDC:42571-250-67 | 90  in 1 CARTON | 01/07/2019 |  | 2 | NDC:42571-250-32 | 10  in 1 BLISTER PACK; Type 0: Not a Combination Product |  | \nPackaging\n# | Item Code | Package Description | Marketing Start Date | Marketing End Date\n1 | NDC:42571-250-01 | 100  in 1 BOTTLE; Type 0: Not a Combination Product | 01/07/2019 | \n2 | NDC:42571-250-67 | 90  in 1 CARTON | 01/07/2019 | \n2 | NDC:42571-250-32 | 10  in 1 BLISTER PACK; Type 0: Not a Combination Product |  | \n\nMarketing InformationMarketing CategoryApplication Number or Monograph CitationMarketing Start DateMarketing End DateANDAANDA20740201/07/2019 | Marketing Information | Marketing Category | Application Number or Monograph Citation | Marketing Start Date | Marketing End Date | ANDA | ANDA207402 | 01/07/2019 | \nMarketing Information\nMarketing Category | Application Number or Monograph Citation | Marketing Start Date | Marketing End Date\nANDA | ANDA207402 | 01/07/2019 | \n\nProduct Information\nProduct Type | HUMAN PRESCRIPTION DRUG | Item Code (Source) | NDC:42571-250\nRoute of Administration | ORAL\n\nActive Ingredient/Active Moiety\nIngredient Name | Basis of Strength | Strength\nCLINDAMYCIN HYDROCHLORIDE(UNII: T20OQ1YN1W)  (CLINDAMYCIN - UNII:3U02EL437C) | CLINDAMYCIN | 75 mg\n\nInactive Ingredients\nIngredient Name | Strength\nLACTOSE MONOHYDRATE(UNII: EWQ57Q8I5X) | \nMAGNESIUM STEARATE(UNII: 70097M6I30) | \nSTARCH, CORN(UNII: O8232NY3SJ) | \nTALC(UNII: 7SEV7J4R1U) | \nFD&C BLUE NO. 1(UNII: H3R47K3TBD) | \nD&C YELLOW NO. 10(UNII: 35SW5USQ3G) | \nGELATIN(UNII: 2G86QN327L) | \nSHELLAC(UNII: 46N107B71O) | \nALCOHOL(UNII: 3K9958V90M) | \nISOPROPYL ALCOHOL(UNII: ND2M416302) | \nBUTYL ALCOHOL(UNII: 8PJ61P6TS3) | \nPROPYLENE GLYCOL(UNII: 6DC9Q167V3) | \nAMMONIA(UNII: 5138Q19F1X) | \nPOTASSIUM HYDROXIDE(UNII: WZH3C48M4T) | \nTITANIUM DIOXIDE(UNII: 15FIX9V2JP) | \n\nProduct Characteristics\nColor | green (Green transparent) | Score | no score\nShape | CAPSULE (capsule) | Size | 16mm\nFlavor |  | Imprint Code | M;40\nContains | \n\nPackaging\n# | Item Code | Package Description | Marketing Start Date | Marketing End Date\n1 | NDC:42571-250-01 | 100  in 1 BOTTLE; Type 0: Not a Combination Product | 01/07/2019 | \n2 | NDC:42571-250-67 | 90  in 1 CARTON | 01/07/2019 | \n2 | NDC:42571-250-32 | 10  in 1 BLISTER PACK; Type 0: Not a Combination Product |  | \n\nMarketing Information\nMarketing Category | Application Number or Monograph Citation | Marketing Start Date | Marketing End Date\nANDA | ANDA207402 | 01/07/2019 | \n\nCLINDAMYCIN HYDROCHLORIDEclindamycin hydrochloride capsule\nProduct InformationProduct TypeHUMAN PRESCRIPTION DRUGItem Code (Source)NDC:42571-251Route of AdministrationORAL | Product Information | Product Type | HUMAN PRESCRIPTION DRUG | Item Code (Source) | NDC:42571-251 | Route of Administration | ORAL\nProduct Information\nProduct Type | HUMAN PRESCRIPTION DRUG | Item Code (Source) | NDC:42571-251\nRoute of Administration | ORAL\nActive Ingredient/Active MoietyIngredient NameBasis of StrengthStrengthCLINDAMYCIN HYDROCHLORIDE(UNII: T20OQ1YN1W)  (CLINDAMYCIN - UNII:3U02EL437C)CLINDAMYCIN150 mg | Active Ingredient/Active Moiety | Ingredient Name | Basis of Strength | Strength | CLINDAMYCIN HYDROCHLORIDE(UNII: T20OQ1YN1W)  (CLINDAMYCIN - UNII:3U02EL437C) | CLINDAMYCIN | 150 mg\nActive Ingredient/Active Moiety\nIngredient Name | Basis of Strength | Strength\nCLINDAMYCIN HYDROCHLORIDE(UNII: T20OQ1YN1W)  (CLINDAMYCIN - UNII:3U02EL437C) | CLINDAMYCIN | 150 mg\nInactive IngredientsIngredient NameStrengthLACTOSE MONOHYDRATE(UNII: EWQ57Q8I5X)MAGNESIUM STEARATE(UNII: 70097M6I30)STARCH, CORN(UNII: O8232NY3SJ)TALC(UNII: 7SEV7J4R1U)TITANIUM DIOXIDE(UNII: 15FIX9V2JP)FD&C BLUE NO. 1(UNII: H3R47K3TBD)D&C YELLOW NO. 10(UNII: 35SW5USQ3G)GELATIN(UNII: 2G86QN327L)SHELLAC(UNII: 46N107B71O)ALCOHOL(UNII: 3K9958V90M)ISOPROPYL ALCOHOL(UNII: ND2M416302)BUTYL ALCOHOL(UNII: 8PJ61P6TS3)PROPYLENE GLYCOL(UNII: 6DC9Q167V3)AMMONIA(UNII: 5138Q19F1X)POTASSIUM HYDROXIDE(UNII: WZH3C48M4T) | Inactive Ingredients | Ingredient Name | Strength | LACTOSE MONOHYDRATE(UNII: EWQ57Q8I5X) |  | MAGNESIUM STEARATE(UNII: 70097M6I30) |  | STARCH, CORN(UNII: O8232NY3SJ) |  | TALC(UNII: 7SEV7J4R1U) |  | TITANIUM DIOXIDE(UNII: 15FIX9V2JP) |  | FD&C BLUE NO. 1(UNII: H3R47K3TBD) |  | D&C YELLOW NO. 10(UNII: 35SW5USQ3G) |  | GELATIN(UNII: 2G86QN327L) |  | SHELLAC(UNII: 46N107B71O) |  | ALCOHOL(UNII: 3K9958V90M) |  | ISOPROPYL ALCOHOL(UNII: ND2M416302) |  | BUTYL ALCOHOL(UNII: 8PJ61P6TS3) |  | PROPYLENE GLYCOL(UNII: 6DC9Q167V3) |  | AMMONIA(UNII: 5138Q19F1X) |  | POTASSIUM HYDROXIDE(UNII: WZH3C48M4T) | \nInactive Ingredients\nIngredient Name | Strength\nLACTOSE MONOHYDRATE(UNII: EWQ57Q8I5X) | \nMAGNESIUM STEARATE(UNII: 70097M6I30) | \nSTARCH, CORN(UNII: O8232NY3SJ) | \nTALC(UNII: 7SEV7J4R1U) | \nTITANIUM DIOXIDE(UNII: 15FIX9V2JP) | \nFD&C BLUE NO. 1(UNII: H3R47K3TBD) | \nD&C YELLOW NO. 10(UNII: 35SW5USQ3G) | \nGELATIN(UNII: 2G86QN327L) | \nSHELLAC(UNII: 46N107B71O) | \nALCOHOL(UNII: 3K9958V90M) | \nISOPROPYL ALCOHOL(UNII: ND2M416302) | \nBUTYL ALCOHOL(UNII: 8PJ61P6TS3) | \nPROPYLENE GLYCOL(UNII: 6DC9Q167V3) | \nAMMONIA(UNII: 5138Q19F1X) | \nPOTASSIUM HYDROXIDE(UNII: WZH3C48M4T) | \nProduct CharacteristicsColorgreen (Green transparent) , blue (light blue)Scoreno scoreShapeCAPSULE (capsule)Size18mmFlavorImprint CodeM;41Contains | Product Characteristics | Color | green (Green transparent) , blue (light blue) | Score | no score | Shape | CAPSULE (capsule) | Size | 18mm | Flavor |  | Imprint Code | M;41 | Contains | \nProduct Characteristics\nColor | green (Green transparent) , blue (light blue) | Score | no score\nShape | CAPSULE (capsule) | Size | 18mm\nFlavor |  | Imprint Code | M;41\nContains | \nPackaging#Item CodePackage DescriptionMarketing Start DateMarketing End Date1NDC:42571-251-01100  in 1 BOTTLE; Type 0: Not a Combination Product01/07/20192NDC:42571-251-05500  in 1 BOTTLE; Type 0: Not a Combination Product01/07/20193NDC:42571-251-101000  in 1 BOTTLE; Type 0: Not a Combination Product01/07/20194NDC:42571-251-2380  in 1 CARTON01/07/20194NDC:42571-251-3210  in 1 BLISTER PACK; Type 0: Not a Combination Product | Packaging | # | Item Code | Package Description | Marketing Start Date | Marketing End Date | 1 | NDC:42571-251-01 | 100  in 1 BOTTLE; Type 0: Not a Combination Product | 01/07/2019 |  | 2 | NDC:42571-251-05 | 500  in 1 BOTTLE; Type 0: Not a Combination Product | 01/07/2019 |  | 3 | NDC:42571-251-10 | 1000  in 1 BOTTLE; Type 0: Not a Combination Product | 01/07/2019 |  | 4 | NDC:42571-251-23 | 80  in 1 CARTON | 01/07/2019 |  | 4 | NDC:42571-251-32 | 10  in 1 BLISTER PACK; Type 0: Not a Combination Product |  | \nPackaging\n# | Item Code | Package Description | Marketing Start Date | Marketing End Date\n1 | NDC:42571-251-01 | 100  in 1 BOTTLE; Type 0: Not a Combination Product | 01/07/2019 | \n2 | NDC:42571-251-05 | 500  in 1 BOTTLE; Type 0: Not a Combination Product | 01/07/2019 | \n3 | NDC:42571-251-10 | 1000  in 1 BOTTLE; Type 0: Not a Combination Product | 01/07/2019 | \n4 | NDC:42571-251-23 | 80  in 1 CARTON | 01/07/2019 | \n4 | NDC:42571-251-32 | 10  in 1 BLISTER PACK; Type 0: Not a Combination Product |  | \n\nMarketing InformationMarketing CategoryApplication Number or Monograph CitationMarketing Start DateMarketing End DateANDAANDA20740201/07/2019 | Marketing Information | Marketing Category | Application Number or Monograph Citation | Marketing Start Date | Marketing End Date | ANDA | ANDA207402 | 01/07/2019 | \nMarketing Information\nMarketing Category | Application Number or Monograph Citation | Marketing Start Date | Marketing End Date\nANDA | ANDA207402 | 01/07/2019 | \n\nProduct Information\nProduct Type | HUMAN PRESCRIPTION DRUG | Item Code (Source) | NDC:42571-251\nRoute of Administration | ORAL\n\nActive Ingredient/Active Moiety\nIngredient Name | Basis of Strength | Strength\nCLINDAMYCIN HYDROCHLORIDE(UNII: T20OQ1YN1W)  (CLINDAMYCIN - UNII:3U02EL437C) | CLINDAMYCIN | 150 mg\n\nInactive Ingredients\nIngredient Name | Strength\nLACTOSE MONOHYDRATE(UNII: EWQ57Q8I5X) | \nMAGNESIUM STEARATE(UNII: 70097M6I30) | \nSTARCH, CORN(UNII: O8232NY3SJ) | \nTALC(UNII: 7SEV7J4R1U) | \nTITANIUM DIOXIDE(UNII: 15FIX9V2JP) | \nFD&C BLUE NO. 1(UNII: H3R47K3TBD) | \nD&C YELLOW NO. 10(UNII: 35SW5USQ3G) | \nGELATIN(UNII: 2G86QN327L) | \nSHELLAC(UNII: 46N107B71O) | \nALCOHOL(UNII: 3K9958V90M) | \nISOPROPYL ALCOHOL(UNII: ND2M416302) | \nBUTYL ALCOHOL(UNII: 8PJ61P6TS3) | \nPROPYLENE GLYCOL(UNII: 6DC9Q167V3) | \nAMMONIA(UNII: 5138Q19F1X) | \nPOTASSIUM HYDROXIDE(UNII: WZH3C48M4T) | \n\nProduct Characteristics\nColor | green (Green transparent) , blue (light blue) | Score | no score\nShape | CAPSULE (capsule) | Size | 18mm\nFlavor |  | Imprint Code | M;41\nContains | \n\nPackaging\n# | Item Code | Package Description | Marketing Start Date | Marketing End Date\n1 | NDC:42571-251-01 | 100  in 1 BOTTLE; Type 0: Not a Combination Product | 01/07/2019 | \n2 | NDC:42571-251-05 | 500  in 1 BOTTLE; Type 0: Not a Combination Product | 01/07/2019 | \n3 | NDC:42571-251-10 | 1000  in 1 BOTTLE; Type 0: Not a Combination Product | 01/07/2019 | \n4 | NDC:42571-251-23 | 80  in 1 CARTON | 01/07/2019 | \n4 | NDC:42571-251-32 | 10  in 1 BLISTER PACK; Type 0: Not a Combination Product |  | \n\nMarketing Information\nMarketing Category | Application Number or Monograph Citation | Marketing Start Date | Marketing End Date\nANDA | ANDA207402 | 01/07/2019 | \n\nCLINDAMYCIN HYDROCHLORIDEclindamycin hydrochloride capsule\nProduct InformationProduct TypeHUMAN PRESCRIPTION DRUGItem Code (Source)NDC:42571-252Route of AdministrationORAL | Product Information | Product Type | HUMAN PRESCRIPTION DRUG | Item Code (Source) | NDC:42571-252 | Route of Administration | ORAL\nProduct Information\nProduct Type | HUMAN PRESCRIPTION DRUG | Item Code (Source) | NDC:42571-252\nRoute of Administration | ORAL\nActive Ingredient/Active MoietyIngredient NameBasis of StrengthStrengthCLINDAMYCIN HYDROCHLORIDE(UNII: T20OQ1YN1W)  (CLINDAMYCIN - UNII:3U02EL437C)CLINDAMYCIN300 mg | Active Ingredient/Active Moiety | Ingredient Name | Basis of Strength | Strength | CLINDAMYCIN HYDROCHLORIDE(UNII: T20OQ1YN1W)  (CLINDAMYCIN - UNII:3U02EL437C) | CLINDAMYCIN | 300 mg\nActive Ingredient/Active Moiety\nIngredient Name | Basis of Strength | Strength\nCLINDAMYCIN HYDROCHLORIDE(UNII: T20OQ1YN1W)  (CLINDAMYCIN - UNII:3U02EL437C) | CLINDAMYCIN | 300 mg\nInactive IngredientsIngredient NameStrengthLACTOSE MONOHYDRATE(UNII: EWQ57Q8I5X)MAGNESIUM STEARATE(UNII: 70097M6I30)STARCH, CORN(UNII: O8232NY3SJ)TALC(UNII: 7SEV7J4R1U)FD&C BLUE NO. 1(UNII: H3R47K3TBD)TITANIUM DIOXIDE(UNII: 15FIX9V2JP)GELATIN(UNII: 2G86QN327L)SHELLAC(UNII: 46N107B71O)ALCOHOL(UNII: 3K9958V90M)ISOPROPYL ALCOHOL(UNII: ND2M416302)BUTYL ALCOHOL(UNII: 8PJ61P6TS3)PROPYLENE GLYCOL(UNII: 6DC9Q167V3)AMMONIA(UNII: 5138Q19F1X)POTASSIUM HYDROXIDE(UNII: WZH3C48M4T) | Inactive Ingredients | Ingredient Name | Strength | LACTOSE MONOHYDRATE(UNII: EWQ57Q8I5X) |  | MAGNESIUM STEARATE(UNII: 70097M6I30) |  | STARCH, CORN(UNII: O8232NY3SJ) |  | TALC(UNII: 7SEV7J4R1U) |  | FD&C BLUE NO. 1(UNII: H3R47K3TBD) |  | TITANIUM DIOXIDE(UNII: 15FIX9V2JP) |  | GELATIN(UNII: 2G86QN327L) |  | SHELLAC(UNII: 46N107B71O) |  | ALCOHOL(UNII: 3K9958V90M) |  | ISOPROPYL ALCOHOL(UNII: ND2M416302) |  | BUTYL ALCOHOL(UNII: 8PJ61P6TS3) |  | PROPYLENE GLYCOL(UNII: 6DC9Q167V3) |  | AMMONIA(UNII: 5138Q19F1X) |  | POTASSIUM HYDROXIDE(UNII: WZH3C48M4T) | \nInactive Ingredients\nIngredient Name | Strength\nLACTOSE MONOHYDRATE(UNII: EWQ57Q8I5X) | \nMAGNESIUM STEARATE(UNII: 70097M6I30) | \nSTARCH, CORN(UNII: O8232NY3SJ) | \nTALC(UNII: 7SEV7J4R1U) | \nFD&C BLUE NO. 1(UNII: H3R47K3TBD) | \nTITANIUM DIOXIDE(UNII: 15FIX9V2JP) | \nGELATIN(UNII: 2G86QN327L) | \nSHELLAC(UNII: 46N107B71O) | \nALCOHOL(UNII: 3K9958V90M) | \nISOPROPYL ALCOHOL(UNII: ND2M416302) | \nBUTYL ALCOHOL(UNII: 8PJ61P6TS3) | \nPROPYLENE GLYCOL(UNII: 6DC9Q167V3) | \nAMMONIA(UNII: 5138Q19F1X) | \nPOTASSIUM HYDROXIDE(UNII: WZH3C48M4T) | \nProduct CharacteristicsColorblue (Light blue)Scoreno scoreShapeCAPSULE (capsule)Size21mmFlavorImprint CodeM;42Contains | Product Characteristics | Color | blue (Light blue) | Score | no score | Shape | CAPSULE (capsule) | Size | 21mm | Flavor |  | Imprint Code | M;42 | Contains | \nProduct Characteristics\nColor | blue (Light blue) | Score | no score\nShape | CAPSULE (capsule) | Size | 21mm\nFlavor |  | Imprint Code | M;42\nContains | \nPackaging#Item CodePackage DescriptionMarketing Start DateMarketing End Date1NDC:42571-252-01100  in 1 BOTTLE; Type 0: Not a Combination Product01/07/20192NDC:42571-252-05500  in 1 BOTTLE; Type 0: Not a Combination Product01/07/20193NDC:42571-252-101000  in 1 BOTTLE; Type 0: Not a Combination Product01/07/2019 | Packaging | # | Item Code | Package Description | Marketing Start Date | Marketing End Date | 1 | NDC:42571-252-01 | 100  in 1 BOTTLE; Type 0: Not a Combination Product | 01/07/2019 |  | 2 | NDC:42571-252-05 | 500  in 1 BOTTLE; Type 0: Not a Combination Product | 01/07/2019 |  | 3 | NDC:42571-252-10 | 1000  in 1 BOTTLE; Type 0: Not a Combination Product | 01/07/2019 | \nPackaging\n# | Item Code | Package Description | Marketing Start Date | Marketing End Date\n1 | NDC:42571-252-01 | 100  in 1 BOTTLE; Type 0: Not a Combination Product | 01/07/2019 | \n2 | NDC:42571-252-05 | 500  in 1 BOTTLE; Type 0: Not a Combination Product | 01/07/2019 | \n3 | NDC:42571-252-10 | 1000  in 1 BOTTLE; Type 0: Not a Combination Product | 01/07/2019 | \n\nMarketing InformationMarketing CategoryApplication Number or Monograph CitationMarketing Start DateMarketing End DateANDAANDA20740201/07/2019 | Marketing Information | Marketing Category | Application Number or Monograph Citation | Marketing Start Date | Marketing End Date | ANDA | ANDA207402 | 01/07/2019 | \nMarketing Information\nMarketing Category | Application Number or Monograph Citation | Marketing Start Date | Marketing End Date\nANDA | ANDA207402 | 01/07/2019 | \n\nProduct Information\nProduct Type | HUMAN PRESCRIPTION DRUG | Item Code (Source) | NDC:42571-252\nRoute of Administration | ORAL\n\nActive Ingredient/Active Moiety\nIngredient Name | Basis of Strength | Strength\nCLINDAMYCIN HYDROCHLORIDE(UNII: T20OQ1YN1W)  (CLINDAMYCIN - UNII:3U02EL437C) | CLINDAMYCIN | 300 mg\n\nInactive Ingredients\nIngredient Name | Strength\nLACTOSE MONOHYDRATE(UNII: EWQ57Q8I5X) | \nMAGNESIUM STEARATE(UNII: 70097M6I30) | \nSTARCH, CORN(UNII: O8232NY3SJ) | \nTALC(UNII: 7SEV7J4R1U) | \nFD&C BLUE NO. 1(UNII: H3R47K3TBD) | \nTITANIUM DIOXIDE(UNII: 15FIX9V2JP) | \nGELATIN(UNII: 2G86QN327L) | \nSHELLAC(UNII: 46N107B71O) | \nALCOHOL(UNII: 3K9958V90M) | \nISOPROPYL ALCOHOL(UNII: ND2M416302) | \nBUTYL ALCOHOL(UNII: 8PJ61P6TS3) | \nPROPYLENE GLYCOL(UNII: 6DC9Q167V3) | \nAMMONIA(UNII: 5138Q19F1X) | \nPOTASSIUM HYDROXIDE(UNII: WZH3C48M4T) | \n\nProduct Characteristics\nColor | blue (Light blue) | Score | no score\nShape | CAPSULE (capsule) | Size | 21mm\nFlavor |  | Imprint Code | M;42\nContains | \n\nPackaging\n# | Item Code | Package Description | Marketing Start Date | Marketing End Date\n1 | NDC:42571-252-01 | 100  in 1 BOTTLE; Type 0: Not a Combination Product | 01/07/2019 | \n2 | NDC:42571-252-05 | 500  in 1 BOTTLE; Type 0: Not a Combination Product | 01/07/2019 | \n3 | NDC:42571-252-10 | 1000  in 1 BOTTLE; Type 0: Not a Combination Product | 01/07/2019 | \n\nMarketing Information\nMarketing Category | Application Number or Monograph Citation | Marketing Start Date | Marketing End Date\nANDA | ANDA207402 | 01/07/2019 | \n\nLabeler -Micro Labs Limited\n\t\t\t\t\t\t\t(862174955)\n\nEstablishment\nName | Address | ID/FEI | Business Operations\nMicro Labs Limited |  | 915793658 | analysis(42571-250, 42571-251, 42571-252) , label(42571-250, 42571-251, 42571-252) , manufacture(42571-250, 42571-251, 42571-252) , pack(42571-250, 42571-251, 42571-252)\n\nHuman Pharmacology:\nAbsorption\n\nPharmacokinetic studies with a 150 mg oral dose of clindamycin hydrochloride in 24 normal adult volunteers showed that clindamycin was rapidly absorbed after oral administration. An average peak serum concentration of 2.50 mcg/mL was reached in 45 minutes; serum concentrations averaged 1.51 mcg/mL at 3 hours and 0.70 mcg/mL at 6 hours. Absorption of an oral dose is virtually complete (90%), and the concomitant administration of food does not appreciably modify the serum concentrations; serum concentrations have been uniform and predictable from person to person and dose to dose. Pharmacokinetic studies following multiple doses of clindamycin hydrochloride for up to 14 days show no evidence of accumulation or altered metabolism of drug. Doses of up to 2 grams of clindamycin per day for 14 days have been well tolerated by healthy volunteers, except that the incidence of gastrointestinal side effects is greater with the higher doses.\n\nDistribution\n\nConcentrations of clindamycin in the serum increased linearly with increased dose. Serum concentrations exceed the MIC (minimum inhibitory concentration) for most indicated organisms for at least six hours following administration of the usually recommended doses. Clindamycin is widely distributed in body fluids and tissues (including bones). No significant concentrations of clindamycin are attained in the cerebrospinal fluid, even in the presence of inflamed meninges.\n\nMetabolism\n\nIn vitrostudies in human liver and intestinal microsomes indicated that clindamycin is predominantly metabolized by Cytochrome P450 3A4 (CYP3A4), with minor contribution from CYP3A5, to form clindamycin sulfoxide and a minor metabolite, N-desmethylclindamycin.\n\nExcretion\n\nThe average biological half-life is 2.4 hours. Approximately 10% of the bioactivity is excreted in the urine and 3.6% in the feces; the remainder is excreted as bioinactive metabolites.\n\nSpecific Populations\n\nPatients with Renal/Hepatic Impairment\n\nThe elimination half-life of clindamycin is increased slightly in patients with markedly reduced renal or hepatic function. Hemodialysis and peritoneal dialysis are not effective in removing clindamycin from the serum. Dosage schedules do not need to be modified in patients with renal disease.\n\nGeriatric Patients\n\nPharmacokinetic studies in elderly volunteers (61 to 79 years) and younger adults (18 to 39 years) indicate that age alone does not alter clindamycin pharmacokinetics (clearance, elimination half-life, volume of distribution, and area under the serum concentration-time curve) after IV administration of clindamycin phosphate. After oral administration of clindamycin hydrochloride, the average elimination half-life is increased to approximately 4 hours (range 3.4 to 5.1 h) in the elderly compared to 3.2 hours (range 2.1 to 4.2 h) in younger adults. The extent of absorption, however, is not different between age groups and no dosage alteration is necessary for the elderly with normal hepatic function and normal (age-adjusted) renal function1.\n\nObese Pediatric Patients Aged 2 to Less than 18 Years and Obese Adults Aged 18 to 20 Years\n\nAn analysis of pharmacokinetic data in obese pediatric patients aged 2 to less than 18 years and obese adults aged 18 to 20 years demonstrated that clindamycin clearance and volume of distribution, normalized by total body weight, are comparable regardless of obesity.\n\nMicrobiology:\nMechanism of Action\n\nClindamycin inhibits bacterial protein synthesis by binding to the 23S RNA of the 50S subunit of the ribosome. Clindamycin is bacteriostatic.\n\nResistance\n\nResistance to clindamycin is most often caused by modification of specific bases of the 23S ribosomal RNA. Cross-resistance between clindamycin and lincomycin is complete. Because the binding sites for these antibacterial drugs overlap, cross-resistance is sometimes observed among lincosamides, macrolides and streptogramin B.\n\nMacrolide-inducible resistance to clindamycin occurs in some isolates of macrolide-resistant bacteria. Macrolide-resistant isolates of staphylococci and beta-hemolytic streptococci should be screened for induction of clindamycin resistance using the D-zone test.\n\nAntimicrobial Activity\n\nClindamycin has been shown to be active against most of the isolates of the following microorganisms, bothin vitroand in clinical infections(SeeINDICATIONS AND USAGE):\n\nGram-positive bacteria\n\nStaphylococcus aureus(methicillin-susceptible strains)\n\nStreptococcus pneumoniae(penicillin-susceptible strains)\n\nStreptococcus pyogenes\n\nAnaerobic bacteria\n\nClostridium perfringens\n\nFusobacterium necrophorum\n\nFusobacterium nucleatum\n\nPeptostreptococcus anaerobius\n\nPrevotella melaninogenica\n\nThe followingin vitrodata are available, but their clinical significance is unknown. At least 90 percent of the following bacteria exhibit anin vitrominimum inhibitory concentration (MIC) less than or equal to the susceptible breakpoint for clindamycin against isolates of a similar genus or organism group. However, the efficacy of clindamycin in treating clinical infections due to these bacteria has not been established in adequate and well-controlled clinical trials.\n\nGram-positivebacteria\n\nStaphylococcus epidermidis(methicillin-susceptible strains)\n\nStreptococcus agalactiae\n\nStreptococcus anginosus\n\nStreptococcus mitis\n\nStreptococcus oralis\n\nAnaerobic bacteria\n\nActinomyces israelii\n\nClostridium clostridioforme\n\nEggerthella lenta\n\nFinegoldia (Peptostreptococcus) magna\n\nMicromonas (Peptostreptococcus) micros\n\nPrevotella bivia\n\nPrevotella intermedia\n\nCutibacteriumacnes\n\nSusceptibility Testing\n\nFor specific information regarding susceptibility test interpretive criteria and associated test methods and quality control standards recognized by FDA for this drug, please see: https://www.fda.gov/STIC.\n\nGeneral:\nReview of experience to date suggests that a subgroup of older patients with associated severe illness may tolerate diarrhea less well. When clindamycin is indicated in these patients, they should be carefully monitored for change in bowel frequency.\n\nClindamycin hydrochloride should be prescribed with caution in individuals with a history of gastrointestinal disease, particularly colitis.\n\nClindamycin hydrochloride should be prescribed with caution in atopic individuals.\n\nIndicated surgical procedures should be performed in conjunction with antibiotic therapy.\n\nThe use of clindamycin hydrochloride occasionally results in overgrowth of nonsusceptible organisms-particularly yeasts. Should superinfections occur, appropriate measures should be taken as indicated by the clinical situation.\n\nClindamycin dosage modification is not necessary in patients with renal disease. In patients with moderate to severe liver disease, prolongation of clindamycin half-life has been found. However, it was postulated from studies that when given every eight hours, accumulation should rarely occur. Therefore, dosage modification in patients with liver disease may not be necessary. However, periodic liver enzyme determinations should be made when treating patients with severe liver disease.\n\nPrescribing clindamycin hydrochloride in the absence of a proven or strongly suspected bacterial infection or a prophylactic indication is unlikely to provide benefit to the patient and increases the risk of the development of drug-resistant bacteria.\n\nDue to the risk of esophagitis and esophageal ulcer, it is important to ensure adherence with administration guidance (SeeDOSAGE AND ADMINISTRATIONandADVERSE REACTIONS).\n\nInformation for Patients:\nPatients should be counseled that antibacterial drugs, including clindamycin hydrochloride, should only be used to treat bacterial infections. They do not treat viral infections (e.g., the common cold). When clindamycin hydrochloride is prescribed to treat a bacterial infection, patients should be told that although it is common to feel better early in the course of therapy, the medication should be taken exactly as directed. Skipping doses or not completing the full course of therapy may (1) decrease the effectiveness of the immediate treatment and (2) increase the likelihood that bacteria will develop resistance and will not be treatable by clindamycin hydrochloride or other antibacterial drugs in the future.\n\nDiarrhea is a common problem caused by antibiotics which usually ends when the antibiotic is discontinued. Sometimes after starting treatment with antibiotics, patients can develop watery and bloody stools (with or without stomach cramps and fever) even as late as two or more months after having taken the last dose of the antibiotic. If this occurs, patients should contact their physician as soon as possible.\n\nAdvise patients that due to the risk of esophagitis and esophageal ulcer, it is important to adhere to the administration guidance for clindamycin hydrochloride (SeeDOSAGE AND ADMINISTRATIONandADVERSE REACTIONS).\n\nLaboratory Tests:\nDuring prolonged therapy, periodic liver and kidney function tests and blood counts should be performed.\n\nCarcinogenesis, Mutagenesis, Impairment of Fertility:\nLong-term studies in animals have not been performed with clindamycin to evaluate carcinogenic potential. Genotoxicity tests performed included a rat micronucleus test and an Ames Salmonella reversion test. Both tests were negative.\n\nFertility studies in rats treated orally with up to 300 mg/kg/day (approximately 1.6 times the highest recommended adult human dose based on mg/m2) revealed no effects on fertility or mating ability.\n\nPregnancy:\nTeratogenic effects\n\nIn clinical trials with pregnant women, the systemic administration of clindamycin during the second and third trimesters, has not been associated with an increased frequency of congenital abnormalities.\n\nClindamycin should be used during the first trimester of pregnancy only if clearly needed. There are no adequate and well-controlled studies in pregnant women during the first trimester of pregnancy.\n\nBecause animal reproduction studies are not always predictive of the human response, this drug should be used during pregnancy only if clearly needed.\n\nReproduction studies performed in rats and mice using oral doses of clindamycin up to 600 mg/kg/day (3.2 and 1.6 times the highest recommended adult human dose based on mg/m2, respectively) or subcutaneous doses of clindamycin up to 250 mg/kg/day (1.3 and 0.7 times the highest recommended adult human dose based on mg/m2, respectively) revealed no evidence of teratogenicity.\n\nNursing Mothers:\nLimited published data based on breast milk sampling reports that clindamycin appears in human breast milk in the range of less than 0.5 to 3.8 mcg/mL. Clindamycin has the potential to cause adverse effects on the breast-fed infant's gastrointestinal flora. If oral or intravenous clindamycin is required by a nursing mother, it is not a reason to discontinue breastfeeding, but an alternate drug may be preferred. Monitor the breast-fed infant for possible adverse effects on the gastrointestinal flora, such as diarrhea, candidiasis (thrush, diaper rash) or rarely, blood in the stool indicating possible antibiotic-associated colitis.\n\nThe developmental and health benefits of breastfeeding should be considered along with the mother's clinical need for clindamycin and any potential adverse effects on the breast-fed child from clindamycin or from the underlying maternal condition.\n\nPediatric Use:\nWhen clindamycin hydrochloride is administered to the pediatric population (birth to 16 years), appropriate monitoring of organ system functions is desirable.\n\nGeriatric Use:\nClinical studies of clindamycin did not include sufficient numbers of patients age 65 and over to determine whether they respond differently from younger patients. However, other reported clinical experience indicates that antibiotic-associated colitis and diarrhea (due toClostridioides difficile) seen in association with most antibiotics occur more frequently in the elderly (>60 years) and may be more severe. These patients should be carefully monitored for the development of diarrhea.\n\nPharmacokinetic studies with clindamycin have shown no clinically important differences between young and elderly subjects with normal hepatic function and normal (age-adjusted) renal function after oral or intravenous administration.\n\nSafety:\nBoxed Warnings,Report Adverse\n                        Events,FDA Safety Recalls,Presence in Breast Milk\n\nRelated Resources:\nMedline Plus,Clinical Trials,PubMed,Biochemical Data Summary\n\nMore Info on this Drug:\nView Labeling Archives,RxNorm,Get Label RSS Feed,View NDC Code(s)NEW!\n\nTo receive this label RSS feed:\nCopy the URL below and paste it into your RSS Reader application.https://dailymed.nlm.nih.gov/dailymed/labelrss.cfm?setid=9b9f898f-6a91-44f8-9508-f9ddfaad27bcTo receive all DailyMed Updates for the last seven daysCopy the URL below and paste it into your RSS Reader application.https://dailymed.nlm.nih.gov/dailymed/rss.cfmWhat will I get with the DailyMed RSS feed?DailyMed will deliver notification of updates and additions to Drug Label information currently shown on this site through its RSS feed.DailyMed will deliver this notification to your desktop, Web browser, or e-mail depending on the RSS Reader you select to use. To view updated drug label links, paste the RSS feed address (URL) shown below into a RSS reader, or use a browser which supports RSS feeds, such as Safari for Mac OS X.How to discontinue the RSS feedIf you no longer wish to have this DailyMed RSS service, simply delete the copied URL from your RSS Reader.More about getting RSS News & Updates from DailyMed\n\nhttps://dailymed.nlm.nih.gov/dailymed/labelrss.cfm?setid=9b9f898f-6a91-44f8-9508-f9ddfaad27bc\n\nCopy the URL below and paste it into your RSS Reader application.\n\nhttps://dailymed.nlm.nih.gov/dailymed/rss.cfm\n\nDailyMed will deliver notification of updates and additions to Drug Label information currently shown on this site through its RSS feed.\n\nDailyMed will deliver this notification to your desktop, Web browser, or e-mail depending on the RSS Reader you select to use. To view updated drug label links, paste the RSS feed address (URL) shown below into a RSS reader, or use a browser which supports RSS feeds, such as Safari for Mac OS X.\n\nIf you no longer wish to have this DailyMed RSS service, simply delete the copied URL from your RSS Reader.\n\nTo receive all DailyMed Updates for the last seven days:\nCopy the URL below and paste it into your RSS Reader application.\n\nhttps://dailymed.nlm.nih.gov/dailymed/rss.cfm\n\nWhat will I get with the DailyMed RSS feed?:\nDailyMed will deliver notification of updates and additions to Drug Label information currently shown on this site through its RSS feed.\n\nDailyMed will deliver this notification to your desktop, Web browser, or e-mail depending on the RSS Reader you select to use. To view updated drug label links, paste the RSS feed address (URL) shown below into a RSS reader, or use a browser which supports RSS feeds, such as Safari for Mac OS X.\n\nHow to discontinue the RSS feed:\nIf you no longer wish to have this DailyMed RSS service, simply delete the copied URL from your RSS Reader.\n\nWhy is DailyMed no longer displaying pill images on the Search Results and Drug Info pages?:\nDue to inconsistencies between the drug labels on DailyMed and the pill images provided byRxImage, we no longer display the RxImage pill images associated with drug labels.\n\nWe anticipate reposting the images once we are able identify and filter out images that do not match the information provided in the drug labels."
  }
}