{
  "name": "Clobetasol Propionate Topical Solution, USP",
  "url": "https://www.microlabsusa.com/products/clobetasol-propionate-topical-solution-usp/",
  "scraped_at": "2024-12-04T11:42:50.989145",
  "prescribing_info": {
    "indications_and_usage": "",
    "dosage_and_administration": "",
    "dosage_forms_and_strengths": "",
    "contraindications": "",
    "warnings_and_precautions": "",
    "adverse_reactions": "",
    "drug_interactions": "",
    "use_in_specific_populations": "",
    "description": "",
    "clinical_pharmacology": "",
    "how_supplied": "",
    "other_information": "View Package Photos:\n- \n- \n- \n\n- \n- \n\nVIEW MORE:\n- \n- \n- \n\n- \n- \n\nSafety:\n- Report Adverse Events\n- FDA Safety Recalls\n- Presence in Breast Milk\n\nRelated Resources:\n- Medline Plus\n- Clinical Trials\n- PubMedAll\n                                            CitationsAdverse EffectsTherapeutic UsePharmacologyClinical Trials\n- All\n                                            Citations\n- Adverse Effects\n- Therapeutic Use\n- Pharmacology\n- Clinical Trials\n- Biochemical Data Summary\n\n- All\n                                            Citations\n- Adverse Effects\n- Therapeutic Use\n- Pharmacology\n- Clinical Trials\n\nMore Info For This Drug:\n- View Labeling Archives\n- RxNorm\n- Get Label RSS Feed\n- View NDC Code(s)NEW!\n\nDrug Label Information:\nUpdated\n                    January 26, 2022\n\nIf you are a consumer or patient please visitthis version.\n\n- Download DRUG LABEL INFO:PDFXML\n- Official Label (Printer Friendly)\n\n- DESCRIPTIONClobetasol propionate topical solution, USP contains the active compound clobetasol propionate, USP a synthetic corticosteroid, for topical dermatologic use. Clobetasol, an analog of prednisolone, has a high degree of glucocorticoid activity and a slight degree of mineralocorticoid activity.Chemically, clobetasol propionate, USP is (11β,16β)-21-chloro-9‑fluoro‑11‑hydroxy‑16‑methyl‑17‑(1‑oxo-­propoxy) pregna-1,4-diene-3,20-dione, and it has the following structural formula:Clobetasol propionate, USP has the molecular formula C25H32ClFO5and a molecular weight of 466.97. It is a white to cream-colored crystalline powder, soluble in acetone, in dimethyl sulfoxide, in chloroform, in methanol, and in dioxane. Sparingly soluble in ethanol; slightly soluble in benzene and diethyl ether; practically insoluble in water.Clobetasol propionate topical solution, USP contains clobetasol propionate, USP 0.5 mg/g in a base of carbomer 974P, isopropyl alcohol (40% w/w), purified water, and sodium hydroxide.\n- CLINICAL PHARMACOLOGYThe corticosteroids are a class of compounds comprising steroid hormones secreted by the adrenal cortex and their synthetic analogs. In pharmacologic doses, corticosteroids are used primarily for their anti-inflammatory and/or immunosuppressive effects. Topical corticosteroids such as clobetasol propionate are effective in the treatment of corticosteroid-responsive dermatoses primarily because of their anti-inflammatory, antipruritic, and vasoconstrictive actions. However, while the physiologic, pharmacologic, and clinical effects of the corticosteroids are well known, the exact mechanisms of their actions in each disease are uncertain.Clobetasol propionate, a corticosteroid, has been shown to have topical (dermatologic) and systemic pharmacologic and metabolic effects characteristic of this class of drugs.PharmacokineticsThe extent of percutaneous absorption of topical corticosteroids, including clobetasol propionate, is determined by many factors, including the vehicle, the integrity of the epidermal barrier, and the use of occlusive dressings (seeDOSAGE AND ADMINISTRATION).As with all topical corticosteroids, clobetasol propionate can be absorbed from normal intact skin. Inflammation and/or other disease processes in the skin may increase percutaneous absorption. Occlusive dressings substantially increase the percutaneous absorption of topical corticosteroids (seeDOSAGE AND ADMINISTRATION).Once absorbed through the skin, topical corticosteroids enter pharmacokinetic pathways similarly to systemically administered corticosteroids. Corticosteroids are bound to plasma proteins in varying degrees. Corticosteroids are metabolized primarily in the liver and are then excreted by the kidneys. Some of the topical corticosteroids, including clobetasol propionate and its metabolites, are also excreted into the bile.Following repeated nonocclusive application in the treatment of scalp psoriasis, there is some evidence that clobetasol propionate topical solution has the potential to depress plasma cortisol levels in some patients. However, hypothalamic-pituitary-adrenal (HPA) axis effects produced by systemically absorbed clobetasol propionate have been shown to be transient and reversible upon completion of a 2-week course of treatment.\n- INDICATIONS AND USAGEClobetasol propionate topical solution, USP is indicated for short-term topical treatment of inflammatory and pruritic manifestations of moderate to severe corticosteroid-responsive dermatoses of the scalp. Treatment beyond 2 consecutive weeks is not recommended, and the total dosage should not exceed 50 mL/week because of the potential for the drug to suppress the HPA axis.This product is not recommended for use in pediatric patients under 12 years of age.\n- CONTRAINDICATIONSClobetasol propionate topical solution is contraindicated in patients with primary infections of the scalp, or in patients who are hypersensitive to clobetasol propionate, other corticosteroids, or any ingredient in this preparation.\n- PRECAUTIONSGeneralClobetasol propionate is a highly potent topical corticosteroid that has been shown to suppress the HPA axis at doses as low as 2 g (of ointment) per day.Systemic absorption of topical corticosteroids has resulted in reversible HPA axis suppression, manifestations of Cushing's syndrome, hyperglycemia, and glucosuria in some patients.Conditions that augment systemic absorption include the application of the more potent corticosteroids, use over large surface areas, prolonged use, and the addition of occlusive dressings. Therefore, patients receiving a large dose of a potent topical steroid applied to a large surface area should be evaluated periodically for evidence of HPA axis suppression by using the urinary free cortisol and ACTH stimulation tests. If HPA axis suppression is noted, an attempt should be made to withdraw the drug, to reduce the frequency of application, or to substitute a less potent steroid.Recovery of HPA axis function is generally prompt and complete upon discontinuation of the drug. Infrequently, signs and symptoms of steroid withdrawal may occur, requiring supplemental systemic corticosteroids.Pediatric patients may absorb proportionally larger amounts of topical corticosteroids and thus be more susceptible to systemic toxicity (seePRECAUTIONS: Pediatric Use).If irritation develops, topical corticosteroids should be discontinued and appropriate therapy instituted. Irritation is possible if clobetasol propionate topical solution contacts the eye. If that should occur, immediate flushing of the eye with a large volume of water is recommended.If the inflammatory lesion becomes infected, the use of an appropriate antifungal or antibacterial agent should be instituted. If a favorable response does not occur promptly, the corticosteroid should be discontinued until the infection has been adequately controlled.Although clobetasol propionate topical solution is intended for the treatment of inflammatory conditions of the scalp, it should be noted that certain areas of the body, such as the face, groin, and axillae, are more prone to atrophic changes than other areas of the body following treatment with corticosteroids. Frequent observation of the patient is important if these areas are to be treated.As with other potent topical corticosteroids, clobetasol propionate topical solution should not be used in the treatment of rosacea and perioral dermatitis. Topical corticosteroids in general should not be used in the treatment of acne or as sole therapy in widespread plaque psoriasis.Information for PatientsPatients using clobetasol propionate topical solution should receive the following information and instructions:This medication is to be used as directed by the physician and should not be used longer than the prescribed time period. It is for external use only. Avoid contact with the eyes.This medication should not be used for any disorder other than that for which it was prescribed.The treated skin area should not be bandaged or otherwise covered or wrapped so as to be occlusive.Patients should report any signs of local adverse reactions to the physician.Laboratory TestsThe following tests may be helpful in evaluating patients for HPA axis suppression:Urinary free cortisol testACTH stimulation testCarcinogenesis, Mutagenesis, Impairment of FertilityLong-term animal studies have not been performed to evaluate the carcinogenic potential of clobetasol propionate.Studies in the rat following subcutaneous administration at dosage levels up to 50 mcg/kg per day revealed that the females exhibited an increase in the number of resorbed embryos and a decrease in the number of living fetuses at the highest dose.Clobetasol propionate was non-mutagenic in 3 different test systems: the Ames test, theSaccharomyces cerevisiaegene conversion assay, and theE. coliB WP2 fluctuation test.PregnancyTeratogenic EffectsPregnancy Category C.Corticosteroids have been shown to be teratogenic in laboratory animals when administered systemically at relatively low dosage levels. Some corticosteroids have been shown to be teratogenic after dermal application to laboratory animals.Clobetasol propionate has not been tested for teratogenicity when applied topically; however, it is absorbed percutaneously, and when administered subcutaneously it was a significant teratogen in both the rabbit and mouse. Clobetasol propionate has greater teratogenic potential than steroids that are less potent.Teratogenicity studies in mice using the subcutaneous route resulted in fetotoxicity at the highest dose tested (1 mg/kg) and teratogenicity at all dose levels tested down to 0.03 mg/kg. These doses are approximately 1.4 and 0.04 times, respectively, the human topical dose of clobetasol propionate topical solution. Abnormalities seen included cleft palate and skeletal abnormalities.In rabbits, clobetasol propionate was teratogenic at doses of 3 and 10 mcg/kg. These doses are approximately 0.02 and 0.05 times, respectively, the human topical dose of clobetasol propionate topical solution. Abnormalities seen included cleft palate, cranioschisis, and other skeletal abnormalities.There are no adequate and well-controlled studies of the teratogenic potential of clobetasol propionate in pregnant women. Clobetasol propionate topical solution should be used during pregnancy only if the potential benefit justifies the potential risk to the fetus.Nursing MothersSystemically administered corticosteroids appear in human milk and could suppress growth, interfere with endogenous corticosteroid production, or cause other untoward effects. It is not known whether topical administration of corticosteroids could result in sufficient systemic absorption to produce detectable quantities in human milk.Because many drugs are excreted in human milk, caution should be exercised when clobetasol propionate topical solution is administered to a nursing woman.Pediatric UseUse of clobetasol propionate topical solution in pediatric patients under 12 years of age is not recommended.Pediatric patients may demonstrate greater susceptibility to topical corticosteroid-induced HPA axis suppression and Cushing's syndrome than mature patients because of a larger skin surface area to body weight ratio.HPA axis suppression, Cushing's syndrome, linear growth retardation, delayed weight gain, and intracranial hypertension have been reported in children receiving topical corticosteroids. Manifestations of adrenal suppression in children include low plasma cortisol levels and an absence of response to ACTH stimulation. Manifestations of intracranial hypertension include bulging fontanelles, headaches, and bilateral papilledema.Geriatric UseA limited number of patients at or above 65 years of age (n = 65) have been treated with clobetasol propionate topical solution in US and non-US clinical trials. While the number of patients is too small to permit separate analysis of efficacy and safety, the adverse reactions reported in this population were similar to those reported by younger patients. Based on available data, no adjustment of dosage of clobetasol propionate topical solution in geriatric patients is warranted.\n- This medication is to be used as directed by the physician and should not be used longer than the prescribed time period. It is for external use only. Avoid contact with the eyes.\n- This medication should not be used for any disorder other than that for which it was prescribed.\n- The treated skin area should not be bandaged or otherwise covered or wrapped so as to be occlusive.\n- Patients should report any signs of local adverse reactions to the physician.\n- ADVERSE REACTIONSClobetasol propionate topical solution is generally well tolerated when used for 2-week treatment periods.The most frequent adverse events reported for clobetasol propionate topical solution have been local and have included burning and/or stinging sensation, which occurred in 29 of 294 patients; scalp pustules, which occurred in 3 of 294 patients; and tingling and folliculitis, each of which occurred in 2 of 294 patients. Less frequent adverse events were itching and tightness of the scalp, dermatitis, tenderness, headache, hair loss, and eye irritation, each of which occurred in 1 of 294 patients.The following local adverse reactions are reported infrequently when topical corticosteroids are used as recommended. These reactions are listed in an approximately decreasing order of occurrence: burning, itching, irritation, dryness, folliculitis, hypertrichosis, acneiform eruptions, hypopigmentation, perioral dermatitis, allergic contact dermatitis, maceration of the skin, secondary infection, skin atrophy, striae, and miliaria. Systemic absorption of topical corticosteroids has produced reversible HPA axis suppression, manifestations of Cushing's syndrome, hyperglycemia, and glucosuria in some patients. In rare instances, treatment (or withdrawal of treatment) of psoriasis with corticosteroids is thought to have exacerbated the disease or provoked the pustular form of the disease, so careful patient supervision is recommended.To report SUSPECTED ADVERSE REACTIONS, contact Saptalis Pharmaceuticals, LLC at 1-833-727-8254 or FDA at 1-800-FDA-1088 or www.fda.gov/medwatch.\n- OVERDOSAGETopically applied clobetasol propionate can be absorbed in sufficient amounts to produce systemic effects (seePRECAUTIONS).\n- DOSAGE AND ADMINISTRATIONClobetasol propionate topical solution should be applied to the affected scalp areas twice daily, once in the morning and once at night.Clobetasol propionate topical solution is potent; therefore,treatment must be limited to 2 consecutive weeks and amounts greater than 50 mL/week should not be used.Clobetasol propionate topical solution is not to be used with occlusive dressings.Geriatric UseIn studies where geriatric patients (65 years of age or older, seePRECAUTIONS) have been treated with clobetasol propionate topical solution, safety did not differ from that in younger patients; therefore, no dosage adjustment is recommended.\n- HOW SUPPLIEDClobetasol propionate topical solution, USP 0.05% is a clear, colorless liquid supplied in plastic squeeze bottles, 25 mL (NDC 42571-362-81) and 50 mL (NDC 42571-362-99).Store at 20° to 25°C (68° to 77°F), with excursions permitted between 15° to 30°C (59° to 86°F) [See USP Controlled Room Temperature]. Do not refrigerate. Keep tightly closed.Do not use near an open flame.Distributed by:Micro Labs USA, Inc.Somerset, NJ 08873Manufactured by:Saptalis Pharmaceuticals, LLCHauppauge, NY 11788Revised: January 2022-R2\n- Package/Label Display Panel - 25 mL LabelNDC 42571-362-81Clobetasol Propionate Topical Solution, USP0.05%SCALP APPLICATIONFor Dermatologic Use Only–Not for Ophthalmic Use.Rx only25 mL\n- Package/Label Display Panel - 25 mL CartonNDC 42571-362-81Clobetasol Propionate Topical Solution, USP0.05%SCALP APPLICATIONFor Dermatologic Use Only–Not for Ophthalmic Use.Rx only25 mL\n- Package/Label Display Panel - 50 mL LabelNDC 42571-362-99Clobetasol Propionate Topical Solution, USP0.05%SCALP APPLICATIONFor Dermatologic Use Only–Not for Ophthalmic Use.Rx only50 mL\n- Package/Label Display Panel - 50 mL CartonNDC 42571-362-99Clobetasol Propionate Topical Solution, USP0.05%SCALP APPLICATIONFor Dermatologic Use Only–Not for Ophthalmic Use.Rx only50 mL\n- INGREDIENTS AND APPEARANCECLOBETASOL PROPIONATEclobetasol propionate solutionProduct InformationProduct TypeHUMAN PRESCRIPTION DRUGItem Code (Source)NDC:42571-362Route of AdministrationTOPICALActive Ingredient/Active MoietyIngredient NameBasis of StrengthStrengthCLOBETASOL PROPIONATE(UNII: 779619577M)  (CLOBETASOL - UNII:ADN79D536H)CLOBETASOL PROPIONATE0.5 mg  in 1 mLInactive IngredientsIngredient NameStrengthCARBOMER HOMOPOLYMER TYPE B (ALLYL PENTAERYTHRITOL CROSSLINKED)(UNII: HHT01ZNK31)ISOPROPYL ALCOHOL(UNII: ND2M416302)SODIUM HYDROXIDE(UNII: 55X04QC32I)WATER(UNII: 059QF0KO0R)Packaging#Item CodePackage DescriptionMarketing Start DateMarketing End Date1NDC:42571-362-811  in 1 CARTON10/02/2019125 mL in 1 BOTTLE; Type 0: Not a Combination Product2NDC:42571-362-991  in 1 CARTON10/02/2019250 mL in 1 BOTTLE; Type 0: Not a Combination ProductMarketing InformationMarketing CategoryApplication Number or Monograph CitationMarketing Start DateMarketing End DateANDAANDA21149410/02/2019Labeler -Micro Labs Limited\n\t\t\t\t\t\t\t(862174955)Registrant -Saptalis Pharmaceuticals, LLC (080145868)EstablishmentNameAddressID/FEIBusiness OperationsSaptalis Pharmaceuticals, LLC080145868MANUFACTURE(42571-362)\n\nClobetasol propionate topical solution, USP contains the active compound clobetasol propionate, USP a synthetic corticosteroid, for topical dermatologic use. Clobetasol, an analog of prednisolone, has a high degree of glucocorticoid activity and a slight degree of mineralocorticoid activity.\n\nChemically, clobetasol propionate, USP is (11β,16β)-21-chloro-9‑fluoro‑11‑hydroxy‑16‑methyl‑17‑(1‑oxo-­propoxy) pregna-1,4-diene-3,20-dione, and it has the following structural formula:\n\nClobetasol propionate, USP has the molecular formula C25H32ClFO5and a molecular weight of 466.97. It is a white to cream-colored crystalline powder, soluble in acetone, in dimethyl sulfoxide, in chloroform, in methanol, and in dioxane. Sparingly soluble in ethanol; slightly soluble in benzene and diethyl ether; practically insoluble in water.\n\nClobetasol propionate topical solution, USP contains clobetasol propionate, USP 0.5 mg/g in a base of carbomer 974P, isopropyl alcohol (40% w/w), purified water, and sodium hydroxide.\n\nThe corticosteroids are a class of compounds comprising steroid hormones secreted by the adrenal cortex and their synthetic analogs. In pharmacologic doses, corticosteroids are used primarily for their anti-inflammatory and/or immunosuppressive effects. Topical corticosteroids such as clobetasol propionate are effective in the treatment of corticosteroid-responsive dermatoses primarily because of their anti-inflammatory, antipruritic, and vasoconstrictive actions. However, while the physiologic, pharmacologic, and clinical effects of the corticosteroids are well known, the exact mechanisms of their actions in each disease are uncertain.\n\nClobetasol propionate, a corticosteroid, has been shown to have topical (dermatologic) and systemic pharmacologic and metabolic effects characteristic of this class of drugs.\n\nPharmacokinetics\n\nThe extent of percutaneous absorption of topical corticosteroids, including clobetasol propionate, is determined by many factors, including the vehicle, the integrity of the epidermal barrier, and the use of occlusive dressings (seeDOSAGE AND ADMINISTRATION).\n\nAs with all topical corticosteroids, clobetasol propionate can be absorbed from normal intact skin. Inflammation and/or other disease processes in the skin may increase percutaneous absorption. Occlusive dressings substantially increase the percutaneous absorption of topical corticosteroids (seeDOSAGE AND ADMINISTRATION).\n\nOnce absorbed through the skin, topical corticosteroids enter pharmacokinetic pathways similarly to systemically administered corticosteroids. Corticosteroids are bound to plasma proteins in varying degrees. Corticosteroids are metabolized primarily in the liver and are then excreted by the kidneys. Some of the topical corticosteroids, including clobetasol propionate and its metabolites, are also excreted into the bile.\n\nFollowing repeated nonocclusive application in the treatment of scalp psoriasis, there is some evidence that clobetasol propionate topical solution has the potential to depress plasma cortisol levels in some patients. However, hypothalamic-pituitary-adrenal (HPA) axis effects produced by systemically absorbed clobetasol propionate have been shown to be transient and reversible upon completion of a 2-week course of treatment.\n\nClobetasol propionate topical solution, USP is indicated for short-term topical treatment of inflammatory and pruritic manifestations of moderate to severe corticosteroid-responsive dermatoses of the scalp. Treatment beyond 2 consecutive weeks is not recommended, and the total dosage should not exceed 50 mL/week because of the potential for the drug to suppress the HPA axis.\n\nThis product is not recommended for use in pediatric patients under 12 years of age.\n\nClobetasol propionate topical solution is contraindicated in patients with primary infections of the scalp, or in patients who are hypersensitive to clobetasol propionate, other corticosteroids, or any ingredient in this preparation.\n\nGeneral\n\nClobetasol propionate is a highly potent topical corticosteroid that has been shown to suppress the HPA axis at doses as low as 2 g (of ointment) per day.Systemic absorption of topical corticosteroids has resulted in reversible HPA axis suppression, manifestations of Cushing's syndrome, hyperglycemia, and glucosuria in some patients.\n\nConditions that augment systemic absorption include the application of the more potent corticosteroids, use over large surface areas, prolonged use, and the addition of occlusive dressings. Therefore, patients receiving a large dose of a potent topical steroid applied to a large surface area should be evaluated periodically for evidence of HPA axis suppression by using the urinary free cortisol and ACTH stimulation tests. If HPA axis suppression is noted, an attempt should be made to withdraw the drug, to reduce the frequency of application, or to substitute a less potent steroid.\n\nRecovery of HPA axis function is generally prompt and complete upon discontinuation of the drug. Infrequently, signs and symptoms of steroid withdrawal may occur, requiring supplemental systemic corticosteroids.\n\nPediatric patients may absorb proportionally larger amounts of topical corticosteroids and thus be more susceptible to systemic toxicity (seePRECAUTIONS: Pediatric Use).\n\nIf irritation develops, topical corticosteroids should be discontinued and appropriate therapy instituted. Irritation is possible if clobetasol propionate topical solution contacts the eye. If that should occur, immediate flushing of the eye with a large volume of water is recommended.\n\nIf the inflammatory lesion becomes infected, the use of an appropriate antifungal or antibacterial agent should be instituted. If a favorable response does not occur promptly, the corticosteroid should be discontinued until the infection has been adequately controlled.\n\nAlthough clobetasol propionate topical solution is intended for the treatment of inflammatory conditions of the scalp, it should be noted that certain areas of the body, such as the face, groin, and axillae, are more prone to atrophic changes than other areas of the body following treatment with corticosteroids. Frequent observation of the patient is important if these areas are to be treated.\n\nAs with other potent topical corticosteroids, clobetasol propionate topical solution should not be used in the treatment of rosacea and perioral dermatitis. Topical corticosteroids in general should not be used in the treatment of acne or as sole therapy in widespread plaque psoriasis.\n\nInformation for Patients\n\nPatients using clobetasol propionate topical solution should receive the following information and instructions:\n\n- This medication is to be used as directed by the physician and should not be used longer than the prescribed time period. It is for external use only. Avoid contact with the eyes.\n- This medication should not be used for any disorder other than that for which it was prescribed.\n- The treated skin area should not be bandaged or otherwise covered or wrapped so as to be occlusive.\n- Patients should report any signs of local adverse reactions to the physician.\n\nLaboratory Tests\n\nThe following tests may be helpful in evaluating patients for HPA axis suppression:\n\nUrinary free cortisol test\n\nACTH stimulation test\n\nCarcinogenesis, Mutagenesis, Impairment of Fertility\n\nLong-term animal studies have not been performed to evaluate the carcinogenic potential of clobetasol propionate.\n\nStudies in the rat following subcutaneous administration at dosage levels up to 50 mcg/kg per day revealed that the females exhibited an increase in the number of resorbed embryos and a decrease in the number of living fetuses at the highest dose.\n\nClobetasol propionate was non-mutagenic in 3 different test systems: the Ames test, theSaccharomyces cerevisiaegene conversion assay, and theE. coliB WP2 fluctuation test.\n\nPregnancy\n\nTeratogenic Effects\n\nPregnancy Category C.\n\nCorticosteroids have been shown to be teratogenic in laboratory animals when administered systemically at relatively low dosage levels. Some corticosteroids have been shown to be teratogenic after dermal application to laboratory animals.\n\nClobetasol propionate has not been tested for teratogenicity when applied topically; however, it is absorbed percutaneously, and when administered subcutaneously it was a significant teratogen in both the rabbit and mouse. Clobetasol propionate has greater teratogenic potential than steroids that are less potent.\n\nTeratogenicity studies in mice using the subcutaneous route resulted in fetotoxicity at the highest dose tested (1 mg/kg) and teratogenicity at all dose levels tested down to 0.03 mg/kg. These doses are approximately 1.4 and 0.04 times, respectively, the human topical dose of clobetasol propionate topical solution. Abnormalities seen included cleft palate and skeletal abnormalities.\n\nIn rabbits, clobetasol propionate was teratogenic at doses of 3 and 10 mcg/kg. These doses are approximately 0.02 and 0.05 times, respectively, the human topical dose of clobetasol propionate topical solution. Abnormalities seen included cleft palate, cranioschisis, and other skeletal abnormalities.\n\nThere are no adequate and well-controlled studies of the teratogenic potential of clobetasol propionate in pregnant women. Clobetasol propionate topical solution should be used during pregnancy only if the potential benefit justifies the potential risk to the fetus.\n\nNursing Mothers\n\nSystemically administered corticosteroids appear in human milk and could suppress growth, interfere with endogenous corticosteroid production, or cause other untoward effects. It is not known whether topical administration of corticosteroids could result in sufficient systemic absorption to produce detectable quantities in human milk.\n\nBecause many drugs are excreted in human milk, caution should be exercised when clobetasol propionate topical solution is administered to a nursing woman.\n\nPediatric Use\n\nUse of clobetasol propionate topical solution in pediatric patients under 12 years of age is not recommended.\n\nPediatric patients may demonstrate greater susceptibility to topical corticosteroid-induced HPA axis suppression and Cushing's syndrome than mature patients because of a larger skin surface area to body weight ratio.\n\nHPA axis suppression, Cushing's syndrome, linear growth retardation, delayed weight gain, and intracranial hypertension have been reported in children receiving topical corticosteroids. Manifestations of adrenal suppression in children include low plasma cortisol levels and an absence of response to ACTH stimulation. Manifestations of intracranial hypertension include bulging fontanelles, headaches, and bilateral papilledema.\n\nGeriatric Use\n\nA limited number of patients at or above 65 years of age (n = 65) have been treated with clobetasol propionate topical solution in US and non-US clinical trials. While the number of patients is too small to permit separate analysis of efficacy and safety, the adverse reactions reported in this population were similar to those reported by younger patients. Based on available data, no adjustment of dosage of clobetasol propionate topical solution in geriatric patients is warranted.\n\nClobetasol propionate topical solution is generally well tolerated when used for 2-week treatment periods.\n\nThe most frequent adverse events reported for clobetasol propionate topical solution have been local and have included burning and/or stinging sensation, which occurred in 29 of 294 patients; scalp pustules, which occurred in 3 of 294 patients; and tingling and folliculitis, each of which occurred in 2 of 294 patients. Less frequent adverse events were itching and tightness of the scalp, dermatitis, tenderness, headache, hair loss, and eye irritation, each of which occurred in 1 of 294 patients.\n\nThe following local adverse reactions are reported infrequently when topical corticosteroids are used as recommended. These reactions are listed in an approximately decreasing order of occurrence: burning, itching, irritation, dryness, folliculitis, hypertrichosis, acneiform eruptions, hypopigmentation, perioral dermatitis, allergic contact dermatitis, maceration of the skin, secondary infection, skin atrophy, striae, and miliaria. Systemic absorption of topical corticosteroids has produced reversible HPA axis suppression, manifestations of Cushing's syndrome, hyperglycemia, and glucosuria in some patients. In rare instances, treatment (or withdrawal of treatment) of psoriasis with corticosteroids is thought to have exacerbated the disease or provoked the pustular form of the disease, so careful patient supervision is recommended.\n\nTo report SUSPECTED ADVERSE REACTIONS, contact Saptalis Pharmaceuticals, LLC at 1-833-727-8254 or FDA at 1-800-FDA-1088 or www.fda.gov/medwatch.\n\nTopically applied clobetasol propionate can be absorbed in sufficient amounts to produce systemic effects (seePRECAUTIONS).\n\nClobetasol propionate topical solution should be applied to the affected scalp areas twice daily, once in the morning and once at night.\n\nClobetasol propionate topical solution is potent; therefore,treatment must be limited to 2 consecutive weeks and amounts greater than 50 mL/week should not be used.\n\nClobetasol propionate topical solution is not to be used with occlusive dressings.\n\nGeriatric Use\n\nIn studies where geriatric patients (65 years of age or older, seePRECAUTIONS) have been treated with clobetasol propionate topical solution, safety did not differ from that in younger patients; therefore, no dosage adjustment is recommended.\n\nClobetasol propionate topical solution, USP 0.05% is a clear, colorless liquid supplied in plastic squeeze bottles, 25 mL (NDC 42571-362-81) and 50 mL (NDC 42571-362-99).\n\nStore at 20° to 25°C (68° to 77°F), with excursions permitted between 15° to 30°C (59° to 86°F) [See USP Controlled Room Temperature]. Do not refrigerate. Keep tightly closed.\n\nDo not use near an open flame.\n\nDistributed by:Micro Labs USA, Inc.Somerset, NJ 08873\n\nManufactured by:Saptalis Pharmaceuticals, LLCHauppauge, NY 11788\n\nRevised: January 2022-R2\n\nNDC 42571-362-81\n\nClobetasol Propionate Topical Solution, USP\n\n0.05%\n\nSCALP APPLICATION\n\nFor Dermatologic Use Only–Not for Ophthalmic Use.\n\nRx only\n\n25 mL\n\nNDC 42571-362-81\n\nClobetasol Propionate Topical Solution, USP\n\n0.05%\n\nSCALP APPLICATION\n\nFor Dermatologic Use Only–Not for Ophthalmic Use.\n\nRx only\n\n25 mL\n\nNDC 42571-362-99\n\nClobetasol Propionate Topical Solution, USP\n\n0.05%\n\nSCALP APPLICATION\n\nFor Dermatologic Use Only–Not for Ophthalmic Use.\n\nRx only\n\n50 mL\n\nNDC 42571-362-99\n\nClobetasol Propionate Topical Solution, USP\n\n0.05%\n\nSCALP APPLICATION\n\nFor Dermatologic Use Only–Not for Ophthalmic Use.\n\nRx only\n\n50 mL\n\nCLOBETASOL PROPIONATEclobetasol propionate solution\nProduct InformationProduct TypeHUMAN PRESCRIPTION DRUGItem Code (Source)NDC:42571-362Route of AdministrationTOPICAL | Product Information | Product Type | HUMAN PRESCRIPTION DRUG | Item Code (Source) | NDC:42571-362 | Route of Administration | TOPICAL\nProduct Information\nProduct Type | HUMAN PRESCRIPTION DRUG | Item Code (Source) | NDC:42571-362\nRoute of Administration | TOPICAL\nActive Ingredient/Active MoietyIngredient NameBasis of StrengthStrengthCLOBETASOL PROPIONATE(UNII: 779619577M)  (CLOBETASOL - UNII:ADN79D536H)CLOBETASOL PROPIONATE0.5 mg  in 1 mL | Active Ingredient/Active Moiety | Ingredient Name | Basis of Strength | Strength | CLOBETASOL PROPIONATE(UNII: 779619577M)  (CLOBETASOL - UNII:ADN79D536H) | CLOBETASOL PROPIONATE | 0.5 mg  in 1 mL\nActive Ingredient/Active Moiety\nIngredient Name | Basis of Strength | Strength\nCLOBETASOL PROPIONATE(UNII: 779619577M)  (CLOBETASOL - UNII:ADN79D536H) | CLOBETASOL PROPIONATE | 0.5 mg  in 1 mL\nInactive IngredientsIngredient NameStrengthCARBOMER HOMOPOLYMER TYPE B (ALLYL PENTAERYTHRITOL CROSSLINKED)(UNII: HHT01ZNK31)ISOPROPYL ALCOHOL(UNII: ND2M416302)SODIUM HYDROXIDE(UNII: 55X04QC32I)WATER(UNII: 059QF0KO0R) | Inactive Ingredients | Ingredient Name | Strength | CARBOMER HOMOPOLYMER TYPE B (ALLYL PENTAERYTHRITOL CROSSLINKED)(UNII: HHT01ZNK31) |  | ISOPROPYL ALCOHOL(UNII: ND2M416302) |  | SODIUM HYDROXIDE(UNII: 55X04QC32I) |  | WATER(UNII: 059QF0KO0R) | \nInactive Ingredients\nIngredient Name | Strength\nCARBOMER HOMOPOLYMER TYPE B (ALLYL PENTAERYTHRITOL CROSSLINKED)(UNII: HHT01ZNK31) | \nISOPROPYL ALCOHOL(UNII: ND2M416302) | \nSODIUM HYDROXIDE(UNII: 55X04QC32I) | \nWATER(UNII: 059QF0KO0R) | \n\nPackaging#Item CodePackage DescriptionMarketing Start DateMarketing End Date1NDC:42571-362-811  in 1 CARTON10/02/2019125 mL in 1 BOTTLE; Type 0: Not a Combination Product2NDC:42571-362-991  in 1 CARTON10/02/2019250 mL in 1 BOTTLE; Type 0: Not a Combination Product | Packaging | # | Item Code | Package Description | Marketing Start Date | Marketing End Date | 1 | NDC:42571-362-81 | 1  in 1 CARTON | 10/02/2019 |  | 1 |  | 25 mL in 1 BOTTLE; Type 0: Not a Combination Product |  |  | 2 | NDC:42571-362-99 | 1  in 1 CARTON | 10/02/2019 |  | 2 |  | 50 mL in 1 BOTTLE; Type 0: Not a Combination Product |  | \nPackaging\n# | Item Code | Package Description | Marketing Start Date | Marketing End Date\n1 | NDC:42571-362-81 | 1  in 1 CARTON | 10/02/2019 | \n1 |  | 25 mL in 1 BOTTLE; Type 0: Not a Combination Product |  | \n2 | NDC:42571-362-99 | 1  in 1 CARTON | 10/02/2019 | \n2 |  | 50 mL in 1 BOTTLE; Type 0: Not a Combination Product |  | \n\nMarketing InformationMarketing CategoryApplication Number or Monograph CitationMarketing Start DateMarketing End DateANDAANDA21149410/02/2019 | Marketing Information | Marketing Category | Application Number or Monograph Citation | Marketing Start Date | Marketing End Date | ANDA | ANDA211494 | 10/02/2019 | \nMarketing Information\nMarketing Category | Application Number or Monograph Citation | Marketing Start Date | Marketing End Date\nANDA | ANDA211494 | 10/02/2019 | \n\nProduct Information\nProduct Type | HUMAN PRESCRIPTION DRUG | Item Code (Source) | NDC:42571-362\nRoute of Administration | TOPICAL\n\nActive Ingredient/Active Moiety\nIngredient Name | Basis of Strength | Strength\nCLOBETASOL PROPIONATE(UNII: 779619577M)  (CLOBETASOL - UNII:ADN79D536H) | CLOBETASOL PROPIONATE | 0.5 mg  in 1 mL\n\nInactive Ingredients\nIngredient Name | Strength\nCARBOMER HOMOPOLYMER TYPE B (ALLYL PENTAERYTHRITOL CROSSLINKED)(UNII: HHT01ZNK31) | \nISOPROPYL ALCOHOL(UNII: ND2M416302) | \nSODIUM HYDROXIDE(UNII: 55X04QC32I) | \nWATER(UNII: 059QF0KO0R) | \n\nPackaging\n# | Item Code | Package Description | Marketing Start Date | Marketing End Date\n1 | NDC:42571-362-81 | 1  in 1 CARTON | 10/02/2019 | \n1 |  | 25 mL in 1 BOTTLE; Type 0: Not a Combination Product |  | \n2 | NDC:42571-362-99 | 1  in 1 CARTON | 10/02/2019 | \n2 |  | 50 mL in 1 BOTTLE; Type 0: Not a Combination Product |  | \n\nMarketing Information\nMarketing Category | Application Number or Monograph Citation | Marketing Start Date | Marketing End Date\nANDA | ANDA211494 | 10/02/2019 | \n\nLabeler -Micro Labs Limited\n\t\t\t\t\t\t\t(862174955)\n\nRegistrant -Saptalis Pharmaceuticals, LLC (080145868)\n\nEstablishment\nName | Address | ID/FEI | Business Operations\nSaptalis Pharmaceuticals, LLC |  | 080145868 | MANUFACTURE(42571-362)\n\nSafety:\nReport Adverse\n                        Events,FDA Safety Recalls,Presence in Breast Milk\n\nRelated Resources:\nMedline Plus,Clinical Trials,PubMed,Biochemical Data Summary\n\nMore Info on this Drug:\nView Labeling Archives,RxNorm,Get Label RSS Feed,View NDC Code(s)NEW!\n\nTo receive this label RSS feed:\nCopy the URL below and paste it into your RSS Reader application.https://dailymed.nlm.nih.gov/dailymed/labelrss.cfm?setid=85aea21d-c4ff-4558-b416-516fa93bea1fTo receive all DailyMed Updates for the last seven daysCopy the URL below and paste it into your RSS Reader application.https://dailymed.nlm.nih.gov/dailymed/rss.cfmWhat will I get with the DailyMed RSS feed?DailyMed will deliver notification of updates and additions to Drug Label information currently shown on this site through its RSS feed.DailyMed will deliver this notification to your desktop, Web browser, or e-mail depending on the RSS Reader you select to use. To view updated drug label links, paste the RSS feed address (URL) shown below into a RSS reader, or use a browser which supports RSS feeds, such as Safari for Mac OS X.How to discontinue the RSS feedIf you no longer wish to have this DailyMed RSS service, simply delete the copied URL from your RSS Reader.More about getting RSS News & Updates from DailyMed\n\nhttps://dailymed.nlm.nih.gov/dailymed/labelrss.cfm?setid=85aea21d-c4ff-4558-b416-516fa93bea1f\n\nCopy the URL below and paste it into your RSS Reader application.\n\nhttps://dailymed.nlm.nih.gov/dailymed/rss.cfm\n\nDailyMed will deliver notification of updates and additions to Drug Label information currently shown on this site through its RSS feed.\n\nDailyMed will deliver this notification to your desktop, Web browser, or e-mail depending on the RSS Reader you select to use. To view updated drug label links, paste the RSS feed address (URL) shown below into a RSS reader, or use a browser which supports RSS feeds, such as Safari for Mac OS X.\n\nIf you no longer wish to have this DailyMed RSS service, simply delete the copied URL from your RSS Reader.\n\nTo receive all DailyMed Updates for the last seven days:\nCopy the URL below and paste it into your RSS Reader application.\n\nhttps://dailymed.nlm.nih.gov/dailymed/rss.cfm\n\nWhat will I get with the DailyMed RSS feed?:\nDailyMed will deliver notification of updates and additions to Drug Label information currently shown on this site through its RSS feed.\n\nDailyMed will deliver this notification to your desktop, Web browser, or e-mail depending on the RSS Reader you select to use. To view updated drug label links, paste the RSS feed address (URL) shown below into a RSS reader, or use a browser which supports RSS feeds, such as Safari for Mac OS X.\n\nHow to discontinue the RSS feed:\nIf you no longer wish to have this DailyMed RSS service, simply delete the copied URL from your RSS Reader.\n\nWhy is DailyMed no longer displaying pill images on the Search Results and Drug Info pages?:\nDue to inconsistencies between the drug labels on DailyMed and the pill images provided byRxImage, we no longer display the RxImage pill images associated with drug labels.\n\nWe anticipate reposting the images once we are able identify and filter out images that do not match the information provided in the drug labels."
  }
}