{
  "name": "Cromolyn Sodium Oral Solution",
  "url": "https://www.microlabsusa.com/products/cromolyn-sodium-oral-solution/",
  "scraped_at": "2024-12-04T11:40:38.946480",
  "prescribing_info": {
    "indications_and_usage": "",
    "dosage_and_administration": "",
    "dosage_forms_and_strengths": "",
    "contraindications": "",
    "warnings_and_precautions": "",
    "adverse_reactions": "",
    "drug_interactions": "In pregnant mice, cromolyn sodium alone did not cause significant increases in resorptions or major malformations at subcutaneous doses up to 540 mg/kg (approximately equal to the maximum recommended daily oral dose in adults on a mg/m2basis). Isoproterenol alone increased both resorptions and major malformations (primarily cleft palate) at a subcutaneous dose of 2.7 mg/kg (approximately 7 times the maximum recommended daily inhalation dose in adults on a mg/m2basis). The incidence of major malformations increased further when cromolyn sodium at a subcutaneous dose of 540 mg/kg was added to isoproterenol at a subcutaneous dose of 2.7 mg/kg. No such interaction was observed in rats or rabbits.",
    "use_in_specific_populations": "",
    "description": "",
    "clinical_pharmacology": "",
    "how_supplied": "",
    "other_information": "View Package Photos:\n- \n- \n- \n\n- \n- \n\nVIEW MORE:\n- \n- \n\n- \n\nSafety:\n- Report Adverse Events\n- FDA Safety Recalls\n- Presence in Breast Milk\n\nRelated Resources:\n- Medline Plus\n- Clinical Trials\n- PubMedAll\n                                            CitationsAdverse EffectsTherapeutic UsePharmacologyClinical Trials\n- All\n                                            Citations\n- Adverse Effects\n- Therapeutic Use\n- Pharmacology\n- Clinical Trials\n- Biochemical Data Summary\n\n- All\n                                            Citations\n- Adverse Effects\n- Therapeutic Use\n- Pharmacology\n- Clinical Trials\n\nMore Info For This Drug:\n- View Labeling Archives\n- RxNorm\n- Get Label RSS Feed\n- View NDC Code(s)NEW!\n\nDrug Label Information:\nUpdated\n                    September 26, 2024\n\nIf you are a consumer or patient please visitthis version.\n\n- Download DRUG LABEL INFO:PDFXML\n- Official Label (Printer Friendly)\n\n- DESCRIPTIONEach 5 mL ampule of Cromolyn Sodium Oral Solution (Concentrate) contains 100 mg cromolyn sodium, USP, in Water for Injection. Cromolyn sodium is a hygroscopic, white powder having little odor. It may leave a slightly bitter aftertaste. Cromolyn Sodium Oral Solution (Concentrate) 100 mg/5 mL is clear, colorless, and sterile. It is intended for oral use.Chemically, cromolyn sodium is disodium 5,5’-[(2-hydroxytrimethylene)dioxy]bis[4-oxo-4H-1-benzopyran-2-carboxylate]. The molecular formula is C23H14Na2O11; the molecular weight is 512.34. Its chemical structure is:Pharmacologic Category: Mast cell stabilizerTherapeutic Category: Antiallergic\n- CLINICAL PHARMACOLOGYIn vitroandin vivoanimal studies have shown that cromolyn sodium inhibits the release of mediators from sensitized mast cells. Cromolyn sodium acts by inhibiting the release of histamine and leukotrienes (SRS-A) from the mast cell.Cromolyn sodium has no intrinsic vasoconstrictor, antihistamine, or glucocorticoid activity.Cromolyn sodium is poorly absorbed from the gastrointestinal tract. No more than 1% of an administered dose is absorbed by humans after oral administration, the remainder being excreted in the feces. Very little absorption of cromolyn sodium was seen after oral administration of 500 mg by mouth to each of 12 volunteers. From 0.28 to 0.50% of the administered dose was recovered in the first 24 hours of urinary excretion in 3 subjects. The mean urinary excretion of an administered dose over 24 hours in the remaining 9 subjects was 0.45%.\n- CLINICAL STUDIESFour randomized, controlled clinical trials were conducted with Cromolyn Sodium Oral Solution (Concentrate) 100 mg/5 mL in patients with either cutaneous or systemic mastocytosis; two of which utilized a placebo-controlled crossover design, one utilized an active-controlled (chlorpheniramine plus cimetidine) crossover design, and one utilized a placebo-controlled parallel group design. Due to the rare nature of this disease, only 36 patients qualified for study entry, of whom 32 were considered evaluable. Consequently, formal statistical analyses were not performed. Clinically significant improvement in gastrointestinal symptoms (diarrhea, abdominal pain) were seen in the majority of patients with some improvement also seen for cutaneous manifestations (urticaria, pruritus, flushing) and cognitive function. The benefit seen with Cromolyn sodium 200 mg QID was similar to chlorpheniramine (4 mg QID) plus cimetidine (300 mg QID) for both cutaneous and systemic symptoms of mastocytosis.Clinical improvement occurred within 2 to 6 weeks of treatment initiation and persisted for 2 to 3 weeks after treatment withdrawal. Cromolyn Sodium Oral Solution (Concentrate) 100 mg/5 mL did not affect urinary histamine levels or peripheral eosinophilia, although neither of these variables appeared to correlate with disease severity. Positive clinical benefits were also reported for 37 of 51 patients who received Cromolyn Sodium Oral Solution (Concentrate) 100 mg/5 mL in United States and foreign humanitarian programs.\n- INDICATIONS AND USAGECromolyn Sodium Oral Solution (Concentrate) 100 mg/5 mL is indicated in the management of patients with mastocytosis. Use of this product has been associated with improvement in diarrhea, flushing, headaches, vomiting, urticaria, abdominal pain, nausea, and itching in some patients.\n- CONTRAINDICATIONSCromolyn Sodium Oral Solution (Concentrate) 100 mg/5 mL is contraindicated in those patients who have shown hypersensitivity to cromolyn sodium.\n- WARNINGSThe recommended dosage should be decreased in patients with decreased renal or hepatic function. Severe anaphylactic reactions may occur rarely in association with cromolyn sodium administration.\n- PRECAUTIONSIn view of the biliary and renal routes of excretion of Cromolyn Sodium Oral Solution (Concentrate) 100 mg/5 mL, consideration should be given to decreasing the dosage of the drug in patients with impaired renal or hepatic function.Carcinogenesis, Mutagenesis, and Impairment of FertilityIn carcinogenicity studies in mice, hamsters, and rats, cromolyn sodium had no neoplastic effects at intraperitoneal doses up to 150 mg/kg three days per week for 12 months in mice, at intraperitoneal doses up to 53 mg/kg three days per week for 15 weeks followed by 17.5 mg/kg three days per week for 37 weeks in hamsters, and at subcutaneous doses up to 75 mg/kg six days per week for 18 months in rats. These doses in mice, hamsters, and rats are less than the maximum recommended daily oral dose in adults and children on a mg/m2basis.Cromolyn sodium showed no mutagenic potential in Ames Salmonella/microsome plate assays, mitotic gene conversion inSaccharomyces cerevisiaeand in anin vitrocytogenetic study in human peripheral lymphocytes.In rats, cromolyn sodium showed no evidence of impaired fertility at subcutaneous doses up to 175 mg/kg in males (approximately equal to the maximum recommended daily oral dose in adults on a mg/m2basis) and 100 mg/kg in females (less than the maximum recommended daily oral dose in adults on a mg/m2basis).PregnancyIn reproductive studies in pregnant mice, rats, and rabbits, cromolyn sodium produced no evidence of fetal malformations at subcutaneous doses up to 540 mg/kg in mice (approximately equal to the maximum recommended daily oral dose in adults on a mg/m2basis) and 164 mg/kg in rats (less than the maximum recommended daily oral dose in adults on a mg/m2basis) or at intravenous doses up to 485 mg/kg in rabbits (approximately 4 times the maximum recommended daily oral dose in adults on a mg/m2basis). There are, however, no adequate and well controlled studies in pregnant women.Because animal reproduction studies are not always predictive of human response, this drug should be used during pregnancy only if clearly needed.Drug Interaction During PregnancyNursing MothersIt is not known whether this drug is excreted in human milk. Because many drugs are excreted in human milk, caution should be exercised when Cromolyn Sodium Oral Solution (Concentrate) 100 mg/5 mL is administered to a nursing woman.Pediatric UseIn adult rats no adverse effects of cromolyn sodium were observed at oral doses up to 6144 mg/kg (approximately 25 times the maximum recommended daily oral dose in adults on a mg/m2basis). In neonatal rats, cromolyn sodium increased mortality at oral doses of 1000 mg/kg or greater (approximately 9 times the maximum recommended daily oral dose in infants on a mg/m2basis) but not at doses of 300 mg/kg or less (approximately 3 times the maximum recommended daily oral dose in infants on a mg/m2basis). Plasma and kidney concentrations of cromolyn after oral administration to neonatal rats were up to 20 times greater than those in older rats. In term infants up to six months of age, available clinical data suggest that the dose should not exceed 20 mg/kg/day. The use of this product in pediatric patients less than two years of age should be reserved for patients with severe disease in which the potential benefits clearly outweigh the risks.Geriatric UseClinical studies of Cromolyn Sodium Oral Solution (Concentrate) 100 mg/5 mL did not include sufficient numbers of subjects aged 65 and over to determine whether they respond differently from younger subjects. Other reported clinical experience has not identified differences in responses between the elderly and younger patients. In general, dose selection for an elderly patient should be cautious, usually starting at the low end of the dosing range, reflecting the greater frequency of decreased hepatic, renal, or cardiac function, and of concomitant disease or other drug therapy.\n- ADVERSE REACTIONSMost of the adverse events reported in mastocytosis patients have been transient and could represent symptoms of the disease. The most frequently reported adverse events in mastocytosis patients who have received Cromolyn Sodium Oral Solution (Concentrate) 100 mg/5 mL during clinical studies were headache and diarrhea, each of which occurred in 4 of the 87 patients. Pruritus, nausea, and myalgia were each reported in 3 patients and abdominal pain, rash, and irritability in 2 patients each. One report of malaise was also recorded.To report SUSPECTED ADVERSE REACTIONS, contact Micro Labs USA Inc. at 1-855-839-8195 or FDA at 1-800-FDA-1088 or www.fda.gov/medwatch.Other Adverse Events:Additional adverse events have been reported during studies in other clinical conditions and from worldwide postmarketing experience. In most cases the available information is incomplete and attribution to the drug cannot be determined. The majority of these reports involve the gastrointestinal system and include: diarrhea, nausea, abdominal pain, constipation, dyspepsia, flatulence, glossitis, stomatitis, vomiting, dysphagia, esophagospasm.Other less commonly reported events (the majority representing only a single report) include the following:Skin: pruritus, rash, urticaria/angioedema, erythema/ burning, photosensitivityMusculoskeletal: arthralgia, myalgia, stiffness/weakness of legsNeurologic: headache, dizziness, hypoesthesia, paresthesia, migraine, convulsions, flushingPsychiatric: psychosis, anxiety, depression, hallucinations, behavior change, insomnia, nervousnessHeart Rate: tachycardia, premature ventricular contractions (PVCs), palpitationsRespiratory: pharyngitis, dyspneaMiscellaneous: fatigue, edema, unpleasant taste, chest pain, postprandial lightheadedness and lethargy, dysuria, urinary frequency, purpura, hepatic function test abnormal, polycythemia, neutropenia, pancytopenia, tinnitus, lupus erythematosus (LE) syndrome\n- DOSAGE AND ADMINISTRATION:NOT FOR INHALATION OR INJECTION. SEE DIRECTIONS FOR USE.The usual starting dose is as follows:Adults and Adolescents (13 Years and Older):Two ampules four times daily, taken one-half hour before meals and at bedtime.Children 2 to 12 Years:One ampule four times daily, taken one-half hour before meals and at bedtime.Pediatric Patients Under 2 Years:Not recommended.If satisfactory control of symptoms is not achieved within two to three weeks, the dosage may be increased but should not exceed 40 mg/kg/day.Patients should be advised that the effect of Cromolyn Sodium Oral Solution (Concentrate) 100 mg/5 mL therapy is dependent upon its administration at regular intervals, as directed.Maintenance Dose:Once a therapeutic response has been achieved, the dose may be reduced to the minimum required to maintain the patient with a lower degree of symptomatology. To prevent relapses, the dosage should be maintained.Administration:Cromolyn Sodium Oral Solution (Concentrate) 100 mg/5 mL should be administered as a solution at least ½ hour before meals and at bedtime after preparation according to the following directions:1.   Break open ampule(s) and squeeze liquid contents of ampule(s) into a glass of water.2.   Stir solution.3.   Drink all of the liquid.\n- HOW SUPPLIEDCromolyn Sodium Oral Solution (Concentrate) 100 mg/5 mL is supplied in a BFS (Blow Fill Seal) ampules as follows:  5 mL fill in 5 mL BFS ampule, with 8 ampules per foil pouch and such 12 pouches in one outer carton.5 mL fill in 5 mL BFS Ampule                                                                      NDC 42571-132-21Pouch of 8 x 5 mL BFS Ampules                                                                 NDC 42571-132-95Outer Carton of 96 x 5 mL (12 pouches of 8 x 5 mL BFS Ampules)            NDC 42571-132-52Cromolyn Sodium Oral Solution (Concentrate) 100 mg/5 mL should be stored between 15° to 30°C (59° to 86°F) and protected from light. Do not use if it contains a precipitate or becomes discolored. Keep out of the reach of children.Store ampules in foil pouch until ready for use.Manufactured by:Micro Labs LimitedBangalore-560 099, INDIA.Manufactured for:Micro Labs USA, Inc.Somerset, NJ 08873Rev. 11/2023\n- PATIENT INSTRUCTIONSCromolyn Sodium Oral Solution (Concentrate) 100 mg/5 mLFor Oral Use Only – Not for Inhalation or Injection.MUST BE DILUTEDHow to Use Cromolyn Sodium Oral Solution (Concentrate) 100 mg/5 mL:As with all prescription drugs, follow the directions for dosage that your physician recommends.The effect of Cromolyn Sodium Oral Solution (Concentrate) 100 mg/5 mL therapy is dependent upon its administration at REGULAR intervals, for as long as recommended by your physician.Usual Starting Dose:Adults and Adolescents (13 Years and Older):Two ampules four times daily, taken one-half hour before meals and at bedtime.Children 2 to 12 Years:One ampule four times daily, taken one-half hour before meals and at bedtime.Note:Your physician may decide to increase OR decrease your dosage to achieve optimum results with Cromolyn Sodium Oral Solution (Concentrate) 100 mg/5 mL. However, do not change your dose or stop taking Cromolyn Sodium Oral Solution (Concentrate) 100 mg/5 mL without first consulting your physician.Care & Storage:Cromolyn Sodium Oral Solution (Concentrate) 100 mg/5 mL should be stored between 15° to 30°C (59° to 86°F) and protected from light. Do not use if it contains a precipitate or becomes discolored. Keep out of the reach of children.Store ampules in foil pouch until ready for use.Call your doctor for medical advice about side effects. You may report side effects to FDA at 1-800-FDA-1088.Directions for Use:Manufactured by:Micro Labs LimitedBangalore-560 099, INDIA.Manufactured for:Micro Labs USA, Inc.Somerset, NJ 08873Rev. 11/2023\n- PACKAGE LABEL.PRINCIPAL DISPLAY PANEL-5 mL fill in 5 mL Ampule LabelNDC 42571-132-21Cromolyn SodiumOral Solution(Concentrate)100 mg/5 mLRx Only5 mLMICRO LABS LIMITED\n- PACKAGE LABEL.PRINCIPAL DISPLAY PANEL-Pouch LabelNDC 42571-132-95Rx OnlyCromolyn SodiumOral Solution (Conncentrate)100 mg/5 mLFOR ORAL USE ONLY - NOT FOR INHALATION OR INJECTION8 AmpoulesMICRO LABS LIMITED\n- PACKAGE LABEL.PRINCIPAL DISPLAY PANEL- Outer Carton LabelNDC 42571-132-52Rx OnlyCromolyn SodiumOral Solution (Concentrate)100 mg/5 mLFOR ORAL USE ONLY - NOT FOR INHALATION OR INJECTION96 AmpoulesMICRO LABS LIMITED\n- INGREDIENTS AND APPEARANCECROMOLYN SODIUMcromolyn sodium solution, concentrateProduct InformationProduct TypeHUMAN PRESCRIPTION DRUGItem Code (Source)NDC:42571-132Route of AdministrationORALActive Ingredient/Active MoietyIngredient NameBasis of StrengthStrengthCROMOLYN SODIUM(UNII: Q2WXR1I0PK)  (CROMOLYN - UNII:Y0TK0FS77W)CROMOLYN SODIUM100 mg  in 5 mLInactive IngredientsIngredient NameStrengthWATER(UNII: 059QF0KO0R)Product CharacteristicsColorwhite (clear, colorless)ScoreShapeSizeFlavorImprint CodeContainsPackaging#Item CodePackage DescriptionMarketing Start DateMarketing End Date1NDC:42571-132-5296  in 1 CARTON05/04/201311  in 1 CARTON18  in 1 TRAY1NDC:42571-132-215 mL in 1 AMPULE; Type 0: Not a Combination ProductMarketing InformationMarketing CategoryApplication Number or Monograph CitationMarketing Start DateMarketing End DateANDAANDA20274505/04/2013Labeler -Micro Labs Limited\n\t\t\t\t\t\t\t(862174955)EstablishmentNameAddressID/FEIBusiness OperationsMicro Labs Limited677600482manufacture(42571-132)\n\nEach 5 mL ampule of Cromolyn Sodium Oral Solution (Concentrate) contains 100 mg cromolyn sodium, USP, in Water for Injection. Cromolyn sodium is a hygroscopic, white powder having little odor. It may leave a slightly bitter aftertaste. Cromolyn Sodium Oral Solution (Concentrate) 100 mg/5 mL is clear, colorless, and sterile. It is intended for oral use.Chemically, cromolyn sodium is disodium 5,5’-[(2-hydroxytrimethylene)dioxy]bis[4-oxo-4H-1-benzopyran-2-carboxylate]. The molecular formula is C23H14Na2O11; the molecular weight is 512.34. Its chemical structure is:\n\nPharmacologic Category: Mast cell stabilizerTherapeutic Category: Antiallergic\n\nIn vitroandin vivoanimal studies have shown that cromolyn sodium inhibits the release of mediators from sensitized mast cells. Cromolyn sodium acts by inhibiting the release of histamine and leukotrienes (SRS-A) from the mast cell.Cromolyn sodium has no intrinsic vasoconstrictor, antihistamine, or glucocorticoid activity.Cromolyn sodium is poorly absorbed from the gastrointestinal tract. No more than 1% of an administered dose is absorbed by humans after oral administration, the remainder being excreted in the feces. Very little absorption of cromolyn sodium was seen after oral administration of 500 mg by mouth to each of 12 volunteers. From 0.28 to 0.50% of the administered dose was recovered in the first 24 hours of urinary excretion in 3 subjects. The mean urinary excretion of an administered dose over 24 hours in the remaining 9 subjects was 0.45%.\n\nFour randomized, controlled clinical trials were conducted with Cromolyn Sodium Oral Solution (Concentrate) 100 mg/5 mL in patients with either cutaneous or systemic mastocytosis; two of which utilized a placebo-controlled crossover design, one utilized an active-controlled (chlorpheniramine plus cimetidine) crossover design, and one utilized a placebo-controlled parallel group design. Due to the rare nature of this disease, only 36 patients qualified for study entry, of whom 32 were considered evaluable. Consequently, formal statistical analyses were not performed. Clinically significant improvement in gastrointestinal symptoms (diarrhea, abdominal pain) were seen in the majority of patients with some improvement also seen for cutaneous manifestations (urticaria, pruritus, flushing) and cognitive function. The benefit seen with Cromolyn sodium 200 mg QID was similar to chlorpheniramine (4 mg QID) plus cimetidine (300 mg QID) for both cutaneous and systemic symptoms of mastocytosis.Clinical improvement occurred within 2 to 6 weeks of treatment initiation and persisted for 2 to 3 weeks after treatment withdrawal. Cromolyn Sodium Oral Solution (Concentrate) 100 mg/5 mL did not affect urinary histamine levels or peripheral eosinophilia, although neither of these variables appeared to correlate with disease severity. Positive clinical benefits were also reported for 37 of 51 patients who received Cromolyn Sodium Oral Solution (Concentrate) 100 mg/5 mL in United States and foreign humanitarian programs.\n\nCromolyn Sodium Oral Solution (Concentrate) 100 mg/5 mL is indicated in the management of patients with mastocytosis. Use of this product has been associated with improvement in diarrhea, flushing, headaches, vomiting, urticaria, abdominal pain, nausea, and itching in some patients.\n\nCromolyn Sodium Oral Solution (Concentrate) 100 mg/5 mL is contraindicated in those patients who have shown hypersensitivity to cromolyn sodium.\n\nThe recommended dosage should be decreased in patients with decreased renal or hepatic function. Severe anaphylactic reactions may occur rarely in association with cromolyn sodium administration.\n\nIn view of the biliary and renal routes of excretion of Cromolyn Sodium Oral Solution (Concentrate) 100 mg/5 mL, consideration should be given to decreasing the dosage of the drug in patients with impaired renal or hepatic function.\n\nIn carcinogenicity studies in mice, hamsters, and rats, cromolyn sodium had no neoplastic effects at intraperitoneal doses up to 150 mg/kg three days per week for 12 months in mice, at intraperitoneal doses up to 53 mg/kg three days per week for 15 weeks followed by 17.5 mg/kg three days per week for 37 weeks in hamsters, and at subcutaneous doses up to 75 mg/kg six days per week for 18 months in rats. These doses in mice, hamsters, and rats are less than the maximum recommended daily oral dose in adults and children on a mg/m2basis.\n\nCromolyn sodium showed no mutagenic potential in Ames Salmonella/microsome plate assays, mitotic gene conversion inSaccharomyces cerevisiaeand in anin vitrocytogenetic study in human peripheral lymphocytes.\n\nIn rats, cromolyn sodium showed no evidence of impaired fertility at subcutaneous doses up to 175 mg/kg in males (approximately equal to the maximum recommended daily oral dose in adults on a mg/m2basis) and 100 mg/kg in females (less than the maximum recommended daily oral dose in adults on a mg/m2basis).\n\nIn reproductive studies in pregnant mice, rats, and rabbits, cromolyn sodium produced no evidence of fetal malformations at subcutaneous doses up to 540 mg/kg in mice (approximately equal to the maximum recommended daily oral dose in adults on a mg/m2basis) and 164 mg/kg in rats (less than the maximum recommended daily oral dose in adults on a mg/m2basis) or at intravenous doses up to 485 mg/kg in rabbits (approximately 4 times the maximum recommended daily oral dose in adults on a mg/m2basis). There are, however, no adequate and well controlled studies in pregnant women.Because animal reproduction studies are not always predictive of human response, this drug should be used during pregnancy only if clearly needed.\n\nIt is not known whether this drug is excreted in human milk. Because many drugs are excreted in human milk, caution should be exercised when Cromolyn Sodium Oral Solution (Concentrate) 100 mg/5 mL is administered to a nursing woman.\n\nIn adult rats no adverse effects of cromolyn sodium were observed at oral doses up to 6144 mg/kg (approximately 25 times the maximum recommended daily oral dose in adults on a mg/m2basis). In neonatal rats, cromolyn sodium increased mortality at oral doses of 1000 mg/kg or greater (approximately 9 times the maximum recommended daily oral dose in infants on a mg/m2basis) but not at doses of 300 mg/kg or less (approximately 3 times the maximum recommended daily oral dose in infants on a mg/m2basis). Plasma and kidney concentrations of cromolyn after oral administration to neonatal rats were up to 20 times greater than those in older rats. In term infants up to six months of age, available clinical data suggest that the dose should not exceed 20 mg/kg/day. The use of this product in pediatric patients less than two years of age should be reserved for patients with severe disease in which the potential benefits clearly outweigh the risks.\n\nClinical studies of Cromolyn Sodium Oral Solution (Concentrate) 100 mg/5 mL did not include sufficient numbers of subjects aged 65 and over to determine whether they respond differently from younger subjects. Other reported clinical experience has not identified differences in responses between the elderly and younger patients. In general, dose selection for an elderly patient should be cautious, usually starting at the low end of the dosing range, reflecting the greater frequency of decreased hepatic, renal, or cardiac function, and of concomitant disease or other drug therapy.\n\nMost of the adverse events reported in mastocytosis patients have been transient and could represent symptoms of the disease. The most frequently reported adverse events in mastocytosis patients who have received Cromolyn Sodium Oral Solution (Concentrate) 100 mg/5 mL during clinical studies were headache and diarrhea, each of which occurred in 4 of the 87 patients. Pruritus, nausea, and myalgia were each reported in 3 patients and abdominal pain, rash, and irritability in 2 patients each. One report of malaise was also recorded.To report SUSPECTED ADVERSE REACTIONS, contact Micro Labs USA Inc. at 1-855-839-8195 or FDA at 1-800-FDA-1088 or www.fda.gov/medwatch.Other Adverse Events:Additional adverse events have been reported during studies in other clinical conditions and from worldwide postmarketing experience. In most cases the available information is incomplete and attribution to the drug cannot be determined. The majority of these reports involve the gastrointestinal system and include: diarrhea, nausea, abdominal pain, constipation, dyspepsia, flatulence, glossitis, stomatitis, vomiting, dysphagia, esophagospasm.Other less commonly reported events (the majority representing only a single report) include the following:Skin: pruritus, rash, urticaria/angioedema, erythema/ burning, photosensitivityMusculoskeletal: arthralgia, myalgia, stiffness/weakness of legsNeurologic: headache, dizziness, hypoesthesia, paresthesia, migraine, convulsions, flushingPsychiatric: psychosis, anxiety, depression, hallucinations, behavior change, insomnia, nervousnessHeart Rate: tachycardia, premature ventricular contractions (PVCs), palpitationsRespiratory: pharyngitis, dyspneaMiscellaneous: fatigue, edema, unpleasant taste, chest pain, postprandial lightheadedness and lethargy, dysuria, urinary frequency, purpura, hepatic function test abnormal, polycythemia, neutropenia, pancytopenia, tinnitus, lupus erythematosus (LE) syndrome\n\nNOT FOR INHALATION OR INJECTION. SEE DIRECTIONS FOR USE.The usual starting dose is as follows:Adults and Adolescents (13 Years and Older):Two ampules four times daily, taken one-half hour before meals and at bedtime.Children 2 to 12 Years:One ampule four times daily, taken one-half hour before meals and at bedtime.Pediatric Patients Under 2 Years:Not recommended.If satisfactory control of symptoms is not achieved within two to three weeks, the dosage may be increased but should not exceed 40 mg/kg/day.Patients should be advised that the effect of Cromolyn Sodium Oral Solution (Concentrate) 100 mg/5 mL therapy is dependent upon its administration at regular intervals, as directed.Maintenance Dose:Once a therapeutic response has been achieved, the dose may be reduced to the minimum required to maintain the patient with a lower degree of symptomatology. To prevent relapses, the dosage should be maintained.Administration:Cromolyn Sodium Oral Solution (Concentrate) 100 mg/5 mL should be administered as a solution at least ½ hour before meals and at bedtime after preparation according to the following directions:1.   Break open ampule(s) and squeeze liquid contents of ampule(s) into a glass of water.2.   Stir solution.3.   Drink all of the liquid.\n\nCromolyn Sodium Oral Solution (Concentrate) 100 mg/5 mL is supplied in a BFS (Blow Fill Seal) ampules as follows:  5 mL fill in 5 mL BFS ampule, with 8 ampules per foil pouch and such 12 pouches in one outer carton.\n\n5 mL fill in 5 mL BFS Ampule                                                                      NDC 42571-132-21\n\nPouch of 8 x 5 mL BFS Ampules                                                                 NDC 42571-132-95\n\nOuter Carton of 96 x 5 mL (12 pouches of 8 x 5 mL BFS Ampules)            NDC 42571-132-52\n\nCromolyn Sodium Oral Solution (Concentrate) 100 mg/5 mL should be stored between 15° to 30°C (59° to 86°F) and protected from light. Do not use if it contains a precipitate or becomes discolored. Keep out of the reach of children.\n\nStore ampules in foil pouch until ready for use.\n\nManufactured by:Micro Labs LimitedBangalore-560 099, INDIA.Manufactured for:Micro Labs USA, Inc.Somerset, NJ 08873\n\nRev. 11/2023\n\nCromolyn Sodium Oral Solution (Concentrate) 100 mg/5 mL\n\nFor Oral Use Only – Not for Inhalation or Injection.\n\nMUST BE DILUTED\n\nHow to Use Cromolyn Sodium Oral Solution (Concentrate) 100 mg/5 mL:\n\nAs with all prescription drugs, follow the directions for dosage that your physician recommends.\n\nThe effect of Cromolyn Sodium Oral Solution (Concentrate) 100 mg/5 mL therapy is dependent upon its administration at REGULAR intervals, for as long as recommended by your physician.\n\nUsual Starting Dose:\n\nAdults and Adolescents (13 Years and Older):\n\nTwo ampules four times daily, taken one-half hour before meals and at bedtime.\n\nChildren 2 to 12 Years:\n\nOne ampule four times daily, taken one-half hour before meals and at bedtime.\n\nNote:\n\nYour physician may decide to increase OR decrease your dosage to achieve optimum results with Cromolyn Sodium Oral Solution (Concentrate) 100 mg/5 mL. However, do not change your dose or stop taking Cromolyn Sodium Oral Solution (Concentrate) 100 mg/5 mL without first consulting your physician.\n\nCare & Storage:\n\nCromolyn Sodium Oral Solution (Concentrate) 100 mg/5 mL should be stored between 15° to 30°C (59° to 86°F) and protected from light. Do not use if it contains a precipitate or becomes discolored. Keep out of the reach of children.\n\nStore ampules in foil pouch until ready for use.\n\nCall your doctor for medical advice about side effects. You may report side effects to FDA at 1-800-FDA-1088.\n\nDirections for Use:\n\nManufactured by:Micro Labs LimitedBangalore-560 099, INDIA.Manufactured for:Micro Labs USA, Inc.Somerset, NJ 08873Rev. 11/2023\n\nNDC 42571-132-21Cromolyn SodiumOral Solution(Concentrate)100 mg/5 mLRx Only5 mLMICRO LABS LIMITED\n\nNDC 42571-132-95Rx OnlyCromolyn SodiumOral Solution (Conncentrate)100 mg/5 mLFOR ORAL USE ONLY - NOT FOR INHALATION OR INJECTION8 AmpoulesMICRO LABS LIMITED\n\nNDC 42571-132-52Rx OnlyCromolyn SodiumOral Solution (Concentrate)100 mg/5 mLFOR ORAL USE ONLY - NOT FOR INHALATION OR INJECTION96 AmpoulesMICRO LABS LIMITED\n\nCROMOLYN SODIUMcromolyn sodium solution, concentrate\nProduct InformationProduct TypeHUMAN PRESCRIPTION DRUGItem Code (Source)NDC:42571-132Route of AdministrationORAL | Product Information | Product Type | HUMAN PRESCRIPTION DRUG | Item Code (Source) | NDC:42571-132 | Route of Administration | ORAL\nProduct Information\nProduct Type | HUMAN PRESCRIPTION DRUG | Item Code (Source) | NDC:42571-132\nRoute of Administration | ORAL\nActive Ingredient/Active MoietyIngredient NameBasis of StrengthStrengthCROMOLYN SODIUM(UNII: Q2WXR1I0PK)  (CROMOLYN - UNII:Y0TK0FS77W)CROMOLYN SODIUM100 mg  in 5 mL | Active Ingredient/Active Moiety | Ingredient Name | Basis of Strength | Strength | CROMOLYN SODIUM(UNII: Q2WXR1I0PK)  (CROMOLYN - UNII:Y0TK0FS77W) | CROMOLYN SODIUM | 100 mg  in 5 mL\nActive Ingredient/Active Moiety\nIngredient Name | Basis of Strength | Strength\nCROMOLYN SODIUM(UNII: Q2WXR1I0PK)  (CROMOLYN - UNII:Y0TK0FS77W) | CROMOLYN SODIUM | 100 mg  in 5 mL\nInactive IngredientsIngredient NameStrengthWATER(UNII: 059QF0KO0R) | Inactive Ingredients | Ingredient Name | Strength | WATER(UNII: 059QF0KO0R) | \nInactive Ingredients\nIngredient Name | Strength\nWATER(UNII: 059QF0KO0R) | \nProduct CharacteristicsColorwhite (clear, colorless)ScoreShapeSizeFlavorImprint CodeContains | Product Characteristics | Color | white (clear, colorless) | Score |  | Shape |  | Size |  | Flavor |  | Imprint Code |  | Contains | \nProduct Characteristics\nColor | white (clear, colorless) | Score | \nShape |  | Size | \nFlavor |  | Imprint Code | \nContains | \nPackaging#Item CodePackage DescriptionMarketing Start DateMarketing End Date1NDC:42571-132-5296  in 1 CARTON05/04/201311  in 1 CARTON18  in 1 TRAY1NDC:42571-132-215 mL in 1 AMPULE; Type 0: Not a Combination Product | Packaging | # | Item Code | Package Description | Marketing Start Date | Marketing End Date | 1 | NDC:42571-132-52 | 96  in 1 CARTON | 05/04/2013 |  | 1 |  | 1  in 1 CARTON |  |  | 1 |  | 8  in 1 TRAY |  |  | 1 | NDC:42571-132-21 | 5 mL in 1 AMPULE; Type 0: Not a Combination Product |  | \nPackaging\n# | Item Code | Package Description | Marketing Start Date | Marketing End Date\n1 | NDC:42571-132-52 | 96  in 1 CARTON | 05/04/2013 | \n1 |  | 1  in 1 CARTON |  | \n1 |  | 8  in 1 TRAY |  | \n1 | NDC:42571-132-21 | 5 mL in 1 AMPULE; Type 0: Not a Combination Product |  | \n\nMarketing InformationMarketing CategoryApplication Number or Monograph CitationMarketing Start DateMarketing End DateANDAANDA20274505/04/2013 | Marketing Information | Marketing Category | Application Number or Monograph Citation | Marketing Start Date | Marketing End Date | ANDA | ANDA202745 | 05/04/2013 | \nMarketing Information\nMarketing Category | Application Number or Monograph Citation | Marketing Start Date | Marketing End Date\nANDA | ANDA202745 | 05/04/2013 | \n\nProduct Information\nProduct Type | HUMAN PRESCRIPTION DRUG | Item Code (Source) | NDC:42571-132\nRoute of Administration | ORAL\n\nActive Ingredient/Active Moiety\nIngredient Name | Basis of Strength | Strength\nCROMOLYN SODIUM(UNII: Q2WXR1I0PK)  (CROMOLYN - UNII:Y0TK0FS77W) | CROMOLYN SODIUM | 100 mg  in 5 mL\n\nInactive Ingredients\nIngredient Name | Strength\nWATER(UNII: 059QF0KO0R) | \n\nProduct Characteristics\nColor | white (clear, colorless) | Score | \nShape |  | Size | \nFlavor |  | Imprint Code | \nContains | \n\nPackaging\n# | Item Code | Package Description | Marketing Start Date | Marketing End Date\n1 | NDC:42571-132-52 | 96  in 1 CARTON | 05/04/2013 | \n1 |  | 1  in 1 CARTON |  | \n1 |  | 8  in 1 TRAY |  | \n1 | NDC:42571-132-21 | 5 mL in 1 AMPULE; Type 0: Not a Combination Product |  | \n\nMarketing Information\nMarketing Category | Application Number or Monograph Citation | Marketing Start Date | Marketing End Date\nANDA | ANDA202745 | 05/04/2013 | \n\nLabeler -Micro Labs Limited\n\t\t\t\t\t\t\t(862174955)\n\nEstablishment\nName | Address | ID/FEI | Business Operations\nMicro Labs Limited |  | 677600482 | manufacture(42571-132)\n\nCarcinogenesis, Mutagenesis, and Impairment of Fertility:\nIn carcinogenicity studies in mice, hamsters, and rats, cromolyn sodium had no neoplastic effects at intraperitoneal doses up to 150 mg/kg three days per week for 12 months in mice, at intraperitoneal doses up to 53 mg/kg three days per week for 15 weeks followed by 17.5 mg/kg three days per week for 37 weeks in hamsters, and at subcutaneous doses up to 75 mg/kg six days per week for 18 months in rats. These doses in mice, hamsters, and rats are less than the maximum recommended daily oral dose in adults and children on a mg/m2basis.\n\nCromolyn sodium showed no mutagenic potential in Ames Salmonella/microsome plate assays, mitotic gene conversion inSaccharomyces cerevisiaeand in anin vitrocytogenetic study in human peripheral lymphocytes.\n\nIn rats, cromolyn sodium showed no evidence of impaired fertility at subcutaneous doses up to 175 mg/kg in males (approximately equal to the maximum recommended daily oral dose in adults on a mg/m2basis) and 100 mg/kg in females (less than the maximum recommended daily oral dose in adults on a mg/m2basis).\n\nPregnancy:\nIn reproductive studies in pregnant mice, rats, and rabbits, cromolyn sodium produced no evidence of fetal malformations at subcutaneous doses up to 540 mg/kg in mice (approximately equal to the maximum recommended daily oral dose in adults on a mg/m2basis) and 164 mg/kg in rats (less than the maximum recommended daily oral dose in adults on a mg/m2basis) or at intravenous doses up to 485 mg/kg in rabbits (approximately 4 times the maximum recommended daily oral dose in adults on a mg/m2basis). There are, however, no adequate and well controlled studies in pregnant women.Because animal reproduction studies are not always predictive of human response, this drug should be used during pregnancy only if clearly needed.\n\nNursing Mothers:\nIt is not known whether this drug is excreted in human milk. Because many drugs are excreted in human milk, caution should be exercised when Cromolyn Sodium Oral Solution (Concentrate) 100 mg/5 mL is administered to a nursing woman.\n\nPediatric Use:\nIn adult rats no adverse effects of cromolyn sodium were observed at oral doses up to 6144 mg/kg (approximately 25 times the maximum recommended daily oral dose in adults on a mg/m2basis). In neonatal rats, cromolyn sodium increased mortality at oral doses of 1000 mg/kg or greater (approximately 9 times the maximum recommended daily oral dose in infants on a mg/m2basis) but not at doses of 300 mg/kg or less (approximately 3 times the maximum recommended daily oral dose in infants on a mg/m2basis). Plasma and kidney concentrations of cromolyn after oral administration to neonatal rats were up to 20 times greater than those in older rats. In term infants up to six months of age, available clinical data suggest that the dose should not exceed 20 mg/kg/day. The use of this product in pediatric patients less than two years of age should be reserved for patients with severe disease in which the potential benefits clearly outweigh the risks.\n\nGeriatric Use:\nClinical studies of Cromolyn Sodium Oral Solution (Concentrate) 100 mg/5 mL did not include sufficient numbers of subjects aged 65 and over to determine whether they respond differently from younger subjects. Other reported clinical experience has not identified differences in responses between the elderly and younger patients. In general, dose selection for an elderly patient should be cautious, usually starting at the low end of the dosing range, reflecting the greater frequency of decreased hepatic, renal, or cardiac function, and of concomitant disease or other drug therapy.\n\nSafety:\nReport Adverse\n                        Events,FDA Safety Recalls,Presence in Breast Milk\n\nRelated Resources:\nMedline Plus,Clinical Trials,PubMed,Biochemical Data Summary\n\nMore Info on this Drug:\nView Labeling Archives,RxNorm,Get Label RSS Feed,View NDC Code(s)NEW!\n\nTo receive this label RSS feed:\nCopy the URL below and paste it into your RSS Reader application.https://dailymed.nlm.nih.gov/dailymed/labelrss.cfm?setid=93f80edb-3b38-423e-8cd6-5b5cb4393ec2To receive all DailyMed Updates for the last seven daysCopy the URL below and paste it into your RSS Reader application.https://dailymed.nlm.nih.gov/dailymed/rss.cfmWhat will I get with the DailyMed RSS feed?DailyMed will deliver notification of updates and additions to Drug Label information currently shown on this site through its RSS feed.DailyMed will deliver this notification to your desktop, Web browser, or e-mail depending on the RSS Reader you select to use. To view updated drug label links, paste the RSS feed address (URL) shown below into a RSS reader, or use a browser which supports RSS feeds, such as Safari for Mac OS X.How to discontinue the RSS feedIf you no longer wish to have this DailyMed RSS service, simply delete the copied URL from your RSS Reader.More about getting RSS News & Updates from DailyMed\n\nhttps://dailymed.nlm.nih.gov/dailymed/labelrss.cfm?setid=93f80edb-3b38-423e-8cd6-5b5cb4393ec2\n\nCopy the URL below and paste it into your RSS Reader application.\n\nhttps://dailymed.nlm.nih.gov/dailymed/rss.cfm\n\nDailyMed will deliver notification of updates and additions to Drug Label information currently shown on this site through its RSS feed.\n\nDailyMed will deliver this notification to your desktop, Web browser, or e-mail depending on the RSS Reader you select to use. To view updated drug label links, paste the RSS feed address (URL) shown below into a RSS reader, or use a browser which supports RSS feeds, such as Safari for Mac OS X.\n\nIf you no longer wish to have this DailyMed RSS service, simply delete the copied URL from your RSS Reader.\n\nTo receive all DailyMed Updates for the last seven days:\nCopy the URL below and paste it into your RSS Reader application.\n\nhttps://dailymed.nlm.nih.gov/dailymed/rss.cfm\n\nWhat will I get with the DailyMed RSS feed?:\nDailyMed will deliver notification of updates and additions to Drug Label information currently shown on this site through its RSS feed.\n\nDailyMed will deliver this notification to your desktop, Web browser, or e-mail depending on the RSS Reader you select to use. To view updated drug label links, paste the RSS feed address (URL) shown below into a RSS reader, or use a browser which supports RSS feeds, such as Safari for Mac OS X.\n\nHow to discontinue the RSS feed:\nIf you no longer wish to have this DailyMed RSS service, simply delete the copied URL from your RSS Reader.\n\nWhy is DailyMed no longer displaying pill images on the Search Results and Drug Info pages?:\nDue to inconsistencies between the drug labels on DailyMed and the pill images provided byRxImage, we no longer display the RxImage pill images associated with drug labels.\n\nWe anticipate reposting the images once we are able identify and filter out images that do not match the information provided in the drug labels."
  }
}