{
  "name": "Dorzolamide HCl Ophthalmic Solution, USP",
  "url": "https://www.microlabsusa.com/products/dorzolamide-hcl-ophthalmic-solution-usp/",
  "scraped_at": "2024-12-04T11:41:05.171046",
  "prescribing_info": {
    "indications_and_usage": "Dorzolamide hydrochloride ophthalmic solution is a carbonic anhydrase inhibitor indicated for the treatment of elevated intraocular pressure in patients with ocular hypertension or open-angle glaucoma. (1)",
    "dosage_and_administration": "The dose is one drop of dorzolamide hydrochloride ophthalmic solution in the affected eye(s) three times daily. Dorzolamide hydrochloride ophthalmic solution may be used concomitantly with other topical ophthalmic drug products to lower intraocular pressure. (2)",
    "dosage_forms_and_strengths": "Ophthalmic solution containing dorzolamide 2% (20 mg/mL). (3)",
    "contraindications": "Dorzolamide hydrochloride ophthalmic solution is contraindicated in patients who are hypersensitive to any component of this product. (4,5.1)",
    "warnings_and_precautions": "- Sulfonamide Hypersensitivity (5.1)\n- Bacterial Keratitis (5.2)\n- Corneal Endothelium (5.3)\n- Allergic Reactions (5.4)\n- Acute Angle-Closure Glaucoma (5.5)",
    "adverse_reactions": "The most frequently reported adverse reactions associated with dorzolamide hydrochloride ophthalmic solution were ocular burning, stinging, or discomfort immediately following ocular administration (approximately one-third of patients). Approximately one-quarter of patients noted a bitter taste following administration. Superficial punctate keratitis occurred in 10 to 15% of patients and signs and symptoms of ocular allergic reaction in approximately 10%. (6)\n\nTo report SUSPECTED ADVERSE REACTIONS, contact Micro Labs USA, Inc. at 1-855-839-8195 or  FDA at 1-800-332-1088 or www.fda.gov/medwatch.",
    "drug_interactions": "- Potential additive effect of oral carbonic anhydrase inhibitor with dorzolamide hydrochloride ophthalmic solution. (7.1)\n- Potential acid-base and electrolyte disturbances. (7.2)",
    "use_in_specific_populations": "",
    "description": "",
    "clinical_pharmacology": "",
    "how_supplied": "",
    "other_information": "View Package Photos:\n- \n- \n- \n\n- \n- \n\nSafety:\n- Report Adverse Events\n- FDA Safety Recalls\n- Presence in Breast Milk\n\nRelated Resources:\n- Medline Plus\n- Clinical Trials\n- PubMedAll\n                                            CitationsAdverse EffectsTherapeutic UsePharmacologyClinical Trials\n- All\n                                            Citations\n- Adverse Effects\n- Therapeutic Use\n- Pharmacology\n- Clinical Trials\n- Biochemical Data Summary\n\n- All\n                                            Citations\n- Adverse Effects\n- Therapeutic Use\n- Pharmacology\n- Clinical Trials\n\nMore Info For This Drug:\n- View Labeling Archives\n- RxNorm\n- Get Label RSS Feed\n- View NDC Code(s)NEW!\n\nDrug Label Information:\nUpdated\n                    November 26, 2021\n\nIf you are a consumer or patient please visitthis version.\n\n- Download DRUG LABEL INFO:PDFXML\n- Official Label (Printer Friendly)\n\n- HIGHLIGHTS OF PRESCRIBING INFORMATIONThese highlights do not include all the information needed to use DORZOLAMIDE HYDROCHLORIDE OPHTHALMIC SOLUTION safely and effectively. See full prescribing information for DORZOLAMIDE HYDROCHLORIDE OPHTHALMIC SOLUTION.DORZOLAMIDE HYDROCHLORIDE ophthalmic solutionInitial U.S. Approval: 1994INDICATIONS AND USAGEDOSAGE AND ADMINISTRATIONDOSAGE FORMS AND STRENGTHSCONTRAINDICATIONSWARNINGS AND PRECAUTIONSADVERSE REACTIONSDRUG INTERACTIONSSee 17 for PATIENT COUNSELING INFORMATION.Revised: 10/2021\n- Table of ContentsFULL PRESCRIBING INFORMATION: CONTENTS*1 INDICATIONS AND USAGE2 DOSAGE AND ADMINISTRATION3 DOSAGE FORMS AND STRENGTHS4 CONTRAINDICATIONS5 WARNINGS AND PRECAUTIONS5.1 Sulfonamide Hypersensitivity5.2 Bacterial Keratitis5.3 Corneal Endothelium5.4 Allergic Reactions5.5 Acute Angle-Closure Glaucoma6 ADVERSE REACTIONS6.1 Clinical Trials Experience6.2 Postmarketing Experience7 DRUG INTERACTIONS7.1\tOral Carbonic Anhydrase Inhibitors7.2\tHigh-Dose Salicylate Therapy8 USE IN SPECIFIC POPULATIONS8.1 Pregnancy8.2 Lactation8.4 Pediatric Use8.5 Geriatric Use8.6 Renal and Hepatic Impairment10 OVERDOSAGE11 DESCRIPTION12 CLINICAL PHARMACOLOGY12.1 Mechanism of Action12.3 Pharmacokinetics13 NONCLINICAL TOXICOLOGY13.1 Carcinogenesis, Mutagenesis, Impairment of Fertility14 CLINICAL STUDIES16 HOW SUPPLIED/STORAGE AND HANDLING17 PATIENT COUNSELING INFORMATION*Sections or subsections omitted from the full prescribing information are not listed.\n- 1 INDICATIONS AND USAGEDorzolamide hydrochloride ophthalmic solution is indicated in the treatment of elevated intraocular pressure in patients with ocular hypertension or open-angle glaucoma.\n- 2 DOSAGE AND ADMINISTRATIONThe dose is one drop of dorzolamide hydrochloride ophthalmic solution in the affected eye(s) three times daily. Dorzolamide hydrochloride ophthalmic solution may be used concomitantly with other topical ophthalmic drug products to lower intraocular pressure. If more than one topical ophthalmic drug is being used, the drugs should be administered at least five minutes apart.\n- 3 DOSAGE FORMS AND STRENGTHSOphthalmic solution containing dorzolamide 2% (20 mg/mL) equivalent to 22.3 mg/mL of dorzolamide hydrochloride.\n- 4 CONTRAINDICATIONSDorzolamide hydrochloride ophthalmic solution is contraindicated in patients who are hypersensitive to any component of this product[seeWarnings and Precautions (5.1)].\n- 5 WARNINGS AND PRECAUTIONS5.1 Sulfonamide HypersensitivityDorzolamide hydrochloride ophthalmic solution contains dorzolamide, a sulfonamide; and although administered topically, it is absorbed systemically. Therefore, the same types of adverse reactions that are attributable to sulfonamides may occur with topical administration of dorzolamide hydrochloride ophthalmic solution. Fatalities have occurred, although rarely, due to severe reactions to sulfonamides including Stevens-Johnson syndrome, toxic epidermal necrolysis, fulminant hepatic necrosis, agranulocytosis, aplastic anemia, and other blood dyscrasias. Sensitization may recur when a sulfonamide is readministered irrespective of the route of administration. If signs of serious reactions or hypersensitivity occur, discontinue the use of this preparation[seeContraindications (4)].5.2 Bacterial KeratitisThere have been reports of bacterial keratitis associated with the use of multiple-dose containers of topical ophthalmic products. These containers had been inadvertently contaminated by patients who, in most cases, had a concurrent corneal disease or a disruption of the ocular epithelial surface.5.3 Corneal EndotheliumCarbonic anhydrase activity has been observed in both the cytoplasm and around the plasma membranes of the corneal endothelium. There is an increased potential for developing corneal edema in patients with low endothelial cell counts. Caution should be used when prescribing dorzolamide hydrochloride ophthalmic solution to this group of patients.5.4 Allergic ReactionsIn clinical studies, local ocular adverse effects, primarily conjunctivitis and lid reactions, were reported with chronic administration of dorzolamide hydrochloride ophthalmic solution. Many of these reactions had the clinical appearance and course of an allergic-type reaction that resolved upon discontinuation of drug therapy. If such reactions are observed, dorzolamide hydrochloride ophthalmic solution should be discontinued and the patient evaluated before considering restarting the drug[seeAdverse Reactions (6)].5.5 Acute Angle-Closure GlaucomaThe management of patients with acute angle-closure glaucoma requires therapeutic interventions in addition to ocular hypotensive agents.\n- 6 ADVERSE REACTIONS6.1 Clinical Trials ExperienceBecause clinical trials are conducted under widely varying conditions, adverse reaction rates observed in the clinical trials of a drug cannot be directly compared to rates in the clinical trials of another drug and may not reflect the rates observed in practice.Controlled Clinical Trials:The most frequent adverse reactions associated with dorzolamide hydrochloride ophthalmic solution were ocular burning, stinging, or discomfort immediately following ocular administration (approximately one-third of patients). Approximately one-quarter of patients noted a bitter taste following administration. Superficial punctate keratitis occurred in 10 to 15% of patients and signs and symptoms of ocular allergic reaction in approximately 10%. Reactions occurring in approximately 1 to 5% of patients were conjunctivitis and lid reactions[seeWarnings and Precautions (5.4)],blurred vision, eye redness, tearing, dryness, and photophobia. Other ocular reactions and systemic reactions were reported infrequently, including headache, nausea, asthenia/fatigue; and, rarely, skin rashes, urolithiasis, and iridocyclitis.In a 3-month, double-masked, active-treatment-controlled, multicenter study in pediatric patients, the adverse reactions profile of dorzolamide hydrochloride ophthalmic solution was comparable to that seen in adult patients.6.2 Postmarketing ExperienceThe following adverse reactions have been identified during post-approval use of dorzolamide hydrochloride ophthalmic solution. Because these reactions are reported voluntarily from a population of uncertain size, it is not always possible to reliably estimate their frequency or establish a causal relationship to drug exposure: signs and symptoms of systemic allergic reactions including angioedema, bronchospasm, pruritus, and urticaria; Stevens-Johnson syndrome and toxic epidermal necrolysis; dizziness, paresthesia; ocular pain, transient myopia, choroidal detachment following filtration surgery, eyelid crusting; dyspnea; contact dermatitis, epistaxis, dry mouth and throat irritation.\n- 7 DRUG INTERACTIONS7.1\tOral Carbonic Anhydrase InhibitorsThere is a potential for an additive effect on the known systemic effects of carbonic anhydrase inhibition in patients receiving an oral carbonic anhydrase inhibitor and dorzolamide hydrochloride ophthalmic solution. The concomitant administration of dorzolamide hydrochloride ophthalmic solution and oral carbonic anhydrase inhibitors is not recommended.7.2\tHigh-Dose Salicylate TherapyAlthough acid-base and electrolyte disturbances were not reported in the clinical trials with dorzolamide hydrochloride ophthalmic solution, these disturbances have been reported with oral carbonic anhydrase inhibitors and have, in some instances, resulted in drug interactions (e.g., toxicity associated with high-dose salicylate therapy). Therefore, the potential for such drug interactions should be considered in patients receiving dorzolamide hydrochloride ophthalmic solution.\n- 8 USE IN SPECIFIC POPULATIONS8.1 PregnancyRisk SummaryThere are no adequate and well-controlled studies in pregnant women with dorzolamide hydrochloride ophthalmic solution. Dorzolamide caused fetal vertebral malformations when administered orally to rabbits at 2.5 mg/kg/day (37 times the clinical exposure). Dorzolamide administered during the period of organogenesis was not teratogenic in rabbits dosed up to 1 mg/kg/day (15 times the clinical exposure). Dorzolamide hydrochloride administered orally to rats during late gestation and lactation caused growth delays in offspring at 7.5 mg/kg/day (52 times the clinical exposure). Growth was not delayed at 1 mg/kg/day (8.0 times the clinical exposure).The background risk of major birth defects and miscarriage for the indicated population is unknown. In the U.S. general population, the estimated background risk of major birth defects and miscarriage in clinically recognized pregnancies is 2 to 4% and 15 to 20%, respectively.DataAnimal DataDevelopmental toxicity studies were conducted in pregnant rabbits administered dorzolamide hydrochloride orally during the period of organogenesis from gestation days 6 through 18 at doses of 0.2, 1, 2.5, 5, and 10 mg/kg/day. The developmental lowest observed adverse effect level (LOAEL) was 2.5 mg/kg/day, based on vertebral malformations and decreased fetal body weight. The maternal LOAEL was 2.5 mg/kg/day, based on metabolic acidosis and reduced weight gain. The maternal and developmental no adverse effect levels (NOAELs) were 1 mg/kg/day. The rabbit doses of 1 and 2.5 mg/kg/day represent estimated plasma Cmax levels in rabbits 15 and 37 times higher than the lower limit of detection in human plasma following ocular administration, respectively.Dorzolamide hydrochloride was administered orally to rats during late gestation and lactation (gestation day 17 through postpartum day 20) at doses of 0.1, 1, or 7.5 mg/kg/day. The developmental LOAEL was 7.5 mg/kg/day, based on reduced birth weight, reduced weight gain, and a slight delay in postnatal development (incisor eruption, vaginal canalization and eye openings) secondary to lower offspring body weight. This 7.5 mg/kg/day dose represents an estimated plasma Cmax level in rats 52 times higher than the lower limit of detection in human plasma following ocular administration. The developmental NOAEL was 1 mg/kg/day. The maternal LOAEL was 1 mg/kg/day, based on reduced body weight gain. The maternal NOAEL was 0.1 mg/kg/day. The rat doses of 1 and 0.1 mg/kg/day represent estimated plasma Cmax levels in rats approximately 8.0 times and approximately equal (1x), respectively to the lower limit of detection in human plasma following ocular administration.8.2 LactationRisk SummaryThere are no data on the presence of dorzolamide hydrochloride ophthalmic solution in human milk, the effects on the breastfed infant, or the effects on milk production. The developmental and health benefits of breastfeeding should be considered along with the mother's clinical need for dorzolamide hydrochloride ophthalmic solution and any potential adverse effects on the breast-fed child from dorzolamide hydrochloride ophthalmic solution. Dorzolamide is present in the milk of lactating rats(see Data).DataAnimal DataLactating rats were dosed orally with 7.5 mg/kg/day of dorzolamide hydrochloride; dorzolamide and the N-desethyl metabolite were detected in the milk.8.4 Pediatric UseSafety and effectiveness of dorzolamide hydrochloride ophthalmic solution have been demonstrated in pediatric patients in a 3-month, multicenter, double-masked, active-treatment-controlled trial.8.5 Geriatric UseNo overall differences in safety or effectiveness have been observed between elderly and younger patients.8.6 Renal and Hepatic ImpairmentDorzolamide has not been studied in patients with severe renal impairment (CrCl < 30 mL/min). Because dorzolamide and its metabolite are excreted predominantly by the kidney, dorzolamide hydrochloride ophthalmic solution is not recommended in such patients.Dorzolamide has not been studied in patients with hepatic impairment and should therefore be used with caution in such patients.\n- 10 OVERDOSAGEElectrolyte imbalance, development of an acidotic state, and possible central nervous system effects may occur. Serum electrolyte levels (particularly potassium) and blood pH levels should be monitored.\n- 11 DESCRIPTIONDorzolamide hydrochloride ophthalmic solution, USP is a carbonic anhydrase inhibitor formulated for topical ophthalmic use.Dorzolamide hydrochloride USP is described chemically as: (4S-trans)-4-(ethylamino)-5,6-dihydro-6-methyl-4H-thieno[2,3-b]thiopyran-2-sulfonamide 7,7-dioxide monohydrochloride. Dorzolamide hydrochloride is optically active. The specific rotation isα          25°       (C=1, water) = ~ -17°.405Its molecular formula is C10H16N2O4S3•HCl and its structural formula is:Dorzolamide hydrochloride USP has a molecular weight of 360.9 and a melting point of about 264°C. It is a white to off-white, crystalline powder, which is soluble in water and slightly soluble in methanol and ethanol.Dorzolamide hydrochloride ophthalmic solution USP is supplied as a sterile, isotonic, buffered, clear, colorless to nearly colorless and slightly viscous solution. The pH of the solution is approximately 5.6, and the osmolarity is 260 to 330 mOsM. Each mL of dorzolamide hydrochloride ophthalmic solution 2% contains 20 mg dorzolamide (22.3 mg of dorzolamide hydrochloride USP). Inactive ingredients are Mannitol, Hydroxyethyl cellulose, Sodium hydroxide, Tri Sodium citrate dihydrate, and water for injection. Benzalkonium chloride 0.0075% is added as a preservative.\n- 12 CLINICAL PHARMACOLOGY12.1 Mechanism of ActionCarbonic anhydrase (CA) is an enzyme found in many tissues of the body including the eye. It catalyzes the reversible reaction involving the hydration of carbon dioxide and the dehydration of carbonic acid. In humans, carbonic anhydrase exists as a number of isoenzymes, the most active being carbonic anhydrase II (CA-II), found primarily in red blood cells (RBCs), but also in other tissues. Inhibition of carbonic anhydrase in the ciliary processes of the eye decreases aqueous humor secretion, presumably by slowing the formation of bicarbonate ions with subsequent reduction in sodium and fluid transport. The result is a reduction in intraocular pressure (IOP).Dorzolamide hydrochloride ophthalmic solution contains dorzolamide hydrochloride, an inhibitor of human carbonic anhydrase II. Following topical ocular administration, dorzolamide hydrochloride ophthalmic solution reduces elevated intraocular pressure. Elevated intraocular pressure is a major risk factor in the pathogenesis of optic nerve damage and glaucomatous visual field loss.12.3 PharmacokineticsWhen topically applied, dorzolamide reaches the systemic circulation. To assess the potential for systemic carbonic anhydrase inhibition following topical administration, drug and metabolite concentrations in RBCs and plasma and carbonic anhydrase inhibition in RBCs were measured.Dorzolamide accumulates in RBCs during chronic dosing as a result of binding to CA-II. The parent drug forms a single N-desethyl metabolite, which inhibits CA-II less potently than the parent drug but also inhibits CA-I. The metabolite also accumulates in RBCs where it binds primarily to CA-I. Plasma concentrations of dorzolamide and metabolite are generally below the assay limit of quantitation (15nM). Dorzolamide binds moderately to plasma proteins (approximately 33%).Dorzolamide is primarily excreted unchanged in the urine; the metabolite also is excreted in urine. After dosing is stopped, dorzolamide washes out of RBCs nonlinearly, resulting in a rapid decline of drug concentration initially, followed by a slower elimination phase with a half-life of about four months.To simulate the systemic exposure after long-term topical ocular administration, dorzolamide was given orally to eight healthy subjects for up to 20 weeks. The oral dose of 2 mg twice daily closely approximates the amount of drug delivered by topical ocular administration of dorzolamide 2% three times daily. Steady state was reached within 8 weeks. The inhibition of CA-II and total carbonic anhydrase activities was below the degree of inhibition anticipated to be necessary for a pharmacological effect on renal function and respiration in healthy individuals.\n- 13 NONCLINICAL TOXICOLOGY13.1 Carcinogenesis, Mutagenesis, Impairment of FertilityIn a two-year study of dorzolamide hydrochloride administered orally to male and female Sprague- Dawley rats, urinary bladder papillomas were seen in male rats in the highest dosage group of 20 mg/kg/day. Papillomas were not seen in rats given oral doses of 1 mg/kg/day. These doses represent estimated plasma Cmaxlevels in rats, 138 and 7 times higher than the lower limit of detection in human plasma following ocular administration, respectively.No treatment-related tumors were seen in a 21-month study in female and male mice given oral doses up to 75 mg/kg/day. This dose represents an estimated plasma Cmaxlevel in mice, 582 times higher than the lower limit of detection in human plasma following ocular administration.The increased incidence of urinary bladder papillomas seen in the high-dose male rats is a class- effect of carbonic anhydrase inhibitors in rats. Rats are particularly prone to developing papillomas in response to foreign bodies, compounds causing crystalluria, and diverse sodium salts.No changes in bladder urothelium were seen in dogs given oral dorzolamide hydrochloride for one year at 2 mg/kg/day or monkeys dosed topically to the eye for one year. An oral dose of 2 mg/kg/day in dogs represents an estimated plasma Cmaxlevel, 137 times higher than the lower limit of detection in human plasma following ocular administration. The topical ophthalmic dose in monkeys was approximately equivalent to the human topical ophthalmic dose.The following tests for mutagenic potential were negative: (1)in vivo(mouse) cytogenetic assay; (2)in vitrochromosomal aberration assay; (3) alkaline elution assay; (4) V-79 assay; and (5) Ames test.In fertility studies of dorzolamide hydrochloride in rats, there were no adverse effects on the reproductive capacity of males or females at doses of 15 and 7.5 mg/kg/day, respectively. These doses represent estimated plasma Cmax levels in rats, 103 and 52 times higher than the lower limit of detection in human plasma following ocular administration, respectively.\n- 14 CLINICAL STUDIESThe efficacy of dorzolamide hydrochloride ophthalmic solution was demonstrated in clinical studies in the treatment of elevated intraocular pressure in patients with glaucoma or ocular hypertension (baseline IOP ≥23 mmHg). The IOP-lowering effect of dorzolamide hydrochloride ophthalmic solution was approximately 3 to 5 mmHg throughout the day and this was consistent in clinical studies of up to one year duration.The efficacy of dorzolamide hydrochloride ophthalmic solution when dosed less frequently than three times a day (alone or in combination with other products) has not been established.In a one year clinical study, the effect of dorzolamide hydrochloride ophthalmic solution 2% three times daily on the corneal endothelium was compared to that of betaxolol ophthalmic solution twice daily and timolol maleate ophthalmic solution 0.5% twice daily. There were no statistically significant differences between groups in corneal endothelial cell counts or in corneal thickness measurements. There was a mean loss of approximately 4% in the endothelial cell counts for each group over the one year period.\n- 16 HOW SUPPLIED/STORAGE AND HANDLINGDorzolamide hydrochloride ophthalmic solution, USP 2% is supplied in an LDPE white opaque cylindrical shape, screw type neck dispenser bottle closed with a LDPE white opaque cone shaped open nozzle and an HDPE orange color cone shaped cap as follows.NDC 42571-141-26, 10 mL in a 10 mL capacity bottle.StorageStore dorzolamide hydrochloride ophthalmic solution at 15 to 30°C (59 to 86°F). Protect from light.\n- 17 PATIENT COUNSELING INFORMATIONAdvise the patient to read the FDA-approved patient labeling (Instructions for Use).Sulfonamide ReactionsDorzolamide hydrochloride ophthalmic solution is a sulfonamide and although administered topically is absorbed systemically. Therefore the same types of adverse reactions that are attributable to sulfonamides may occur with topical administration. Advise patients that if serious or unusual reactions including severe skin reactions or signs of hypersensitivity occur, they should discontinue the use of the product[seeWarnings and Precautions (5.1)].Intercurrent Ocular ConditionsAdvise patients that if they have ocular surgery or develop an intercurrent ocular condition (e.g., trauma or infection), they should immediately seek their physician's advice concerning the continued use of the present multidose container.Handling Ophthalmic SolutionsInstruct patients to avoid allowing the tip of the dispensing container to contact the eye or surrounding structures.Instruct patients that ocular solutions, if handled improperly or if the tip of the dispensing container contacts the eye or surrounding structures, can become contaminated by common bacteria known to cause ocular infections. Serious damage to the eye and subsequent loss of vision may result from using contaminated solutions.Concomitant Topical Ocular TherapyIf more than one topical ophthalmic drug is being used, the drugs should be administered at least five minutes apart.Contact Lens UseAdvise patients that dorzolamide hydrochloride ophthalmic solution contains benzalkonium chloride which may be absorbed by soft contact lenses. Contact lenses should be removed prior to administration of the solution. Lenses may be reinserted 15 minutes following dorzolamide hydrochloride ophthalmic solution administration.When to Seek Physician AdviceAdvise patients that if they develop any ocular reactions, particularly conjunctivitis and lid reactions, they should discontinue use and seek their physician's advice.Manufactured by:Micro Labs LimitedBangalore – 560 099, INDIA.Manufactured for:Micro Labs USA Inc.Somerset, NJ 08873Rev.10/2021\n- INSTRUCTIONS FOR USEDorzolamide Hydrochloride (dor zoe’ la mide hye” droe klor’ ide) Ophthalmic Solution USP, 2%1. Before using the medication for the first time, be sure the tamper evident ring between the bottle and the cap is unbroken (See Figure A).Step 1.Wash your hands.Step 2. Before opening the bottle for the first time, tear off the tamper evident ring to break the seal (See Figure B).Step 3.To open the bottle, remove the cap by turning it in the counterclockwise direction (See Figure C).Giving your dorzolamide hydrochloride ophthalmic solutionStep 4. Tilt your head back and pull your lower eyelid down slightly to form a pocket between your eyelid and your eye. (See Figure D).Step 5.Turn your dorzolamide hydrochloride ophthalmic solution dispenser upside down and hold and press gently middle of the bottle with your thumb until a single drop is placed in your eye.Do nottouch your eye or eyelid with the dropper tip. (See Figure E).Step 6.If your doctor has told you to use dorzolamide hydrochloride ophthalmic solution in both eyes, repeat Steps 4 and 5 to give your dorzolamide hydrochloride ophthalmic solution.After using your dorzolamide hydrochloride solutionStep 7.Replace the cap by turning it clockwise until tight. (See Figure F).After you have used all of your dorzolamide hydrochloride ophthalmic solution doses, there will be some dorzolamide hydrochloride ophthalmic solution medicine left in the dispenser.Do not tryto remove the extra medicine from the dorzolamide hydrochloride ophthalmic solution dispenser. Throw away your dorzolamide hydrochloride ophthalmic solution dispenser in your household trash.How should I store dorzolamide hydrochloride ophthalmic solution?Store dorzolamide hydrochloride ophthalmic solution between 59˚F to 86˚F (15˚C to 30˚C)Protect from lightSafely throw away medicine that is out of date or no longer needed.KEEPDORZOLAMIDE HYDROCHLORIDE OPHTHALMIC SOLUTIONAND ALL MEDICINES OUT OF THE REACH OF CHILDREN.Important information about using dorzolamide hydrochloride ophthalmic solutionIf you have any eye or skin reactions, especially conjunctivitis or eyelid reactions to dorzolamide hydrochloride ophthalmic solution, stop using it and call your doctor right away.If you have eye surgery or have a problem such as trauma or infection of your eye while using dorzolamide hydrochloride ophthalmic solution, call your doctor right away.If you do not handle eye medicines the right way the medicine can become contaminated. If the tip of the dispenser touches your eye or areas around your eye, the tip can become contaminated with bacteria which can cause an eye infection and other serious problems including loss of eyesight.If you use other eye medicines dropped onto the eye like dorzolamide hydrochloride ophthalmic solution, use the medicines at least 5 minutes before or after you use dorzolamide hydrochloride ophthalmic solution.Dorzolamide hydrochloride ophthalmic solution contains benzalkonium chloride which may be absorbed by soft contact lenses. If you wear contact lenses, remove them before you use your dorzolamide hydrochloride ophthalmic solution. You can place your contact lenses back into your eyes 15 minutes after using your dorzolamide hydrochloride ophthalmic solution.This Instructions for Use has been approved by the U.S. Food and Drug Administration.Manufactured by:Micro Labs LimitedBangalore – 560 099, INDIA.Manufactured for:Micro Labs USA Inc.Somerset, NJ 08873Rev.10/2021\n- Store dorzolamide hydrochloride ophthalmic solution between 59˚F to 86˚F (15˚C to 30˚C)\n- Protect from light\n- Safely throw away medicine that is out of date or no longer needed.\n- If you have any eye or skin reactions, especially conjunctivitis or eyelid reactions to dorzolamide hydrochloride ophthalmic solution, stop using it and call your doctor right away.\n- If you have eye surgery or have a problem such as trauma or infection of your eye while using dorzolamide hydrochloride ophthalmic solution, call your doctor right away.\n- If you do not handle eye medicines the right way the medicine can become contaminated. If the tip of the dispenser touches your eye or areas around your eye, the tip can become contaminated with bacteria which can cause an eye infection and other serious problems including loss of eyesight.\n- If you use other eye medicines dropped onto the eye like dorzolamide hydrochloride ophthalmic solution, use the medicines at least 5 minutes before or after you use dorzolamide hydrochloride ophthalmic solution.\n- Dorzolamide hydrochloride ophthalmic solution contains benzalkonium chloride which may be absorbed by soft contact lenses. If you wear contact lenses, remove them before you use your dorzolamide hydrochloride ophthalmic solution. You can place your contact lenses back into your eyes 15 minutes after using your dorzolamide hydrochloride ophthalmic solution.\n- PACKAGE LABEL.PRINCIPAL DISPLAY PANELNDC 42571-141-26Rx OnlyDorzolamide HCl OphthalmicSolution, USP 2%*Dorzolamide Equivalent(Dorzolamide HCl 22.3 mg/mL)FOR OPHTHALMIC APPLICATIONIN THE EYE10 mLMICRO LABS LIMITED\n- INGREDIENTS AND APPEARANCEDORZOLAMIDE HYDROCHLORIDE OPHTHALMIC SOLUTIONdorzolamide hydrochloride solution/ dropsProduct InformationProduct TypeHUMAN PRESCRIPTION DRUGItem Code (Source)NDC:42571-141Route of AdministrationOPHTHALMICActive Ingredient/Active MoietyIngredient NameBasis of StrengthStrengthDORZOLAMIDE HYDROCHLORIDE(UNII: QZO5366EW7)  (DORZOLAMIDE - UNII:9JDX055TW1)DORZOLAMIDE20 mg  in 1 mLInactive IngredientsIngredient NameStrengthMANNITOL(UNII: 3OWL53L36A)HYDROXYETHYL CELLULOSE (4000 MPA.S AT 1%)(UNII: ZYD53NBL45)SODIUM HYDROXIDE(UNII: 55X04QC32I)TRISODIUM CITRATE DIHYDRATE(UNII: B22547B95K)BENZALKONIUM CHLORIDE(UNII: F5UM2KM3W7)WATER(UNII: 059QF0KO0R)Product CharacteristicsColorwhite (colorless to nearly colorless)ScoreShapeSizeFlavorImprint CodeContainsPackaging#Item CodePackage DescriptionMarketing Start DateMarketing End Date1NDC:42571-141-261  in 1 CARTON11/11/2019110 mL in 1 BOTTLE; Type 0: Not a Combination ProductMarketing InformationMarketing CategoryApplication Number or Monograph CitationMarketing Start DateMarketing End DateANDAANDA20477811/11/2019Labeler -Micro Labs Limited\n\t\t\t\t\t\t\t(862174955)EstablishmentNameAddressID/FEIBusiness OperationsMicro Labs Limited677600482analysis(42571-141) , label(42571-141) , manufacture(42571-141) , pack(42571-141)\n\nSee 17 for PATIENT COUNSELING INFORMATION.\n\nRevised: 10/2021\n\nDorzolamide hydrochloride ophthalmic solution is indicated in the treatment of elevated intraocular pressure in patients with ocular hypertension or open-angle glaucoma.\n\nThe dose is one drop of dorzolamide hydrochloride ophthalmic solution in the affected eye(s) three times daily. Dorzolamide hydrochloride ophthalmic solution may be used concomitantly with other topical ophthalmic drug products to lower intraocular pressure. If more than one topical ophthalmic drug is being used, the drugs should be administered at least five minutes apart.\n\nOphthalmic solution containing dorzolamide 2% (20 mg/mL) equivalent to 22.3 mg/mL of dorzolamide hydrochloride.\n\nDorzolamide hydrochloride ophthalmic solution is contraindicated in patients who are hypersensitive to any component of this product[seeWarnings and Precautions (5.1)].\n\nDorzolamide hydrochloride ophthalmic solution contains dorzolamide, a sulfonamide; and although administered topically, it is absorbed systemically. Therefore, the same types of adverse reactions that are attributable to sulfonamides may occur with topical administration of dorzolamide hydrochloride ophthalmic solution. Fatalities have occurred, although rarely, due to severe reactions to sulfonamides including Stevens-Johnson syndrome, toxic epidermal necrolysis, fulminant hepatic necrosis, agranulocytosis, aplastic anemia, and other blood dyscrasias. Sensitization may recur when a sulfonamide is readministered irrespective of the route of administration. If signs of serious reactions or hypersensitivity occur, discontinue the use of this preparation[seeContraindications (4)].\n\nThere have been reports of bacterial keratitis associated with the use of multiple-dose containers of topical ophthalmic products. These containers had been inadvertently contaminated by patients who, in most cases, had a concurrent corneal disease or a disruption of the ocular epithelial surface.\n\nCarbonic anhydrase activity has been observed in both the cytoplasm and around the plasma membranes of the corneal endothelium. There is an increased potential for developing corneal edema in patients with low endothelial cell counts. Caution should be used when prescribing dorzolamide hydrochloride ophthalmic solution to this group of patients.\n\nIn clinical studies, local ocular adverse effects, primarily conjunctivitis and lid reactions, were reported with chronic administration of dorzolamide hydrochloride ophthalmic solution. Many of these reactions had the clinical appearance and course of an allergic-type reaction that resolved upon discontinuation of drug therapy. If such reactions are observed, dorzolamide hydrochloride ophthalmic solution should be discontinued and the patient evaluated before considering restarting the drug[seeAdverse Reactions (6)].\n\nThe management of patients with acute angle-closure glaucoma requires therapeutic interventions in addition to ocular hypotensive agents.\n\nBecause clinical trials are conducted under widely varying conditions, adverse reaction rates observed in the clinical trials of a drug cannot be directly compared to rates in the clinical trials of another drug and may not reflect the rates observed in practice.\n\nControlled Clinical Trials:The most frequent adverse reactions associated with dorzolamide hydrochloride ophthalmic solution were ocular burning, stinging, or discomfort immediately following ocular administration (approximately one-third of patients). Approximately one-quarter of patients noted a bitter taste following administration. Superficial punctate keratitis occurred in 10 to 15% of patients and signs and symptoms of ocular allergic reaction in approximately 10%. Reactions occurring in approximately 1 to 5% of patients were conjunctivitis and lid reactions[seeWarnings and Precautions (5.4)],blurred vision, eye redness, tearing, dryness, and photophobia. Other ocular reactions and systemic reactions were reported infrequently, including headache, nausea, asthenia/fatigue; and, rarely, skin rashes, urolithiasis, and iridocyclitis.\n\nIn a 3-month, double-masked, active-treatment-controlled, multicenter study in pediatric patients, the adverse reactions profile of dorzolamide hydrochloride ophthalmic solution was comparable to that seen in adult patients.\n\nThe following adverse reactions have been identified during post-approval use of dorzolamide hydrochloride ophthalmic solution. Because these reactions are reported voluntarily from a population of uncertain size, it is not always possible to reliably estimate their frequency or establish a causal relationship to drug exposure: signs and symptoms of systemic allergic reactions including angioedema, bronchospasm, pruritus, and urticaria; Stevens-Johnson syndrome and toxic epidermal necrolysis; dizziness, paresthesia; ocular pain, transient myopia, choroidal detachment following filtration surgery, eyelid crusting; dyspnea; contact dermatitis, epistaxis, dry mouth and throat irritation.\n\nThere is a potential for an additive effect on the known systemic effects of carbonic anhydrase inhibition in patients receiving an oral carbonic anhydrase inhibitor and dorzolamide hydrochloride ophthalmic solution. The concomitant administration of dorzolamide hydrochloride ophthalmic solution and oral carbonic anhydrase inhibitors is not recommended.\n\nAlthough acid-base and electrolyte disturbances were not reported in the clinical trials with dorzolamide hydrochloride ophthalmic solution, these disturbances have been reported with oral carbonic anhydrase inhibitors and have, in some instances, resulted in drug interactions (e.g., toxicity associated with high-dose salicylate therapy). Therefore, the potential for such drug interactions should be considered in patients receiving dorzolamide hydrochloride ophthalmic solution.\n\nRisk Summary\n\nThere are no adequate and well-controlled studies in pregnant women with dorzolamide hydrochloride ophthalmic solution. Dorzolamide caused fetal vertebral malformations when administered orally to rabbits at 2.5 mg/kg/day (37 times the clinical exposure). Dorzolamide administered during the period of organogenesis was not teratogenic in rabbits dosed up to 1 mg/kg/day (15 times the clinical exposure). Dorzolamide hydrochloride administered orally to rats during late gestation and lactation caused growth delays in offspring at 7.5 mg/kg/day (52 times the clinical exposure). Growth was not delayed at 1 mg/kg/day (8.0 times the clinical exposure).\n\nThe background risk of major birth defects and miscarriage for the indicated population is unknown. In the U.S. general population, the estimated background risk of major birth defects and miscarriage in clinically recognized pregnancies is 2 to 4% and 15 to 20%, respectively.\n\nData\n\nAnimal Data\n\nDevelopmental toxicity studies were conducted in pregnant rabbits administered dorzolamide hydrochloride orally during the period of organogenesis from gestation days 6 through 18 at doses of 0.2, 1, 2.5, 5, and 10 mg/kg/day. The developmental lowest observed adverse effect level (LOAEL) was 2.5 mg/kg/day, based on vertebral malformations and decreased fetal body weight. The maternal LOAEL was 2.5 mg/kg/day, based on metabolic acidosis and reduced weight gain. The maternal and developmental no adverse effect levels (NOAELs) were 1 mg/kg/day. The rabbit doses of 1 and 2.5 mg/kg/day represent estimated plasma Cmax levels in rabbits 15 and 37 times higher than the lower limit of detection in human plasma following ocular administration, respectively.\n\nDorzolamide hydrochloride was administered orally to rats during late gestation and lactation (gestation day 17 through postpartum day 20) at doses of 0.1, 1, or 7.5 mg/kg/day. The developmental LOAEL was 7.5 mg/kg/day, based on reduced birth weight, reduced weight gain, and a slight delay in postnatal development (incisor eruption, vaginal canalization and eye openings) secondary to lower offspring body weight. This 7.5 mg/kg/day dose represents an estimated plasma Cmax level in rats 52 times higher than the lower limit of detection in human plasma following ocular administration. The developmental NOAEL was 1 mg/kg/day. The maternal LOAEL was 1 mg/kg/day, based on reduced body weight gain. The maternal NOAEL was 0.1 mg/kg/day. The rat doses of 1 and 0.1 mg/kg/day represent estimated plasma Cmax levels in rats approximately 8.0 times and approximately equal (1x), respectively to the lower limit of detection in human plasma following ocular administration.\n\nRisk Summary\n\nThere are no data on the presence of dorzolamide hydrochloride ophthalmic solution in human milk, the effects on the breastfed infant, or the effects on milk production. The developmental and health benefits of breastfeeding should be considered along with the mother's clinical need for dorzolamide hydrochloride ophthalmic solution and any potential adverse effects on the breast-fed child from dorzolamide hydrochloride ophthalmic solution. Dorzolamide is present in the milk of lactating rats(see Data).\n\nData\n\nAnimal Data\n\nLactating rats were dosed orally with 7.5 mg/kg/day of dorzolamide hydrochloride; dorzolamide and the N-desethyl metabolite were detected in the milk.\n\nSafety and effectiveness of dorzolamide hydrochloride ophthalmic solution have been demonstrated in pediatric patients in a 3-month, multicenter, double-masked, active-treatment-controlled trial.\n\nNo overall differences in safety or effectiveness have been observed between elderly and younger patients.\n\nDorzolamide has not been studied in patients with severe renal impairment (CrCl < 30 mL/min). Because dorzolamide and its metabolite are excreted predominantly by the kidney, dorzolamide hydrochloride ophthalmic solution is not recommended in such patients.\n\nDorzolamide has not been studied in patients with hepatic impairment and should therefore be used with caution in such patients.\n\nElectrolyte imbalance, development of an acidotic state, and possible central nervous system effects may occur. Serum electrolyte levels (particularly potassium) and blood pH levels should be monitored.\n\nDorzolamide hydrochloride ophthalmic solution, USP is a carbonic anhydrase inhibitor formulated for topical ophthalmic use.\n\nDorzolamide hydrochloride USP is described chemically as: (4S-trans)-4-(ethylamino)-5,6-dihydro-6-methyl-4H-thieno[2,3-b]thiopyran-2-sulfonamide 7,7-dioxide monohydrochloride. Dorzolamide hydrochloride is optically active. The specific rotation is\n\nα          25°       (C=1, water) = ~ -17°.\n\n405\n\nIts molecular formula is C10H16N2O4S3•HCl and its structural formula is:\n\nDorzolamide hydrochloride USP has a molecular weight of 360.9 and a melting point of about 264°C. It is a white to off-white, crystalline powder, which is soluble in water and slightly soluble in methanol and ethanol.\n\nDorzolamide hydrochloride ophthalmic solution USP is supplied as a sterile, isotonic, buffered, clear, colorless to nearly colorless and slightly viscous solution. The pH of the solution is approximately 5.6, and the osmolarity is 260 to 330 mOsM. Each mL of dorzolamide hydrochloride ophthalmic solution 2% contains 20 mg dorzolamide (22.3 mg of dorzolamide hydrochloride USP). Inactive ingredients are Mannitol, Hydroxyethyl cellulose, Sodium hydroxide, Tri Sodium citrate dihydrate, and water for injection. Benzalkonium chloride 0.0075% is added as a preservative.\n\nCarbonic anhydrase (CA) is an enzyme found in many tissues of the body including the eye. It catalyzes the reversible reaction involving the hydration of carbon dioxide and the dehydration of carbonic acid. In humans, carbonic anhydrase exists as a number of isoenzymes, the most active being carbonic anhydrase II (CA-II), found primarily in red blood cells (RBCs), but also in other tissues. Inhibition of carbonic anhydrase in the ciliary processes of the eye decreases aqueous humor secretion, presumably by slowing the formation of bicarbonate ions with subsequent reduction in sodium and fluid transport. The result is a reduction in intraocular pressure (IOP).\n\nDorzolamide hydrochloride ophthalmic solution contains dorzolamide hydrochloride, an inhibitor of human carbonic anhydrase II. Following topical ocular administration, dorzolamide hydrochloride ophthalmic solution reduces elevated intraocular pressure. Elevated intraocular pressure is a major risk factor in the pathogenesis of optic nerve damage and glaucomatous visual field loss.\n\nWhen topically applied, dorzolamide reaches the systemic circulation. To assess the potential for systemic carbonic anhydrase inhibition following topical administration, drug and metabolite concentrations in RBCs and plasma and carbonic anhydrase inhibition in RBCs were measured.\n\nDorzolamide accumulates in RBCs during chronic dosing as a result of binding to CA-II. The parent drug forms a single N-desethyl metabolite, which inhibits CA-II less potently than the parent drug but also inhibits CA-I. The metabolite also accumulates in RBCs where it binds primarily to CA-I. Plasma concentrations of dorzolamide and metabolite are generally below the assay limit of quantitation (15nM). Dorzolamide binds moderately to plasma proteins (approximately 33%).\n\nDorzolamide is primarily excreted unchanged in the urine; the metabolite also is excreted in urine. After dosing is stopped, dorzolamide washes out of RBCs nonlinearly, resulting in a rapid decline of drug concentration initially, followed by a slower elimination phase with a half-life of about four months.\n\nTo simulate the systemic exposure after long-term topical ocular administration, dorzolamide was given orally to eight healthy subjects for up to 20 weeks. The oral dose of 2 mg twice daily closely approximates the amount of drug delivered by topical ocular administration of dorzolamide 2% three times daily. Steady state was reached within 8 weeks. The inhibition of CA-II and total carbonic anhydrase activities was below the degree of inhibition anticipated to be necessary for a pharmacological effect on renal function and respiration in healthy individuals.\n\nIn a two-year study of dorzolamide hydrochloride administered orally to male and female Sprague- Dawley rats, urinary bladder papillomas were seen in male rats in the highest dosage group of 20 mg/kg/day. Papillomas were not seen in rats given oral doses of 1 mg/kg/day. These doses represent estimated plasma Cmaxlevels in rats, 138 and 7 times higher than the lower limit of detection in human plasma following ocular administration, respectively.\n\nNo treatment-related tumors were seen in a 21-month study in female and male mice given oral doses up to 75 mg/kg/day. This dose represents an estimated plasma Cmaxlevel in mice, 582 times higher than the lower limit of detection in human plasma following ocular administration.\n\nThe increased incidence of urinary bladder papillomas seen in the high-dose male rats is a class- effect of carbonic anhydrase inhibitors in rats. Rats are particularly prone to developing papillomas in response to foreign bodies, compounds causing crystalluria, and diverse sodium salts.\n\nNo changes in bladder urothelium were seen in dogs given oral dorzolamide hydrochloride for one year at 2 mg/kg/day or monkeys dosed topically to the eye for one year. An oral dose of 2 mg/kg/day in dogs represents an estimated plasma Cmaxlevel, 137 times higher than the lower limit of detection in human plasma following ocular administration. The topical ophthalmic dose in monkeys was approximately equivalent to the human topical ophthalmic dose.\n\nThe following tests for mutagenic potential were negative: (1)in vivo(mouse) cytogenetic assay; (2)in vitrochromosomal aberration assay; (3) alkaline elution assay; (4) V-79 assay; and (5) Ames test.\n\nIn fertility studies of dorzolamide hydrochloride in rats, there were no adverse effects on the reproductive capacity of males or females at doses of 15 and 7.5 mg/kg/day, respectively. These doses represent estimated plasma Cmax levels in rats, 103 and 52 times higher than the lower limit of detection in human plasma following ocular administration, respectively.\n\nThe efficacy of dorzolamide hydrochloride ophthalmic solution was demonstrated in clinical studies in the treatment of elevated intraocular pressure in patients with glaucoma or ocular hypertension (baseline IOP ≥23 mmHg). The IOP-lowering effect of dorzolamide hydrochloride ophthalmic solution was approximately 3 to 5 mmHg throughout the day and this was consistent in clinical studies of up to one year duration.\n\nThe efficacy of dorzolamide hydrochloride ophthalmic solution when dosed less frequently than three times a day (alone or in combination with other products) has not been established.\n\nIn a one year clinical study, the effect of dorzolamide hydrochloride ophthalmic solution 2% three times daily on the corneal endothelium was compared to that of betaxolol ophthalmic solution twice daily and timolol maleate ophthalmic solution 0.5% twice daily. There were no statistically significant differences between groups in corneal endothelial cell counts or in corneal thickness measurements. There was a mean loss of approximately 4% in the endothelial cell counts for each group over the one year period.\n\nDorzolamide hydrochloride ophthalmic solution, USP 2% is supplied in an LDPE white opaque cylindrical shape, screw type neck dispenser bottle closed with a LDPE white opaque cone shaped open nozzle and an HDPE orange color cone shaped cap as follows.\n\nNDC 42571-141-26, 10 mL in a 10 mL capacity bottle.\n\nStorage\n\nStore dorzolamide hydrochloride ophthalmic solution at 15 to 30°C (59 to 86°F). Protect from light.\n\nAdvise the patient to read the FDA-approved patient labeling (Instructions for Use).\n\nSulfonamide Reactions\n\nDorzolamide hydrochloride ophthalmic solution is a sulfonamide and although administered topically is absorbed systemically. Therefore the same types of adverse reactions that are attributable to sulfonamides may occur with topical administration. Advise patients that if serious or unusual reactions including severe skin reactions or signs of hypersensitivity occur, they should discontinue the use of the product[seeWarnings and Precautions (5.1)].\n\nIntercurrent Ocular Conditions\n\nAdvise patients that if they have ocular surgery or develop an intercurrent ocular condition (e.g., trauma or infection), they should immediately seek their physician's advice concerning the continued use of the present multidose container.\n\nHandling Ophthalmic Solutions\n\nInstruct patients to avoid allowing the tip of the dispensing container to contact the eye or surrounding structures.\n\nInstruct patients that ocular solutions, if handled improperly or if the tip of the dispensing container contacts the eye or surrounding structures, can become contaminated by common bacteria known to cause ocular infections. Serious damage to the eye and subsequent loss of vision may result from using contaminated solutions.\n\nConcomitant Topical Ocular Therapy\n\nIf more than one topical ophthalmic drug is being used, the drugs should be administered at least five minutes apart.\n\nContact Lens Use\n\nAdvise patients that dorzolamide hydrochloride ophthalmic solution contains benzalkonium chloride which may be absorbed by soft contact lenses. Contact lenses should be removed prior to administration of the solution. Lenses may be reinserted 15 minutes following dorzolamide hydrochloride ophthalmic solution administration.\n\nWhen to Seek Physician Advice\n\nAdvise patients that if they develop any ocular reactions, particularly conjunctivitis and lid reactions, they should discontinue use and seek their physician's advice.\n\nManufactured by:\n\nMicro Labs Limited\n\nBangalore – 560 099, INDIA.\n\nManufactured for:\n\nMicro Labs USA Inc.\n\nSomerset, NJ 08873\n\nRev.10/2021\n\nDorzolamide Hydrochloride (dor zoe’ la mide hye” droe klor’ ide) Ophthalmic Solution USP, 2%\n\n1. Before using the medication for the first time, be sure the tamper evident ring between the bottle and the cap is unbroken (See Figure A).\n\nStep 1.Wash your hands.\n\nStep 2. Before opening the bottle for the first time, tear off the tamper evident ring to break the seal (See Figure B).\n\nStep 3.To open the bottle, remove the cap by turning it in the counterclockwise direction (See Figure C).Giving your dorzolamide hydrochloride ophthalmic solution\n\nStep 4. Tilt your head back and pull your lower eyelid down slightly to form a pocket between your eyelid and your eye. (See Figure D).\n\nStep 5.Turn your dorzolamide hydrochloride ophthalmic solution dispenser upside down and hold and press gently middle of the bottle with your thumb until a single drop is placed in your eye.Do nottouch your eye or eyelid with the dropper tip. (See Figure E).\n\nStep 6.If your doctor has told you to use dorzolamide hydrochloride ophthalmic solution in both eyes, repeat Steps 4 and 5 to give your dorzolamide hydrochloride ophthalmic solution.\n\nAfter using your dorzolamide hydrochloride solution\n\nStep 7.Replace the cap by turning it clockwise until tight. (See Figure F).\n\nAfter you have used all of your dorzolamide hydrochloride ophthalmic solution doses, there will be some dorzolamide hydrochloride ophthalmic solution medicine left in the dispenser.Do not tryto remove the extra medicine from the dorzolamide hydrochloride ophthalmic solution dispenser. Throw away your dorzolamide hydrochloride ophthalmic solution dispenser in your household trash.\n\nHow should I store dorzolamide hydrochloride ophthalmic solution?\n\n- Store dorzolamide hydrochloride ophthalmic solution between 59˚F to 86˚F (15˚C to 30˚C)\n- Protect from light\n- Safely throw away medicine that is out of date or no longer needed.\n\nKEEPDORZOLAMIDE HYDROCHLORIDE OPHTHALMIC SOLUTIONAND ALL MEDICINES OUT OF THE REACH OF CHILDREN.\n\nImportant information about using dorzolamide hydrochloride ophthalmic solution\n\n- If you have any eye or skin reactions, especially conjunctivitis or eyelid reactions to dorzolamide hydrochloride ophthalmic solution, stop using it and call your doctor right away.\n- If you have eye surgery or have a problem such as trauma or infection of your eye while using dorzolamide hydrochloride ophthalmic solution, call your doctor right away.\n- If you do not handle eye medicines the right way the medicine can become contaminated. If the tip of the dispenser touches your eye or areas around your eye, the tip can become contaminated with bacteria which can cause an eye infection and other serious problems including loss of eyesight.\n- If you use other eye medicines dropped onto the eye like dorzolamide hydrochloride ophthalmic solution, use the medicines at least 5 minutes before or after you use dorzolamide hydrochloride ophthalmic solution.\n- Dorzolamide hydrochloride ophthalmic solution contains benzalkonium chloride which may be absorbed by soft contact lenses. If you wear contact lenses, remove them before you use your dorzolamide hydrochloride ophthalmic solution. You can place your contact lenses back into your eyes 15 minutes after using your dorzolamide hydrochloride ophthalmic solution.\n\nThis Instructions for Use has been approved by the U.S. Food and Drug Administration.\n\nManufactured by:\n\nMicro Labs Limited\n\nBangalore – 560 099, INDIA.\n\nManufactured for:\n\nMicro Labs USA Inc.\n\nSomerset, NJ 08873\n\nRev.10/2021\n\nNDC 42571-141-26Rx OnlyDorzolamide HCl OphthalmicSolution, USP 2%*Dorzolamide Equivalent(Dorzolamide HCl 22.3 mg/mL)FOR OPHTHALMIC APPLICATIONIN THE EYE10 mLMICRO LABS LIMITED\n\nDORZOLAMIDE HYDROCHLORIDE OPHTHALMIC SOLUTIONdorzolamide hydrochloride solution/ drops\nProduct InformationProduct TypeHUMAN PRESCRIPTION DRUGItem Code (Source)NDC:42571-141Route of AdministrationOPHTHALMIC | Product Information | Product Type | HUMAN PRESCRIPTION DRUG | Item Code (Source) | NDC:42571-141 | Route of Administration | OPHTHALMIC\nProduct Information\nProduct Type | HUMAN PRESCRIPTION DRUG | Item Code (Source) | NDC:42571-141\nRoute of Administration | OPHTHALMIC\nActive Ingredient/Active MoietyIngredient NameBasis of StrengthStrengthDORZOLAMIDE HYDROCHLORIDE(UNII: QZO5366EW7)  (DORZOLAMIDE - UNII:9JDX055TW1)DORZOLAMIDE20 mg  in 1 mL | Active Ingredient/Active Moiety | Ingredient Name | Basis of Strength | Strength | DORZOLAMIDE HYDROCHLORIDE(UNII: QZO5366EW7)  (DORZOLAMIDE - UNII:9JDX055TW1) | DORZOLAMIDE | 20 mg  in 1 mL\nActive Ingredient/Active Moiety\nIngredient Name | Basis of Strength | Strength\nDORZOLAMIDE HYDROCHLORIDE(UNII: QZO5366EW7)  (DORZOLAMIDE - UNII:9JDX055TW1) | DORZOLAMIDE | 20 mg  in 1 mL\nInactive IngredientsIngredient NameStrengthMANNITOL(UNII: 3OWL53L36A)HYDROXYETHYL CELLULOSE (4000 MPA.S AT 1%)(UNII: ZYD53NBL45)SODIUM HYDROXIDE(UNII: 55X04QC32I)TRISODIUM CITRATE DIHYDRATE(UNII: B22547B95K)BENZALKONIUM CHLORIDE(UNII: F5UM2KM3W7)WATER(UNII: 059QF0KO0R) | Inactive Ingredients | Ingredient Name | Strength | MANNITOL(UNII: 3OWL53L36A) |  | HYDROXYETHYL CELLULOSE (4000 MPA.S AT 1%)(UNII: ZYD53NBL45) |  | SODIUM HYDROXIDE(UNII: 55X04QC32I) |  | TRISODIUM CITRATE DIHYDRATE(UNII: B22547B95K) |  | BENZALKONIUM CHLORIDE(UNII: F5UM2KM3W7) |  | WATER(UNII: 059QF0KO0R) | \nInactive Ingredients\nIngredient Name | Strength\nMANNITOL(UNII: 3OWL53L36A) | \nHYDROXYETHYL CELLULOSE (4000 MPA.S AT 1%)(UNII: ZYD53NBL45) | \nSODIUM HYDROXIDE(UNII: 55X04QC32I) | \nTRISODIUM CITRATE DIHYDRATE(UNII: B22547B95K) | \nBENZALKONIUM CHLORIDE(UNII: F5UM2KM3W7) | \nWATER(UNII: 059QF0KO0R) | \nProduct CharacteristicsColorwhite (colorless to nearly colorless)ScoreShapeSizeFlavorImprint CodeContains | Product Characteristics | Color | white (colorless to nearly colorless) | Score |  | Shape |  | Size |  | Flavor |  | Imprint Code |  | Contains | \nProduct Characteristics\nColor | white (colorless to nearly colorless) | Score | \nShape |  | Size | \nFlavor |  | Imprint Code | \nContains | \nPackaging#Item CodePackage DescriptionMarketing Start DateMarketing End Date1NDC:42571-141-261  in 1 CARTON11/11/2019110 mL in 1 BOTTLE; Type 0: Not a Combination Product | Packaging | # | Item Code | Package Description | Marketing Start Date | Marketing End Date | 1 | NDC:42571-141-26 | 1  in 1 CARTON | 11/11/2019 |  | 1 |  | 10 mL in 1 BOTTLE; Type 0: Not a Combination Product |  | \nPackaging\n# | Item Code | Package Description | Marketing Start Date | Marketing End Date\n1 | NDC:42571-141-26 | 1  in 1 CARTON | 11/11/2019 | \n1 |  | 10 mL in 1 BOTTLE; Type 0: Not a Combination Product |  | \n\nMarketing InformationMarketing CategoryApplication Number or Monograph CitationMarketing Start DateMarketing End DateANDAANDA20477811/11/2019 | Marketing Information | Marketing Category | Application Number or Monograph Citation | Marketing Start Date | Marketing End Date | ANDA | ANDA204778 | 11/11/2019 | \nMarketing Information\nMarketing Category | Application Number or Monograph Citation | Marketing Start Date | Marketing End Date\nANDA | ANDA204778 | 11/11/2019 | \n\nProduct Information\nProduct Type | HUMAN PRESCRIPTION DRUG | Item Code (Source) | NDC:42571-141\nRoute of Administration | OPHTHALMIC\n\nActive Ingredient/Active Moiety\nIngredient Name | Basis of Strength | Strength\nDORZOLAMIDE HYDROCHLORIDE(UNII: QZO5366EW7)  (DORZOLAMIDE - UNII:9JDX055TW1) | DORZOLAMIDE | 20 mg  in 1 mL\n\nInactive Ingredients\nIngredient Name | Strength\nMANNITOL(UNII: 3OWL53L36A) | \nHYDROXYETHYL CELLULOSE (4000 MPA.S AT 1%)(UNII: ZYD53NBL45) | \nSODIUM HYDROXIDE(UNII: 55X04QC32I) | \nTRISODIUM CITRATE DIHYDRATE(UNII: B22547B95K) | \nBENZALKONIUM CHLORIDE(UNII: F5UM2KM3W7) | \nWATER(UNII: 059QF0KO0R) | \n\nProduct Characteristics\nColor | white (colorless to nearly colorless) | Score | \nShape |  | Size | \nFlavor |  | Imprint Code | \nContains | \n\nPackaging\n# | Item Code | Package Description | Marketing Start Date | Marketing End Date\n1 | NDC:42571-141-26 | 1  in 1 CARTON | 11/11/2019 | \n1 |  | 10 mL in 1 BOTTLE; Type 0: Not a Combination Product |  | \n\nMarketing Information\nMarketing Category | Application Number or Monograph Citation | Marketing Start Date | Marketing End Date\nANDA | ANDA204778 | 11/11/2019 | \n\nLabeler -Micro Labs Limited\n\t\t\t\t\t\t\t(862174955)\n\nEstablishment\nName | Address | ID/FEI | Business Operations\nMicro Labs Limited |  | 677600482 | analysis(42571-141) , label(42571-141) , manufacture(42571-141) , pack(42571-141)\n\n5.1 Sulfonamide Hypersensitivity:\nDorzolamide hydrochloride ophthalmic solution contains dorzolamide, a sulfonamide; and although administered topically, it is absorbed systemically. Therefore, the same types of adverse reactions that are attributable to sulfonamides may occur with topical administration of dorzolamide hydrochloride ophthalmic solution. Fatalities have occurred, although rarely, due to severe reactions to sulfonamides including Stevens-Johnson syndrome, toxic epidermal necrolysis, fulminant hepatic necrosis, agranulocytosis, aplastic anemia, and other blood dyscrasias. Sensitization may recur when a sulfonamide is readministered irrespective of the route of administration. If signs of serious reactions or hypersensitivity occur, discontinue the use of this preparation[seeContraindications (4)].\n\n5.2 Bacterial Keratitis:\nThere have been reports of bacterial keratitis associated with the use of multiple-dose containers of topical ophthalmic products. These containers had been inadvertently contaminated by patients who, in most cases, had a concurrent corneal disease or a disruption of the ocular epithelial surface.\n\n5.3 Corneal Endothelium:\nCarbonic anhydrase activity has been observed in both the cytoplasm and around the plasma membranes of the corneal endothelium. There is an increased potential for developing corneal edema in patients with low endothelial cell counts. Caution should be used when prescribing dorzolamide hydrochloride ophthalmic solution to this group of patients.\n\n5.4 Allergic Reactions:\nIn clinical studies, local ocular adverse effects, primarily conjunctivitis and lid reactions, were reported with chronic administration of dorzolamide hydrochloride ophthalmic solution. Many of these reactions had the clinical appearance and course of an allergic-type reaction that resolved upon discontinuation of drug therapy. If such reactions are observed, dorzolamide hydrochloride ophthalmic solution should be discontinued and the patient evaluated before considering restarting the drug[seeAdverse Reactions (6)].\n\n5.5 Acute Angle-Closure Glaucoma:\nThe management of patients with acute angle-closure glaucoma requires therapeutic interventions in addition to ocular hypotensive agents.\n\n6.1 Clinical Trials Experience:\nBecause clinical trials are conducted under widely varying conditions, adverse reaction rates observed in the clinical trials of a drug cannot be directly compared to rates in the clinical trials of another drug and may not reflect the rates observed in practice.\n\nControlled Clinical Trials:The most frequent adverse reactions associated with dorzolamide hydrochloride ophthalmic solution were ocular burning, stinging, or discomfort immediately following ocular administration (approximately one-third of patients). Approximately one-quarter of patients noted a bitter taste following administration. Superficial punctate keratitis occurred in 10 to 15% of patients and signs and symptoms of ocular allergic reaction in approximately 10%. Reactions occurring in approximately 1 to 5% of patients were conjunctivitis and lid reactions[seeWarnings and Precautions (5.4)],blurred vision, eye redness, tearing, dryness, and photophobia. Other ocular reactions and systemic reactions were reported infrequently, including headache, nausea, asthenia/fatigue; and, rarely, skin rashes, urolithiasis, and iridocyclitis.\n\nIn a 3-month, double-masked, active-treatment-controlled, multicenter study in pediatric patients, the adverse reactions profile of dorzolamide hydrochloride ophthalmic solution was comparable to that seen in adult patients.\n\n6.2 Postmarketing Experience:\nThe following adverse reactions have been identified during post-approval use of dorzolamide hydrochloride ophthalmic solution. Because these reactions are reported voluntarily from a population of uncertain size, it is not always possible to reliably estimate their frequency or establish a causal relationship to drug exposure: signs and symptoms of systemic allergic reactions including angioedema, bronchospasm, pruritus, and urticaria; Stevens-Johnson syndrome and toxic epidermal necrolysis; dizziness, paresthesia; ocular pain, transient myopia, choroidal detachment following filtration surgery, eyelid crusting; dyspnea; contact dermatitis, epistaxis, dry mouth and throat irritation.\n\n7.1\tOral Carbonic Anhydrase Inhibitors:\nThere is a potential for an additive effect on the known systemic effects of carbonic anhydrase inhibition in patients receiving an oral carbonic anhydrase inhibitor and dorzolamide hydrochloride ophthalmic solution. The concomitant administration of dorzolamide hydrochloride ophthalmic solution and oral carbonic anhydrase inhibitors is not recommended.\n\n7.2\tHigh-Dose Salicylate Therapy:\nAlthough acid-base and electrolyte disturbances were not reported in the clinical trials with dorzolamide hydrochloride ophthalmic solution, these disturbances have been reported with oral carbonic anhydrase inhibitors and have, in some instances, resulted in drug interactions (e.g., toxicity associated with high-dose salicylate therapy). Therefore, the potential for such drug interactions should be considered in patients receiving dorzolamide hydrochloride ophthalmic solution.\n\n8.1 Pregnancy:\nRisk Summary\n\nThere are no adequate and well-controlled studies in pregnant women with dorzolamide hydrochloride ophthalmic solution. Dorzolamide caused fetal vertebral malformations when administered orally to rabbits at 2.5 mg/kg/day (37 times the clinical exposure). Dorzolamide administered during the period of organogenesis was not teratogenic in rabbits dosed up to 1 mg/kg/day (15 times the clinical exposure). Dorzolamide hydrochloride administered orally to rats during late gestation and lactation caused growth delays in offspring at 7.5 mg/kg/day (52 times the clinical exposure). Growth was not delayed at 1 mg/kg/day (8.0 times the clinical exposure).\n\nThe background risk of major birth defects and miscarriage for the indicated population is unknown. In the U.S. general population, the estimated background risk of major birth defects and miscarriage in clinically recognized pregnancies is 2 to 4% and 15 to 20%, respectively.\n\nData\n\nAnimal Data\n\nDevelopmental toxicity studies were conducted in pregnant rabbits administered dorzolamide hydrochloride orally during the period of organogenesis from gestation days 6 through 18 at doses of 0.2, 1, 2.5, 5, and 10 mg/kg/day. The developmental lowest observed adverse effect level (LOAEL) was 2.5 mg/kg/day, based on vertebral malformations and decreased fetal body weight. The maternal LOAEL was 2.5 mg/kg/day, based on metabolic acidosis and reduced weight gain. The maternal and developmental no adverse effect levels (NOAELs) were 1 mg/kg/day. The rabbit doses of 1 and 2.5 mg/kg/day represent estimated plasma Cmax levels in rabbits 15 and 37 times higher than the lower limit of detection in human plasma following ocular administration, respectively.\n\nDorzolamide hydrochloride was administered orally to rats during late gestation and lactation (gestation day 17 through postpartum day 20) at doses of 0.1, 1, or 7.5 mg/kg/day. The developmental LOAEL was 7.5 mg/kg/day, based on reduced birth weight, reduced weight gain, and a slight delay in postnatal development (incisor eruption, vaginal canalization and eye openings) secondary to lower offspring body weight. This 7.5 mg/kg/day dose represents an estimated plasma Cmax level in rats 52 times higher than the lower limit of detection in human plasma following ocular administration. The developmental NOAEL was 1 mg/kg/day. The maternal LOAEL was 1 mg/kg/day, based on reduced body weight gain. The maternal NOAEL was 0.1 mg/kg/day. The rat doses of 1 and 0.1 mg/kg/day represent estimated plasma Cmax levels in rats approximately 8.0 times and approximately equal (1x), respectively to the lower limit of detection in human plasma following ocular administration.\n\n8.2 Lactation:\nRisk Summary\n\nThere are no data on the presence of dorzolamide hydrochloride ophthalmic solution in human milk, the effects on the breastfed infant, or the effects on milk production. The developmental and health benefits of breastfeeding should be considered along with the mother's clinical need for dorzolamide hydrochloride ophthalmic solution and any potential adverse effects on the breast-fed child from dorzolamide hydrochloride ophthalmic solution. Dorzolamide is present in the milk of lactating rats(see Data).\n\nData\n\nAnimal Data\n\nLactating rats were dosed orally with 7.5 mg/kg/day of dorzolamide hydrochloride; dorzolamide and the N-desethyl metabolite were detected in the milk.\n\n8.4 Pediatric Use:\nSafety and effectiveness of dorzolamide hydrochloride ophthalmic solution have been demonstrated in pediatric patients in a 3-month, multicenter, double-masked, active-treatment-controlled trial.\n\n8.5 Geriatric Use:\nNo overall differences in safety or effectiveness have been observed between elderly and younger patients.\n\n8.6 Renal and Hepatic Impairment:\nDorzolamide has not been studied in patients with severe renal impairment (CrCl < 30 mL/min). Because dorzolamide and its metabolite are excreted predominantly by the kidney, dorzolamide hydrochloride ophthalmic solution is not recommended in such patients.\n\nDorzolamide has not been studied in patients with hepatic impairment and should therefore be used with caution in such patients.\n\n12.1 Mechanism of Action:\nCarbonic anhydrase (CA) is an enzyme found in many tissues of the body including the eye. It catalyzes the reversible reaction involving the hydration of carbon dioxide and the dehydration of carbonic acid. In humans, carbonic anhydrase exists as a number of isoenzymes, the most active being carbonic anhydrase II (CA-II), found primarily in red blood cells (RBCs), but also in other tissues. Inhibition of carbonic anhydrase in the ciliary processes of the eye decreases aqueous humor secretion, presumably by slowing the formation of bicarbonate ions with subsequent reduction in sodium and fluid transport. The result is a reduction in intraocular pressure (IOP).\n\nDorzolamide hydrochloride ophthalmic solution contains dorzolamide hydrochloride, an inhibitor of human carbonic anhydrase II. Following topical ocular administration, dorzolamide hydrochloride ophthalmic solution reduces elevated intraocular pressure. Elevated intraocular pressure is a major risk factor in the pathogenesis of optic nerve damage and glaucomatous visual field loss.\n\n12.3 Pharmacokinetics:\nWhen topically applied, dorzolamide reaches the systemic circulation. To assess the potential for systemic carbonic anhydrase inhibition following topical administration, drug and metabolite concentrations in RBCs and plasma and carbonic anhydrase inhibition in RBCs were measured.\n\nDorzolamide accumulates in RBCs during chronic dosing as a result of binding to CA-II. The parent drug forms a single N-desethyl metabolite, which inhibits CA-II less potently than the parent drug but also inhibits CA-I. The metabolite also accumulates in RBCs where it binds primarily to CA-I. Plasma concentrations of dorzolamide and metabolite are generally below the assay limit of quantitation (15nM). Dorzolamide binds moderately to plasma proteins (approximately 33%).\n\nDorzolamide is primarily excreted unchanged in the urine; the metabolite also is excreted in urine. After dosing is stopped, dorzolamide washes out of RBCs nonlinearly, resulting in a rapid decline of drug concentration initially, followed by a slower elimination phase with a half-life of about four months.\n\nTo simulate the systemic exposure after long-term topical ocular administration, dorzolamide was given orally to eight healthy subjects for up to 20 weeks. The oral dose of 2 mg twice daily closely approximates the amount of drug delivered by topical ocular administration of dorzolamide 2% three times daily. Steady state was reached within 8 weeks. The inhibition of CA-II and total carbonic anhydrase activities was below the degree of inhibition anticipated to be necessary for a pharmacological effect on renal function and respiration in healthy individuals.\n\n13.1 Carcinogenesis, Mutagenesis, Impairment of Fertility:\nIn a two-year study of dorzolamide hydrochloride administered orally to male and female Sprague- Dawley rats, urinary bladder papillomas were seen in male rats in the highest dosage group of 20 mg/kg/day. Papillomas were not seen in rats given oral doses of 1 mg/kg/day. These doses represent estimated plasma Cmaxlevels in rats, 138 and 7 times higher than the lower limit of detection in human plasma following ocular administration, respectively.\n\nNo treatment-related tumors were seen in a 21-month study in female and male mice given oral doses up to 75 mg/kg/day. This dose represents an estimated plasma Cmaxlevel in mice, 582 times higher than the lower limit of detection in human plasma following ocular administration.\n\nThe increased incidence of urinary bladder papillomas seen in the high-dose male rats is a class- effect of carbonic anhydrase inhibitors in rats. Rats are particularly prone to developing papillomas in response to foreign bodies, compounds causing crystalluria, and diverse sodium salts.\n\nNo changes in bladder urothelium were seen in dogs given oral dorzolamide hydrochloride for one year at 2 mg/kg/day or monkeys dosed topically to the eye for one year. An oral dose of 2 mg/kg/day in dogs represents an estimated plasma Cmaxlevel, 137 times higher than the lower limit of detection in human plasma following ocular administration. The topical ophthalmic dose in monkeys was approximately equivalent to the human topical ophthalmic dose.\n\nThe following tests for mutagenic potential were negative: (1)in vivo(mouse) cytogenetic assay; (2)in vitrochromosomal aberration assay; (3) alkaline elution assay; (4) V-79 assay; and (5) Ames test.\n\nIn fertility studies of dorzolamide hydrochloride in rats, there were no adverse effects on the reproductive capacity of males or females at doses of 15 and 7.5 mg/kg/day, respectively. These doses represent estimated plasma Cmax levels in rats, 103 and 52 times higher than the lower limit of detection in human plasma following ocular administration, respectively.\n\nSafety:\nReport Adverse\n                        Events,FDA Safety Recalls,Presence in Breast Milk\n\nRelated Resources:\nMedline Plus,Clinical Trials,PubMed,Biochemical Data Summary\n\nMore Info on this Drug:\nView Labeling Archives,RxNorm,Get Label RSS Feed,View NDC Code(s)NEW!\n\nTo receive this label RSS feed:\nCopy the URL below and paste it into your RSS Reader application.https://dailymed.nlm.nih.gov/dailymed/labelrss.cfm?setid=4698e4e1-c5f6-4db1-9328-74464a85afeaTo receive all DailyMed Updates for the last seven daysCopy the URL below and paste it into your RSS Reader application.https://dailymed.nlm.nih.gov/dailymed/rss.cfmWhat will I get with the DailyMed RSS feed?DailyMed will deliver notification of updates and additions to Drug Label information currently shown on this site through its RSS feed.DailyMed will deliver this notification to your desktop, Web browser, or e-mail depending on the RSS Reader you select to use. To view updated drug label links, paste the RSS feed address (URL) shown below into a RSS reader, or use a browser which supports RSS feeds, such as Safari for Mac OS X.How to discontinue the RSS feedIf you no longer wish to have this DailyMed RSS service, simply delete the copied URL from your RSS Reader.More about getting RSS News & Updates from DailyMed\n\nhttps://dailymed.nlm.nih.gov/dailymed/labelrss.cfm?setid=4698e4e1-c5f6-4db1-9328-74464a85afea\n\nCopy the URL below and paste it into your RSS Reader application.\n\nhttps://dailymed.nlm.nih.gov/dailymed/rss.cfm\n\nDailyMed will deliver notification of updates and additions to Drug Label information currently shown on this site through its RSS feed.\n\nDailyMed will deliver this notification to your desktop, Web browser, or e-mail depending on the RSS Reader you select to use. To view updated drug label links, paste the RSS feed address (URL) shown below into a RSS reader, or use a browser which supports RSS feeds, such as Safari for Mac OS X.\n\nIf you no longer wish to have this DailyMed RSS service, simply delete the copied URL from your RSS Reader.\n\nTo receive all DailyMed Updates for the last seven days:\nCopy the URL below and paste it into your RSS Reader application.\n\nhttps://dailymed.nlm.nih.gov/dailymed/rss.cfm\n\nWhat will I get with the DailyMed RSS feed?:\nDailyMed will deliver notification of updates and additions to Drug Label information currently shown on this site through its RSS feed.\n\nDailyMed will deliver this notification to your desktop, Web browser, or e-mail depending on the RSS Reader you select to use. To view updated drug label links, paste the RSS feed address (URL) shown below into a RSS reader, or use a browser which supports RSS feeds, such as Safari for Mac OS X.\n\nHow to discontinue the RSS feed:\nIf you no longer wish to have this DailyMed RSS service, simply delete the copied URL from your RSS Reader.\n\nWhy is DailyMed no longer displaying pill images on the Search Results and Drug Info pages?:\nDue to inconsistencies between the drug labels on DailyMed and the pill images provided byRxImage, we no longer display the RxImage pill images associated with drug labels.\n\nWe anticipate reposting the images once we are able identify and filter out images that do not match the information provided in the drug labels."
  }
}