{
  "name": "Ketorolac Tromethamine Ophthalmic Solution",
  "url": "https://www.microlabsusa.com/products/ketorolac-tromethamine-ophthalmic-solution/",
  "scraped_at": "2024-12-04T11:39:57.951139",
  "prescribing_info": {
    "indications_and_usage": "Ketorolac tromethamine ophthalmic solution 0.5% is a nonsteroidal, anti- inflammatory indicated for:\n\n- The treatment of inflammation following cataract surgery. (1)\n- The temporary relief of ocular itching due to seasonal allergic conjunctivitis. (1)",
    "dosage_and_administration": "One drop of ketorolac tromethamine ophthalmic solution 0.5%  should be applied to the affected eye(s) four times a day for relief of ocular itching due to seasonal allergic conjunctivitis.\n\nFor the treatment of postoperative inflammation in patients who have undergone cataract extraction, one drop of ketorolac tromethamine ophthalmic solution 0.5%  should be applied to the affected eye four times daily beginning 24 hours after cataract surgery and continuing through the first 2 weeks of the postoperative period. (2.1)",
    "dosage_forms_and_strengths": "Ophthalmic solution containing 5 mg/mL ketorolac tromethamine. (3)\n\n- 5 mL size bottle filled with 3 mL, 5 mL size bottle filled with 5 mL and 10 mL size bottle filled with 10 mL of ketorolac tromethamine ophthalmic solution, 0.5% (5 mg/mL)",
    "contraindications": "Hypersensitivity to any component of this product. (4)",
    "warnings_and_precautions": "- Delayed healing (5.1)\n- Cross-sensitivity or hypersensitivity (5.2)\n- Increased bleeding time due to interference with thrombocyte aggregation (5.3)\n- Corneal effects including keratitis (5.4)",
    "adverse_reactions": "The most frequent adverse reactions reported by up to 40% of\n\npatients participating in clinical trials have been transient stinging and burning on instillation. (6.1)\n\nTo report SUSPECTED ADVERSE REACTIONS, contactMicro Labs Limited at 1-855-839-8195or FDA at 1-800-FDA-1088 orwww.fda.gov/medwatch.",
    "drug_interactions": "",
    "use_in_specific_populations": "",
    "description": "",
    "clinical_pharmacology": "",
    "how_supplied": "",
    "other_information": "View Package Photos:\n- \n- \n- \n\n- \n- \n\nSafety:\n- Report Adverse Events\n- FDA Safety Recalls\n- Presence in Breast Milk\n\nRelated Resources:\n- Medline Plus\n- Clinical Trials\n- PubMedAll\n                                            CitationsAdverse EffectsTherapeutic UsePharmacologyClinical Trials\n- All\n                                            Citations\n- Adverse Effects\n- Therapeutic Use\n- Pharmacology\n- Clinical Trials\n- Biochemical Data Summary\n\n- All\n                                            Citations\n- Adverse Effects\n- Therapeutic Use\n- Pharmacology\n- Clinical Trials\n\nMore Info For This Drug:\n- View Labeling Archives\n- RxNorm\n- Get Label RSS Feed\n- View NDC Code(s)NEW!\n\nDrug Label Information:\nUpdated\n                    October 3, 2024\n\nIf you are a consumer or patient please visitthis version.\n\n- Download DRUG LABEL INFO:PDFXML\n- Official Label (Printer Friendly)\n\n- HIGHLIGHTS OF PRESCRIBING INFORMATIONThese highlights do not include all the information needed to use KETOROLAC TROMETHAMINE OPHTHALMIC SOLUTION 0.5% safely and effectively. See full prescribing information for KETOROLAC TROMETHAMINE OPHTHALMIC SOLUTION 0.5%.KETOROLAC TROMETHAMINE ophthalmic solution 0.5%Initial U.S. Approval: 1991INDICATIONS AND USAGEDOSAGE AND ADMINISTRATIONDOSAGE FORMS AND STRENGTHSCONTRAINDICATIONSWARNINGS AND PRECAUTIONSADVERSE REACTIONSSee 17 for PATIENT COUNSELING INFORMATION.Revised: 10/2021\n- Table of ContentsFULL PRESCRIBING INFORMATION: CONTENTS*1 INDICATIONS AND USAGE2 DOSAGE AND ADMINISTRATION2.1 Recommended Dosing2.2 Use with Other Topical Ophthalmic Medications3 DOSAGE FORMS AND STRENGTHS4 CONTRAINDICATIONS5 WARNINGS AND PRECAUTIONS5.1 Delayed Healing5.2 Cross-Sensitivity or Hypersensitivity5.3 Increased Bleeding Time5.4 Corneal Effects5.5 Contact Lens Wear6 ADVERSE REACTIONS6.1 Clinical Studies Experience6.2 Postmarketing Experience8 USE IN SPECIFIC POPULATIONS8.1 Pregnancy8.3 Nursing Mothers8.4 Pediatric Use8.5 Geriatric Use11 DESCRIPTION12 CLINICAL PHARMACOLOGY12.1 Mechanism of Action12.3 Pharmacokinetics13 NON CLINICAL TOXICOLOGY13.1 Carcinogenesis, Mutagenesis, Impairment of Fertility14 CLINICAL STUDIES16 HOW SUPPLIED/STORAGE AND HANDLING17 PATIENT COUNSELING INFORMATION17.1 Slow or Delayed Healing17.2 Avoiding Contamination of the Product17.3 Contact Lens Wear17.4 Intercurrent Ocular Conditions17.5 Concomitant Topical Ocular Therapy*Sections or subsections omitted from the full prescribing information are not listed.\n- 1 INDICATIONS AND USAGEKetorolac tromethamine ophthalmic solution 0.5% is indicated for the temporary relief of ocular itching due to seasonal allergic conjunctivitis. Ketorolac tromethamine ophthalmic solution 0.5% is also indicated for the treatment of postoperative inflammation in patients who have undergone cataract extraction.\n- 2 DOSAGE AND ADMINISTRATION2.1 Recommended DosingPatient DosingThe recommended dose of ketorolac tromethamine ophthalmic solution 0.5% is one drop four times a day to the affected eye(s) for relief of ocular itching due to seasonal allergic conjunctivitis.For the treatment of postoperative inflammation in patients who have undergone cataract extraction, one drop of ketorolac tromethamine ophthalmic solution 0.5% should be applied to the affected eye four times daily beginning 24 hours after cataract surgery and continuing through the first 2 weeks of the postoperative period.2.2 Use with Other Topical Ophthalmic MedicationsKetorolac tromethamine ophthalmic solution 0.5% has been safely administered in conjunction with other ophthalmic medications such as antibiotics, alpha-agonists, beta blockers, carbonic anhydrase inhibitors, cycloplegics, and mydriatics. Drops should be administered at least 5 minutes apart.\n- 3 DOSAGE FORMS AND STRENGTHS5 mL size bottle filled with 3 mL, 5 mL size bottle filled with 5 mL and 10 mL size bottle filled with 10 mL of ketorolac tromethamine ophthalmic solution, 0.5% (5 mg/mL)\n- 4 CONTRAINDICATIONSKetorolac tromethamine ophthalmic solution 0.5%is contraindicated in patients with previously demonstrated hypersensitivity to any of the ingredients in the formulation.\n- 5 WARNINGS AND PRECAUTIONS5.1 Delayed HealingTopical nonsteroidal anti-inflammatory drugs (NSAIDs) may slow or delay healing. Topical corticosteroids are also known to slow or delay healing. Concomitant use of topical NSAIDs and topical steroids may increase the potential for healing problems.5.2 Cross-Sensitivity or HypersensitivityThere is the potential for cross-sensitivity to acetylsalicylic acid, phenylacetic acid derivatives, and other NSAIDs. There have been reports of bronchospasm or exacerbation of asthma associated with the use of ketorolac tromethamine ophthalmic solution in patients who have either a known hypersensitivity to aspirin/non-steroidal anti-inflammatory drugs or a past medical history of asthma. Therefore, caution should be used when treating individuals who have previously exhibited sensitivities to these drugs.5.3 Increased Bleeding TimeWith some NSAIDs, there exists the potential for increased bleeding time due to interference with thrombocyte aggregation. There have been reports that ocularly applied nonsteroidal anti- inflammatory drugs may cause increased bleeding of ocular tissues (including hyphemas) in conjunction with ocular surgery.It is recommended that ketorolac tromethamine ophthalmic solution 0.5% be used with caution in patients with known bleeding tendencies or who are receiving other medications, which may prolong bleeding time.5.4 Corneal EffectsUse of topical NSAIDs may result in keratitis. In some susceptible patients, continued use of topical NSAIDs may result in epithelial breakdown, corneal thinning, corneal erosion, corneal ulceration, or corneal perforation. These events may be sight threatening. Patients with evidence of corneal epithelial breakdown should immediately discontinue use of topical NSAIDs and should be closely monitored for corneal health.Postmarketing experience with topical NSAIDs suggests that patients with complicated ocular surgeries, corneal denervation, corneal epithelial defects, diabetes mellitus, ocular surface diseases (e.g., dry eye syndrome), rheumatoid arthritis, or repeat ocular surgeries within a short period of time may be at increased risk for corneal adverse events which may become sight threatening. Topical NSAIDs should be used with caution in these patients.Postmarketing experience with topical NSAIDs also suggests that use more than 1 day prior to surgery or use beyond 14 days post-surgery may increase patient risk for the occurrence and severity of corneal adverse events.5.5 Contact Lens WearKetorolac tromethamine ophthalmic solution 0.5%should not be administered while wearing contact lenses.\n- 6 ADVERSE REACTIONS6.1 Clinical Studies ExperienceBecause clinical studies are conducted under widely varying conditions, adverse reaction rates observed in the clinical studies of a drug cannot be directly compared to the rates in the clinical studies of another drug and may not reflect the rates observed in practice.The most frequent adverse reactions reported with the use of ketorolac tromethamine ophthalmic solutions have been transient stinging and burning on instillation. These reactions were reported by up to 40% of patients participating in clinical trials.Other adverse reactions occurring approximately 1 to 10% of the time during treatment with ketorolac tromethamine ophthalmic solutions included allergic reactions, corneal edema, iritis, ocular inflammation, ocular irritation, superficial keratitis, and superficial ocular infections.Other adverse reactions reported rarely with the use of ketorolac tromethamine ophthalmic solutions included: corneal infiltrates, corneal ulcer, eye dryness, headaches,and visual disturbance (blurry vision).6.2 Postmarketing ExperienceThe following adverse reactions have been identified during post-marketing use of ketorolac tromethamine ophthalmic solution 0.5% in clinical practice. Because they are reported voluntarily from a population of unknown size, estimates of frequency cannot be made. The reactions, which have been chosen for inclusion due to either their seriousness, frequency of reporting, possible causal connection to topical ketorolac tromethamine ophthalmic solution  0.5% or a combination of these factors, include bronchospasm or exacerbation of asthma, corneal erosion, corneal perforation, corneal thinning, and epithelial breakdown[see Warnings and Precautions (5.2,5.4)].\n- 8 USE IN SPECIFIC POPULATIONS8.1 PregnancyTeratogenic Effects. Pregnancy Category CPregnancy Category C: Ketorolac tromethamine, administered during organogenesis, was not teratogenic in rabbits and rats at oral doses of 3.6 mg/kg/day and 10 mg/kg/day, respectively. These doses are approximately 100 times and 250 times higher respectively than the maximum recommended human topical ophthalmic daily dose of 2 mg (5 mg/mL x 0.05 mL/drop, x4 drops x 2 eyes) to affected eyes on a mg/kg basis. Additionally, when administered to rats after Day 17 of gestation at oral doses up to 1.5 mg/kg/day (approximately 40 times the typical human topical ophthalmic daily dose), ketorolac tromethamine resulted in dystocia and increased pup mortality. There are no adequate and well-controlled studies in pregnant women. Ketorolac tromethamine ophthalmic solution 0.5% should be used during pregnancy only if the potential benefit justifies the potential risk to the fetus.Nonteratogenic Effects:Because of the known effects of prostaglandin-inhibiting drugs on the fetal cardiovascular system (closure of the ductus arteriosus), the use of ketorolac tromethamine ophthalmic solution 0.5%during late pregnancy should be avoided.8.3 Nursing MothersBecause many drugs are excreted in human milk, caution should be exercised when ketorolac tromethamine ophthalmic solution 0.5% is administered to a nursing woman.8.4 Pediatric UseSafety and efficacy in pediatric patients below the age of 2 have not been established.8.5 Geriatric UseNo overall clinical differences in safety or effectiveness have been observed between elderly and other adult patients.\n- 11 DESCRIPTIONKetorolac tromethamine ophthalmic solution 0.5% is a member of the pyrrolo-­pyrrole group of nonsteroidal anti-inflammatory drugs (NSAIDs) for ophthalmic use. Its chemical name is (±)-5-Benzoyl-2,3-dihydro-1H pyrrolizine-1-carboxylic acid compound with 2-amino-2-(hydroxymethyl)-1,3-propanediol (1:1) and it has the following structure:Ketorolac tromethamine ophthalmic solution 0.5% is supplied as a sterile isotonic aqueous 0.5% solution, with a pH of 7.4. Ketorolac tromethamine ophthalmic solution 0.5% is a racemic mixture of R-(+) and S-(-)- ketorolac tromethamine. Ketorolac tromethamine may exist in three crystal forms. All forms are equally soluble in water. The pKa of ketorolac is 3.5. This white to off-white crystalline substance discolors on prolonged exposure to light. The molecular weight of ketorolac tromethamine is 376.41. The osmolality of ketorolac tromethamine ophthalmic solution 0.5% is 290 mOsmol/kg.Each mL of ketorolac tromethamine ophthalmic solution contains:Active:ketorolac tromethamine 0.5%.Preservative: benzalkonium chloride 0.01%.Inactives: edetate disodium 0.1%; octoxynol 40; water for injection; sodium chloride; hydrochloric acid and/or sodium hydroxide to adjust the pH.\n- 12 CLINICAL PHARMACOLOGY12.1 Mechanism of ActionKetorolac tromethamine is a nonsteroidal anti-inflammatory drug which, when administered systemically, has demonstrated analgesic, anti-inflammatory, and anti-pyretic activity. The mechanism of its action is thought to be due to its ability to inhibit prostaglandin biosynthesis.12.3 PharmacokineticsTwo drops of 0.5% ketorolac tromethamine ophthalmic solution instilled into the eyes of patients 12 hours and 1 hour prior to cataract extraction achieved a mean ketorolac concentration of 95 ng/mL in the aqueous humor of 8 of 9 eyes tested (range 40 to 170 ng/mL).One drop of 0.5% ketorolac tromethamine ophthalmic solution was instilled into 1 eye and 1 drop of vehicle into the other eye TID in 26 healthy subjects. Five (5) of 26 subjects had detectable concentrations of ketorolac in their plasma (range 11 to 23 ng/mL) at Day 10 during topical ocular treatment. The range of concentrations following TID dosing of 0.5% ketorolac tromethamine ophthalmic solution are approximately 4 to 8% of the steady state mean minimum plasma concentration observed following four times daily oral administration of 10 mg ketorolac in humans (290 ±  70 ng/mL).\n- 13 NON CLINICAL TOXICOLOGY13.1 Carcinogenesis, Mutagenesis, Impairment of FertilityKetorolac tromethamine was not carcinogenic in either rats given up to 5 mg/kg/day orally for 24 months or in mice given 2 mg/kg/day orally for 18 months. These doses are approximately 125 times and 50 times higher respectively than the maximum recommended human topical ophthalmic daily dose given as QID for itching to affected eyes on a mg/kg basis.Ketorolac tromethamine was not mutagenicin vitroin the Ames assay or in forward mutation assays. Similarly, it did not result in anin vitroincrease in unscheduled DNA synthesis or anin vivoincrease in chromosome breakage in mice. However, ketorolac tromethamine did result in an increased incidence in chromosomal aberrations in Chinese hamster ovary cells.Ketorolac tromethamine did not impair fertility when administered orally to male and female rats at doses up to 9 mg/kg/day and 16 mg/kg/day, respectively. These doses are respectively 225 and 400 times higher than the typical human topical ophthalmic daily dose.\n- 14 CLINICAL STUDIESTwo controlled clinical studies showed that ketorolac tromethamine ophthalmic solution was significantly more effective than its vehicle in relieving ocular itching caused by seasonal allergic conjunctivitis.Two controlled clinical studies showed that patients treated for two weeks with ketorolac tromethamine ophthalmic solution were less likely to have measurable signs of inflammation (cell and flare) than patients treated with its vehicle.Results from clinical studies indicate that ketorolac tromethamine has no significant effect upon intraocular pressure; however, changes in intraocular pressure may occur following cataract surgery.\n- 16 HOW SUPPLIED/STORAGE AND HANDLINGKetorolac Tromethamine Ophthalmic solution 0.5% is supplied sterile, in white opaque LDPE bottles with white opaque LDPE Nozzles with HDPE grey caps as follows.3 mL in 5 mL bottleNDC42571-137-315 mL in 5 mL bottleNDC42571-137-2510 mL in 10 mL bottleNDC42571-137-26Storage:Store at 20° to 25°C (68° to 77°F) [see USP Controlled Room Temperature].\n- 17 PATIENT COUNSELING INFORMATION17.1 Slow or Delayed HealingPatients should be informed of the possibility that slow or delayed healing may occur while using nonsteroidal anti-inflammatory drugs (NSAIDs).17.2 Avoiding Contamination of the ProductPatients should be instructed to avoid allowing the tip of the bottle to contact the eye or surrounding structures because this could cause the tip to become contaminated by common bacteria known to cause ocular infections. Serious damage to the eye and subsequent loss of vision may result from using contaminated solutions.Also, to avoid the potential for cross-contamination, the patient should be advised to use one bottle for each eye following bilateral ocular surgery. The use of the same bottle of topical eye drops for both eyes following bilateral ocular surgery is not recommended.17.3 Contact Lens WearPatients should be advised that ketorolac tromethamine ophthalmic solution 0.5% should not be administered while wearing contact lenses.17.4 Intercurrent Ocular ConditionsPatients should be advised that if they develop an intercurrent ocular condition (e.g., trauma or infection) or have ocular surgery, they should immediately seek their physician’s advice concerning the continued use of ketorolac tromethamine ophthalmic solution 0.5%.17.5 Concomitant Topical Ocular TherapyPatients should be advised that if more than one topical ophthalmic medication is being used, the medicines should be administered at least 5 minutes apart.Manufactured by:Micro Labs LimitedBangalore-560099, INDIA.Manufactured for:Micro Labs USA Inc.Somerset, NJ 08873Rev.10/2021\n- INSTRUCTIONS FOR USE:Before you use Ketorolac Tromethamine Ophthalmic solution 0.5% for the first time:1.Check to make sure that the tamper evident ring between the bottle and the cap is not broken (See Figure A). If the tamper evident ring is broken or missing, contact your pharmacist.2.Tear off the tamper evident ring (See Figure B).3.To open the bottle, remove the cap by turning it in the counterclockwise direction (See Figure C).This Instructions for Use has been approved by the U.S. Food and Drug Administration.Rev.10/2021\n- PACKAGE LABEL.PRINCIPAL DISPLAY PANELNDC 42571-137-31Rx OnlyKetorolac Tromethamine Ophthalmic Solution0.5%3 mLFOR USE IN EYES ONLYNDC 42571-137-31Rx OnlyKetorolac Tromethamine Ophthalmic Solution0.5%3 mLFOR USE IN EYES ONLY\n- INGREDIENTS AND APPEARANCEKETOROLAC TROMETHAMINEketorolac tromethamine solutionProduct InformationProduct TypeHUMAN PRESCRIPTION DRUGItem Code (Source)NDC:42571-137Route of AdministrationOPHTHALMICActive Ingredient/Active MoietyIngredient NameBasis of StrengthStrengthKETOROLAC TROMETHAMINE(UNII: 4EVE5946BQ)  (KETOROLAC - UNII:YZI5105V0L)KETOROLAC TROMETHAMINE5 mg  in 1 mLInactive IngredientsIngredient NameStrengthSODIUM CHLORIDE(UNII: 451W47IQ8X)EDETATE DISODIUM(UNII: 7FLD91C86K)OCTOXYNOL-40(UNII: 9T1C662FKS)HYDROCHLORIC ACID(UNII: QTT17582CB)WATER(UNII: 059QF0KO0R)BENZALKONIUM CHLORIDE(UNII: F5UM2KM3W7)SODIUM HYDROXIDE(UNII: 55X04QC32I)Packaging#Item CodePackage DescriptionMarketing Start DateMarketing End Date1NDC:42571-137-313 mL in 1 BOTTLE; Type 0: Not a Combination Product06/03/20192NDC:42571-137-255 mL in 1 BOTTLE; Type 0: Not a Combination Product06/03/20193NDC:42571-137-2610 mL in 1 BOTTLE; Type 0: Not a Combination Product06/03/2019Marketing InformationMarketing CategoryApplication Number or Monograph CitationMarketing Start DateMarketing End DateANDAANDA20341006/03/2019Labeler -Micro Labs Limited\n\t\t\t\t\t\t\t(862174955)EstablishmentNameAddressID/FEIBusiness OperationsMicro Labs Limited677600482analysis(42571-137) , label(42571-137) , manufacture(42571-137) , pack(42571-137)\n\nSee 17 for PATIENT COUNSELING INFORMATION.\n\nRevised: 10/2021\n\nKetorolac tromethamine ophthalmic solution 0.5% is indicated for the temporary relief of ocular itching due to seasonal allergic conjunctivitis. Ketorolac tromethamine ophthalmic solution 0.5% is also indicated for the treatment of postoperative inflammation in patients who have undergone cataract extraction.\n\nPatient Dosing\n\nThe recommended dose of ketorolac tromethamine ophthalmic solution 0.5% is one drop four times a day to the affected eye(s) for relief of ocular itching due to seasonal allergic conjunctivitis.\n\nFor the treatment of postoperative inflammation in patients who have undergone cataract extraction, one drop of ketorolac tromethamine ophthalmic solution 0.5% should be applied to the affected eye four times daily beginning 24 hours after cataract surgery and continuing through the first 2 weeks of the postoperative period.\n\nKetorolac tromethamine ophthalmic solution 0.5% has been safely administered in conjunction with other ophthalmic medications such as antibiotics, alpha-agonists, beta blockers, carbonic anhydrase inhibitors, cycloplegics, and mydriatics. Drops should be administered at least 5 minutes apart.\n\n5 mL size bottle filled with 3 mL, 5 mL size bottle filled with 5 mL and 10 mL size bottle filled with 10 mL of ketorolac tromethamine ophthalmic solution, 0.5% (5 mg/mL)\n\nKetorolac tromethamine ophthalmic solution 0.5%is contraindicated in patients with previously demonstrated hypersensitivity to any of the ingredients in the formulation.\n\nTopical nonsteroidal anti-inflammatory drugs (NSAIDs) may slow or delay healing. Topical corticosteroids are also known to slow or delay healing. Concomitant use of topical NSAIDs and topical steroids may increase the potential for healing problems.\n\nThere is the potential for cross-sensitivity to acetylsalicylic acid, phenylacetic acid derivatives, and other NSAIDs. There have been reports of bronchospasm or exacerbation of asthma associated with the use of ketorolac tromethamine ophthalmic solution in patients who have either a known hypersensitivity to aspirin/non-steroidal anti-inflammatory drugs or a past medical history of asthma. Therefore, caution should be used when treating individuals who have previously exhibited sensitivities to these drugs.\n\nWith some NSAIDs, there exists the potential for increased bleeding time due to interference with thrombocyte aggregation. There have been reports that ocularly applied nonsteroidal anti- inflammatory drugs may cause increased bleeding of ocular tissues (including hyphemas) in conjunction with ocular surgery.\n\nIt is recommended that ketorolac tromethamine ophthalmic solution 0.5% be used with caution in patients with known bleeding tendencies or who are receiving other medications, which may prolong bleeding time.\n\nUse of topical NSAIDs may result in keratitis. In some susceptible patients, continued use of topical NSAIDs may result in epithelial breakdown, corneal thinning, corneal erosion, corneal ulceration, or corneal perforation. These events may be sight threatening. Patients with evidence of corneal epithelial breakdown should immediately discontinue use of topical NSAIDs and should be closely monitored for corneal health.\n\nPostmarketing experience with topical NSAIDs suggests that patients with complicated ocular surgeries, corneal denervation, corneal epithelial defects, diabetes mellitus, ocular surface diseases (e.g., dry eye syndrome), rheumatoid arthritis, or repeat ocular surgeries within a short period of time may be at increased risk for corneal adverse events which may become sight threatening. Topical NSAIDs should be used with caution in these patients.\n\nPostmarketing experience with topical NSAIDs also suggests that use more than 1 day prior to surgery or use beyond 14 days post-surgery may increase patient risk for the occurrence and severity of corneal adverse events.\n\nKetorolac tromethamine ophthalmic solution 0.5%should not be administered while wearing contact lenses.\n\nBecause clinical studies are conducted under widely varying conditions, adverse reaction rates observed in the clinical studies of a drug cannot be directly compared to the rates in the clinical studies of another drug and may not reflect the rates observed in practice.\n\nThe most frequent adverse reactions reported with the use of ketorolac tromethamine ophthalmic solutions have been transient stinging and burning on instillation. These reactions were reported by up to 40% of patients participating in clinical trials.\n\nOther adverse reactions occurring approximately 1 to 10% of the time during treatment with ketorolac tromethamine ophthalmic solutions included allergic reactions, corneal edema, iritis, ocular inflammation, ocular irritation, superficial keratitis, and superficial ocular infections.\n\nOther adverse reactions reported rarely with the use of ketorolac tromethamine ophthalmic solutions included: corneal infiltrates, corneal ulcer, eye dryness, headaches,and visual disturbance (blurry vision).\n\nThe following adverse reactions have been identified during post-marketing use of ketorolac tromethamine ophthalmic solution 0.5% in clinical practice. Because they are reported voluntarily from a population of unknown size, estimates of frequency cannot be made. The reactions, which have been chosen for inclusion due to either their seriousness, frequency of reporting, possible causal connection to topical ketorolac tromethamine ophthalmic solution  0.5% or a combination of these factors, include bronchospasm or exacerbation of asthma, corneal erosion, corneal perforation, corneal thinning, and epithelial breakdown[see Warnings and Precautions (5.2,5.4)].\n\nTeratogenic Effects. Pregnancy Category C\n\nPregnancy Category C: Ketorolac tromethamine, administered during organogenesis, was not teratogenic in rabbits and rats at oral doses of 3.6 mg/kg/day and 10 mg/kg/day, respectively. These doses are approximately 100 times and 250 times higher respectively than the maximum recommended human topical ophthalmic daily dose of 2 mg (5 mg/mL x 0.05 mL/drop, x4 drops x 2 eyes) to affected eyes on a mg/kg basis. Additionally, when administered to rats after Day 17 of gestation at oral doses up to 1.5 mg/kg/day (approximately 40 times the typical human topical ophthalmic daily dose), ketorolac tromethamine resulted in dystocia and increased pup mortality. There are no adequate and well-controlled studies in pregnant women. Ketorolac tromethamine ophthalmic solution 0.5% should be used during pregnancy only if the potential benefit justifies the potential risk to the fetus.\n\nNonteratogenic Effects:Because of the known effects of prostaglandin-inhibiting drugs on the fetal cardiovascular system (closure of the ductus arteriosus), the use of ketorolac tromethamine ophthalmic solution 0.5%during late pregnancy should be avoided.\n\nBecause many drugs are excreted in human milk, caution should be exercised when ketorolac tromethamine ophthalmic solution 0.5% is administered to a nursing woman.\n\nSafety and efficacy in pediatric patients below the age of 2 have not been established.\n\nNo overall clinical differences in safety or effectiveness have been observed between elderly and other adult patients.\n\nKetorolac tromethamine ophthalmic solution 0.5% is a member of the pyrrolo-­pyrrole group of nonsteroidal anti-inflammatory drugs (NSAIDs) for ophthalmic use. Its chemical name is (±)-5-Benzoyl-2,3-dihydro-1H pyrrolizine-1-carboxylic acid compound with 2-amino-2-(hydroxymethyl)-1,3-propanediol (1:1) and it has the following structure:\n\nKetorolac tromethamine ophthalmic solution 0.5% is supplied as a sterile isotonic aqueous 0.5% solution, with a pH of 7.4. Ketorolac tromethamine ophthalmic solution 0.5% is a racemic mixture of R-(+) and S-(-)- ketorolac tromethamine. Ketorolac tromethamine may exist in three crystal forms. All forms are equally soluble in water. The pKa of ketorolac is 3.5. This white to off-white crystalline substance discolors on prolonged exposure to light. The molecular weight of ketorolac tromethamine is 376.41. The osmolality of ketorolac tromethamine ophthalmic solution 0.5% is 290 mOsmol/kg.\n\nEach mL of ketorolac tromethamine ophthalmic solution contains:Active:ketorolac tromethamine 0.5%.Preservative: benzalkonium chloride 0.01%.Inactives: edetate disodium 0.1%; octoxynol 40; water for injection; sodium chloride; hydrochloric acid and/or sodium hydroxide to adjust the pH.\n\nKetorolac tromethamine is a nonsteroidal anti-inflammatory drug which, when administered systemically, has demonstrated analgesic, anti-inflammatory, and anti-pyretic activity. The mechanism of its action is thought to be due to its ability to inhibit prostaglandin biosynthesis.\n\nTwo drops of 0.5% ketorolac tromethamine ophthalmic solution instilled into the eyes of patients 12 hours and 1 hour prior to cataract extraction achieved a mean ketorolac concentration of 95 ng/mL in the aqueous humor of 8 of 9 eyes tested (range 40 to 170 ng/mL).\n\nOne drop of 0.5% ketorolac tromethamine ophthalmic solution was instilled into 1 eye and 1 drop of vehicle into the other eye TID in 26 healthy subjects. Five (5) of 26 subjects had detectable concentrations of ketorolac in their plasma (range 11 to 23 ng/mL) at Day 10 during topical ocular treatment. The range of concentrations following TID dosing of 0.5% ketorolac tromethamine ophthalmic solution are approximately 4 to 8% of the steady state mean minimum plasma concentration observed following four times daily oral administration of 10 mg ketorolac in humans (290 ±  70 ng/mL).\n\nKetorolac tromethamine was not carcinogenic in either rats given up to 5 mg/kg/day orally for 24 months or in mice given 2 mg/kg/day orally for 18 months. These doses are approximately 125 times and 50 times higher respectively than the maximum recommended human topical ophthalmic daily dose given as QID for itching to affected eyes on a mg/kg basis.\n\nKetorolac tromethamine was not mutagenicin vitroin the Ames assay or in forward mutation assays. Similarly, it did not result in anin vitroincrease in unscheduled DNA synthesis or anin vivoincrease in chromosome breakage in mice. However, ketorolac tromethamine did result in an increased incidence in chromosomal aberrations in Chinese hamster ovary cells.\n\nKetorolac tromethamine did not impair fertility when administered orally to male and female rats at doses up to 9 mg/kg/day and 16 mg/kg/day, respectively. These doses are respectively 225 and 400 times higher than the typical human topical ophthalmic daily dose.\n\nTwo controlled clinical studies showed that ketorolac tromethamine ophthalmic solution was significantly more effective than its vehicle in relieving ocular itching caused by seasonal allergic conjunctivitis.\n\nTwo controlled clinical studies showed that patients treated for two weeks with ketorolac tromethamine ophthalmic solution were less likely to have measurable signs of inflammation (cell and flare) than patients treated with its vehicle.\n\nResults from clinical studies indicate that ketorolac tromethamine has no significant effect upon intraocular pressure; however, changes in intraocular pressure may occur following cataract surgery.\n\nKetorolac Tromethamine Ophthalmic solution 0.5% is supplied sterile, in white opaque LDPE bottles with white opaque LDPE Nozzles with HDPE grey caps as follows.\n\n3 mL in 5 mL bottleNDC42571-137-31\n\n5 mL in 5 mL bottleNDC42571-137-25\n\n10 mL in 10 mL bottleNDC42571-137-26\n\nStorage:Store at 20° to 25°C (68° to 77°F) [see USP Controlled Room Temperature].\n\nPatients should be informed of the possibility that slow or delayed healing may occur while using nonsteroidal anti-inflammatory drugs (NSAIDs).\n\nPatients should be instructed to avoid allowing the tip of the bottle to contact the eye or surrounding structures because this could cause the tip to become contaminated by common bacteria known to cause ocular infections. Serious damage to the eye and subsequent loss of vision may result from using contaminated solutions.\n\nAlso, to avoid the potential for cross-contamination, the patient should be advised to use one bottle for each eye following bilateral ocular surgery. The use of the same bottle of topical eye drops for both eyes following bilateral ocular surgery is not recommended.\n\nPatients should be advised that ketorolac tromethamine ophthalmic solution 0.5% should not be administered while wearing contact lenses.\n\nPatients should be advised that if they develop an intercurrent ocular condition (e.g., trauma or infection) or have ocular surgery, they should immediately seek their physician’s advice concerning the continued use of ketorolac tromethamine ophthalmic solution 0.5%.\n\nPatients should be advised that if more than one topical ophthalmic medication is being used, the medicines should be administered at least 5 minutes apart.\n\nManufactured by:\n\nMicro Labs Limited\n\nBangalore-560099, INDIA.\n\nManufactured for:\n\nMicro Labs USA Inc.\n\nSomerset, NJ 08873\n\nRev.10/2021\n\nBefore you use Ketorolac Tromethamine Ophthalmic solution 0.5% for the first time:\n\n1.Check to make sure that the tamper evident ring between the bottle and the cap is not broken (See Figure A). If the tamper evident ring is broken or missing, contact your pharmacist.\n\n2.Tear off the tamper evident ring (See Figure B).\n\n3.To open the bottle, remove the cap by turning it in the counterclockwise direction (See Figure C).\n\nThis Instructions for Use has been approved by the U.S. Food and Drug Administration.\n\nRev.10/2021\n\nNDC 42571-137-31\n\nRx Only\n\nKetorolac Tromethamine Ophthalmic Solution0.5%3 mLFOR USE IN EYES ONLY\n\nNDC 42571-137-31\n\nRx Only\n\nKetorolac Tromethamine Ophthalmic Solution0.5%3 mLFOR USE IN EYES ONLY\n\nKETOROLAC TROMETHAMINEketorolac tromethamine solution\nProduct InformationProduct TypeHUMAN PRESCRIPTION DRUGItem Code (Source)NDC:42571-137Route of AdministrationOPHTHALMIC | Product Information | Product Type | HUMAN PRESCRIPTION DRUG | Item Code (Source) | NDC:42571-137 | Route of Administration | OPHTHALMIC\nProduct Information\nProduct Type | HUMAN PRESCRIPTION DRUG | Item Code (Source) | NDC:42571-137\nRoute of Administration | OPHTHALMIC\nActive Ingredient/Active MoietyIngredient NameBasis of StrengthStrengthKETOROLAC TROMETHAMINE(UNII: 4EVE5946BQ)  (KETOROLAC - UNII:YZI5105V0L)KETOROLAC TROMETHAMINE5 mg  in 1 mL | Active Ingredient/Active Moiety | Ingredient Name | Basis of Strength | Strength | KETOROLAC TROMETHAMINE(UNII: 4EVE5946BQ)  (KETOROLAC - UNII:YZI5105V0L) | KETOROLAC TROMETHAMINE | 5 mg  in 1 mL\nActive Ingredient/Active Moiety\nIngredient Name | Basis of Strength | Strength\nKETOROLAC TROMETHAMINE(UNII: 4EVE5946BQ)  (KETOROLAC - UNII:YZI5105V0L) | KETOROLAC TROMETHAMINE | 5 mg  in 1 mL\nInactive IngredientsIngredient NameStrengthSODIUM CHLORIDE(UNII: 451W47IQ8X)EDETATE DISODIUM(UNII: 7FLD91C86K)OCTOXYNOL-40(UNII: 9T1C662FKS)HYDROCHLORIC ACID(UNII: QTT17582CB)WATER(UNII: 059QF0KO0R)BENZALKONIUM CHLORIDE(UNII: F5UM2KM3W7)SODIUM HYDROXIDE(UNII: 55X04QC32I) | Inactive Ingredients | Ingredient Name | Strength | SODIUM CHLORIDE(UNII: 451W47IQ8X) |  | EDETATE DISODIUM(UNII: 7FLD91C86K) |  | OCTOXYNOL-40(UNII: 9T1C662FKS) |  | HYDROCHLORIC ACID(UNII: QTT17582CB) |  | WATER(UNII: 059QF0KO0R) |  | BENZALKONIUM CHLORIDE(UNII: F5UM2KM3W7) |  | SODIUM HYDROXIDE(UNII: 55X04QC32I) | \nInactive Ingredients\nIngredient Name | Strength\nSODIUM CHLORIDE(UNII: 451W47IQ8X) | \nEDETATE DISODIUM(UNII: 7FLD91C86K) | \nOCTOXYNOL-40(UNII: 9T1C662FKS) | \nHYDROCHLORIC ACID(UNII: QTT17582CB) | \nWATER(UNII: 059QF0KO0R) | \nBENZALKONIUM CHLORIDE(UNII: F5UM2KM3W7) | \nSODIUM HYDROXIDE(UNII: 55X04QC32I) | \n\nPackaging#Item CodePackage DescriptionMarketing Start DateMarketing End Date1NDC:42571-137-313 mL in 1 BOTTLE; Type 0: Not a Combination Product06/03/20192NDC:42571-137-255 mL in 1 BOTTLE; Type 0: Not a Combination Product06/03/20193NDC:42571-137-2610 mL in 1 BOTTLE; Type 0: Not a Combination Product06/03/2019 | Packaging | # | Item Code | Package Description | Marketing Start Date | Marketing End Date | 1 | NDC:42571-137-31 | 3 mL in 1 BOTTLE; Type 0: Not a Combination Product | 06/03/2019 |  | 2 | NDC:42571-137-25 | 5 mL in 1 BOTTLE; Type 0: Not a Combination Product | 06/03/2019 |  | 3 | NDC:42571-137-26 | 10 mL in 1 BOTTLE; Type 0: Not a Combination Product | 06/03/2019 | \nPackaging\n# | Item Code | Package Description | Marketing Start Date | Marketing End Date\n1 | NDC:42571-137-31 | 3 mL in 1 BOTTLE; Type 0: Not a Combination Product | 06/03/2019 | \n2 | NDC:42571-137-25 | 5 mL in 1 BOTTLE; Type 0: Not a Combination Product | 06/03/2019 | \n3 | NDC:42571-137-26 | 10 mL in 1 BOTTLE; Type 0: Not a Combination Product | 06/03/2019 | \n\nMarketing InformationMarketing CategoryApplication Number or Monograph CitationMarketing Start DateMarketing End DateANDAANDA20341006/03/2019 | Marketing Information | Marketing Category | Application Number or Monograph Citation | Marketing Start Date | Marketing End Date | ANDA | ANDA203410 | 06/03/2019 | \nMarketing Information\nMarketing Category | Application Number or Monograph Citation | Marketing Start Date | Marketing End Date\nANDA | ANDA203410 | 06/03/2019 | \n\nProduct Information\nProduct Type | HUMAN PRESCRIPTION DRUG | Item Code (Source) | NDC:42571-137\nRoute of Administration | OPHTHALMIC\n\nActive Ingredient/Active Moiety\nIngredient Name | Basis of Strength | Strength\nKETOROLAC TROMETHAMINE(UNII: 4EVE5946BQ)  (KETOROLAC - UNII:YZI5105V0L) | KETOROLAC TROMETHAMINE | 5 mg  in 1 mL\n\nInactive Ingredients\nIngredient Name | Strength\nSODIUM CHLORIDE(UNII: 451W47IQ8X) | \nEDETATE DISODIUM(UNII: 7FLD91C86K) | \nOCTOXYNOL-40(UNII: 9T1C662FKS) | \nHYDROCHLORIC ACID(UNII: QTT17582CB) | \nWATER(UNII: 059QF0KO0R) | \nBENZALKONIUM CHLORIDE(UNII: F5UM2KM3W7) | \nSODIUM HYDROXIDE(UNII: 55X04QC32I) | \n\nPackaging\n# | Item Code | Package Description | Marketing Start Date | Marketing End Date\n1 | NDC:42571-137-31 | 3 mL in 1 BOTTLE; Type 0: Not a Combination Product | 06/03/2019 | \n2 | NDC:42571-137-25 | 5 mL in 1 BOTTLE; Type 0: Not a Combination Product | 06/03/2019 | \n3 | NDC:42571-137-26 | 10 mL in 1 BOTTLE; Type 0: Not a Combination Product | 06/03/2019 | \n\nMarketing Information\nMarketing Category | Application Number or Monograph Citation | Marketing Start Date | Marketing End Date\nANDA | ANDA203410 | 06/03/2019 | \n\nLabeler -Micro Labs Limited\n\t\t\t\t\t\t\t(862174955)\n\nEstablishment\nName | Address | ID/FEI | Business Operations\nMicro Labs Limited |  | 677600482 | analysis(42571-137) , label(42571-137) , manufacture(42571-137) , pack(42571-137)\n\n2.1 Recommended Dosing:\nPatient Dosing\n\nThe recommended dose of ketorolac tromethamine ophthalmic solution 0.5% is one drop four times a day to the affected eye(s) for relief of ocular itching due to seasonal allergic conjunctivitis.\n\nFor the treatment of postoperative inflammation in patients who have undergone cataract extraction, one drop of ketorolac tromethamine ophthalmic solution 0.5% should be applied to the affected eye four times daily beginning 24 hours after cataract surgery and continuing through the first 2 weeks of the postoperative period.\n\n2.2 Use with Other Topical Ophthalmic Medications:\nKetorolac tromethamine ophthalmic solution 0.5% has been safely administered in conjunction with other ophthalmic medications such as antibiotics, alpha-agonists, beta blockers, carbonic anhydrase inhibitors, cycloplegics, and mydriatics. Drops should be administered at least 5 minutes apart.\n\n5.1 Delayed Healing:\nTopical nonsteroidal anti-inflammatory drugs (NSAIDs) may slow or delay healing. Topical corticosteroids are also known to slow or delay healing. Concomitant use of topical NSAIDs and topical steroids may increase the potential for healing problems.\n\n5.2 Cross-Sensitivity or Hypersensitivity:\nThere is the potential for cross-sensitivity to acetylsalicylic acid, phenylacetic acid derivatives, and other NSAIDs. There have been reports of bronchospasm or exacerbation of asthma associated with the use of ketorolac tromethamine ophthalmic solution in patients who have either a known hypersensitivity to aspirin/non-steroidal anti-inflammatory drugs or a past medical history of asthma. Therefore, caution should be used when treating individuals who have previously exhibited sensitivities to these drugs.\n\n5.3 Increased Bleeding Time:\nWith some NSAIDs, there exists the potential for increased bleeding time due to interference with thrombocyte aggregation. There have been reports that ocularly applied nonsteroidal anti- inflammatory drugs may cause increased bleeding of ocular tissues (including hyphemas) in conjunction with ocular surgery.\n\nIt is recommended that ketorolac tromethamine ophthalmic solution 0.5% be used with caution in patients with known bleeding tendencies or who are receiving other medications, which may prolong bleeding time.\n\n5.4 Corneal Effects:\nUse of topical NSAIDs may result in keratitis. In some susceptible patients, continued use of topical NSAIDs may result in epithelial breakdown, corneal thinning, corneal erosion, corneal ulceration, or corneal perforation. These events may be sight threatening. Patients with evidence of corneal epithelial breakdown should immediately discontinue use of topical NSAIDs and should be closely monitored for corneal health.\n\nPostmarketing experience with topical NSAIDs suggests that patients with complicated ocular surgeries, corneal denervation, corneal epithelial defects, diabetes mellitus, ocular surface diseases (e.g., dry eye syndrome), rheumatoid arthritis, or repeat ocular surgeries within a short period of time may be at increased risk for corneal adverse events which may become sight threatening. Topical NSAIDs should be used with caution in these patients.\n\nPostmarketing experience with topical NSAIDs also suggests that use more than 1 day prior to surgery or use beyond 14 days post-surgery may increase patient risk for the occurrence and severity of corneal adverse events.\n\n5.5 Contact Lens Wear:\nKetorolac tromethamine ophthalmic solution 0.5%should not be administered while wearing contact lenses.\n\n6.1 Clinical Studies Experience:\nBecause clinical studies are conducted under widely varying conditions, adverse reaction rates observed in the clinical studies of a drug cannot be directly compared to the rates in the clinical studies of another drug and may not reflect the rates observed in practice.\n\nThe most frequent adverse reactions reported with the use of ketorolac tromethamine ophthalmic solutions have been transient stinging and burning on instillation. These reactions were reported by up to 40% of patients participating in clinical trials.\n\nOther adverse reactions occurring approximately 1 to 10% of the time during treatment with ketorolac tromethamine ophthalmic solutions included allergic reactions, corneal edema, iritis, ocular inflammation, ocular irritation, superficial keratitis, and superficial ocular infections.\n\nOther adverse reactions reported rarely with the use of ketorolac tromethamine ophthalmic solutions included: corneal infiltrates, corneal ulcer, eye dryness, headaches,and visual disturbance (blurry vision).\n\n6.2 Postmarketing Experience:\nThe following adverse reactions have been identified during post-marketing use of ketorolac tromethamine ophthalmic solution 0.5% in clinical practice. Because they are reported voluntarily from a population of unknown size, estimates of frequency cannot be made. The reactions, which have been chosen for inclusion due to either their seriousness, frequency of reporting, possible causal connection to topical ketorolac tromethamine ophthalmic solution  0.5% or a combination of these factors, include bronchospasm or exacerbation of asthma, corneal erosion, corneal perforation, corneal thinning, and epithelial breakdown[see Warnings and Precautions (5.2,5.4)].\n\n8.1 Pregnancy:\nTeratogenic Effects. Pregnancy Category C\n\nPregnancy Category C: Ketorolac tromethamine, administered during organogenesis, was not teratogenic in rabbits and rats at oral doses of 3.6 mg/kg/day and 10 mg/kg/day, respectively. These doses are approximately 100 times and 250 times higher respectively than the maximum recommended human topical ophthalmic daily dose of 2 mg (5 mg/mL x 0.05 mL/drop, x4 drops x 2 eyes) to affected eyes on a mg/kg basis. Additionally, when administered to rats after Day 17 of gestation at oral doses up to 1.5 mg/kg/day (approximately 40 times the typical human topical ophthalmic daily dose), ketorolac tromethamine resulted in dystocia and increased pup mortality. There are no adequate and well-controlled studies in pregnant women. Ketorolac tromethamine ophthalmic solution 0.5% should be used during pregnancy only if the potential benefit justifies the potential risk to the fetus.\n\nNonteratogenic Effects:Because of the known effects of prostaglandin-inhibiting drugs on the fetal cardiovascular system (closure of the ductus arteriosus), the use of ketorolac tromethamine ophthalmic solution 0.5%during late pregnancy should be avoided.\n\n8.3 Nursing Mothers:\nBecause many drugs are excreted in human milk, caution should be exercised when ketorolac tromethamine ophthalmic solution 0.5% is administered to a nursing woman.\n\n8.4 Pediatric Use:\nSafety and efficacy in pediatric patients below the age of 2 have not been established.\n\n8.5 Geriatric Use:\nNo overall clinical differences in safety or effectiveness have been observed between elderly and other adult patients.\n\n12.1 Mechanism of Action:\nKetorolac tromethamine is a nonsteroidal anti-inflammatory drug which, when administered systemically, has demonstrated analgesic, anti-inflammatory, and anti-pyretic activity. The mechanism of its action is thought to be due to its ability to inhibit prostaglandin biosynthesis.\n\n12.3 Pharmacokinetics:\nTwo drops of 0.5% ketorolac tromethamine ophthalmic solution instilled into the eyes of patients 12 hours and 1 hour prior to cataract extraction achieved a mean ketorolac concentration of 95 ng/mL in the aqueous humor of 8 of 9 eyes tested (range 40 to 170 ng/mL).\n\nOne drop of 0.5% ketorolac tromethamine ophthalmic solution was instilled into 1 eye and 1 drop of vehicle into the other eye TID in 26 healthy subjects. Five (5) of 26 subjects had detectable concentrations of ketorolac in their plasma (range 11 to 23 ng/mL) at Day 10 during topical ocular treatment. The range of concentrations following TID dosing of 0.5% ketorolac tromethamine ophthalmic solution are approximately 4 to 8% of the steady state mean minimum plasma concentration observed following four times daily oral administration of 10 mg ketorolac in humans (290 ±  70 ng/mL).\n\n13.1 Carcinogenesis, Mutagenesis, Impairment of Fertility:\nKetorolac tromethamine was not carcinogenic in either rats given up to 5 mg/kg/day orally for 24 months or in mice given 2 mg/kg/day orally for 18 months. These doses are approximately 125 times and 50 times higher respectively than the maximum recommended human topical ophthalmic daily dose given as QID for itching to affected eyes on a mg/kg basis.\n\nKetorolac tromethamine was not mutagenicin vitroin the Ames assay or in forward mutation assays. Similarly, it did not result in anin vitroincrease in unscheduled DNA synthesis or anin vivoincrease in chromosome breakage in mice. However, ketorolac tromethamine did result in an increased incidence in chromosomal aberrations in Chinese hamster ovary cells.\n\nKetorolac tromethamine did not impair fertility when administered orally to male and female rats at doses up to 9 mg/kg/day and 16 mg/kg/day, respectively. These doses are respectively 225 and 400 times higher than the typical human topical ophthalmic daily dose.\n\n17.1 Slow or Delayed Healing:\nPatients should be informed of the possibility that slow or delayed healing may occur while using nonsteroidal anti-inflammatory drugs (NSAIDs).\n\n17.2 Avoiding Contamination of the Product:\nPatients should be instructed to avoid allowing the tip of the bottle to contact the eye or surrounding structures because this could cause the tip to become contaminated by common bacteria known to cause ocular infections. Serious damage to the eye and subsequent loss of vision may result from using contaminated solutions.\n\nAlso, to avoid the potential for cross-contamination, the patient should be advised to use one bottle for each eye following bilateral ocular surgery. The use of the same bottle of topical eye drops for both eyes following bilateral ocular surgery is not recommended.\n\n17.3 Contact Lens Wear:\nPatients should be advised that ketorolac tromethamine ophthalmic solution 0.5% should not be administered while wearing contact lenses.\n\n17.4 Intercurrent Ocular Conditions:\nPatients should be advised that if they develop an intercurrent ocular condition (e.g., trauma or infection) or have ocular surgery, they should immediately seek their physician’s advice concerning the continued use of ketorolac tromethamine ophthalmic solution 0.5%.\n\n17.5 Concomitant Topical Ocular Therapy:\nPatients should be advised that if more than one topical ophthalmic medication is being used, the medicines should be administered at least 5 minutes apart.\n\nManufactured by:\n\nMicro Labs Limited\n\nBangalore-560099, INDIA.\n\nManufactured for:\n\nMicro Labs USA Inc.\n\nSomerset, NJ 08873\n\nRev.10/2021\n\nSafety:\nReport Adverse\n                        Events,FDA Safety Recalls,Presence in Breast Milk\n\nRelated Resources:\nMedline Plus,Clinical Trials,PubMed,Biochemical Data Summary\n\nMore Info on this Drug:\nView Labeling Archives,RxNorm,Get Label RSS Feed,View NDC Code(s)NEW!\n\nTo receive this label RSS feed:\nCopy the URL below and paste it into your RSS Reader application.https://dailymed.nlm.nih.gov/dailymed/labelrss.cfm?setid=631c2c31-cd4f-4a17-85c6-be96746a753eTo receive all DailyMed Updates for the last seven daysCopy the URL below and paste it into your RSS Reader application.https://dailymed.nlm.nih.gov/dailymed/rss.cfmWhat will I get with the DailyMed RSS feed?DailyMed will deliver notification of updates and additions to Drug Label information currently shown on this site through its RSS feed.DailyMed will deliver this notification to your desktop, Web browser, or e-mail depending on the RSS Reader you select to use. To view updated drug label links, paste the RSS feed address (URL) shown below into a RSS reader, or use a browser which supports RSS feeds, such as Safari for Mac OS X.How to discontinue the RSS feedIf you no longer wish to have this DailyMed RSS service, simply delete the copied URL from your RSS Reader.More about getting RSS News & Updates from DailyMed\n\nhttps://dailymed.nlm.nih.gov/dailymed/labelrss.cfm?setid=631c2c31-cd4f-4a17-85c6-be96746a753e\n\nCopy the URL below and paste it into your RSS Reader application.\n\nhttps://dailymed.nlm.nih.gov/dailymed/rss.cfm\n\nDailyMed will deliver notification of updates and additions to Drug Label information currently shown on this site through its RSS feed.\n\nDailyMed will deliver this notification to your desktop, Web browser, or e-mail depending on the RSS Reader you select to use. To view updated drug label links, paste the RSS feed address (URL) shown below into a RSS reader, or use a browser which supports RSS feeds, such as Safari for Mac OS X.\n\nIf you no longer wish to have this DailyMed RSS service, simply delete the copied URL from your RSS Reader.\n\nTo receive all DailyMed Updates for the last seven days:\nCopy the URL below and paste it into your RSS Reader application.\n\nhttps://dailymed.nlm.nih.gov/dailymed/rss.cfm\n\nWhat will I get with the DailyMed RSS feed?:\nDailyMed will deliver notification of updates and additions to Drug Label information currently shown on this site through its RSS feed.\n\nDailyMed will deliver this notification to your desktop, Web browser, or e-mail depending on the RSS Reader you select to use. To view updated drug label links, paste the RSS feed address (URL) shown below into a RSS reader, or use a browser which supports RSS feeds, such as Safari for Mac OS X.\n\nHow to discontinue the RSS feed:\nIf you no longer wish to have this DailyMed RSS service, simply delete the copied URL from your RSS Reader.\n\nWhy is DailyMed no longer displaying pill images on the Search Results and Drug Info pages?:\nDue to inconsistencies between the drug labels on DailyMed and the pill images provided byRxImage, we no longer display the RxImage pill images associated with drug labels.\n\nWe anticipate reposting the images once we are able identify and filter out images that do not match the information provided in the drug labels."
  }
}