{
  "name": "Methenamine Hippurate Tablets, USP",
  "url": "https://www.microlabsusa.com/products/methenamine-hippurate-tablets-usp/",
  "scraped_at": "2024-12-04T11:43:06.284133",
  "prescribing_info": {
    "indications_and_usage": "",
    "dosage_and_administration": "",
    "dosage_forms_and_strengths": "",
    "contraindications": "",
    "warnings_and_precautions": "",
    "adverse_reactions": "",
    "drug_interactions": "",
    "use_in_specific_populations": "",
    "description": "",
    "clinical_pharmacology": "",
    "how_supplied": "",
    "other_information": "View Package Photos:\n- \n- \n\n- \n\nSafety:\n- Report Adverse Events\n- FDA Safety Recalls\n- Presence in Breast Milk\n\nRelated Resources:\n- Medline Plus\n- Clinical Trials\n- PubMedAll\n                                            CitationsAdverse EffectsTherapeutic UsePharmacologyClinical Trials\n- All\n                                            Citations\n- Adverse Effects\n- Therapeutic Use\n- Pharmacology\n- Clinical Trials\n- Biochemical Data Summary\n\n- All\n                                            Citations\n- Adverse Effects\n- Therapeutic Use\n- Pharmacology\n- Clinical Trials\n\nMore Info For This Drug:\n- View Labeling Archives\n- RxNorm\n- Get Label RSS Feed\n- View NDC Code(s)NEW!\n\nDrug Label Information:\nUpdated\n                    November 25, 2021\n\nIf you are a consumer or patient please visitthis version.\n\n- Download DRUG LABEL INFO:PDFXML\n- Official Label (Printer Friendly)\n\n- DESCRIPTIONEach white to off-white capsule-shaped tablet contains 1 g Methenamine Hippurate USP which is the Hippuric Acid Salt of Methenamine (hexamethylene tetramine). The tablet also contains inactive ingredients Colloidal silicon dioxide, magnesium stearate and povidone K90.\n- ACTIONSMicrobiology:Methenamine hippurate has antibacterial activity because the methenamine component is hydrolyzed to formaldehyde in acid urine. Hippuric acid, the other component, has some antibacterial activity and also acts to keep the urine acid. The drug is generally active againstE. coli,enterococci and staphylococci.Enterobacter aerogenesis generally resistant. The urine must be kept sufficiently acid for urea-splitting organisms such asProteusandPseudomonasto be inhibited.Susceptibility TestingFor specific information regarding susceptibility test interpretive criteria and associated test methods and quality control standards recognized by FDA for this drug, please see: https://www.fda.gov/STIC.Human Pharmacology:Within 1/2 hour after ingestion of a single 1-gram dose of methenamine hippurate, antibacterial activity is demonstrable in the urine. Urine has continuous antibacterial activity when methenamine hippurate is administered at the recommended dosage schedule of 1 gram twice daily. Over 90% of methenamine moiety is excreted in the urine within 24 hours after administration of a single 1-gram dose. Similarly, the hippurate moiety is rapidly absorbed and excreted, and it reaches the urine by both tubular secretion and glomerular filtration. This action may be important in older patients or in those with some degree of renal impairment.\n- INDICATIONSMethenamine hippurate tablets USP are indicated for prophylactic or suppressive treatment of frequently recurring urinary tract infections when long-term therapy is considered necessary. This drug should only be used after eradication of the infection by other appropriate antimicrobial agents.To reduce the development of drug-resistant bacteria and maintain the effectiveness of methenamine hippurate and other antibacterial drugs, methenamine hippurate should be used only to treat or prevent infections that are proven or strongly suspected to be caused by susceptible bacteria. When culture and susceptibility information are available, they should be considered in selecting or modifying antibacterial therapy. In the absence of such data, local epidemiology and susceptibility patterns may contribute to the empiric selection of therapy.\n- CONTRAINDICATIONSMethenamine hippurate tablets USP are contraindicated in patients with renal insufficiency, severe hepatic insufficiency, or severe dehydration. Methenamine preparations should not be given to patients taking sulfonamides because some sulfonamides may form an insoluble precipitate with formaldehyde in the urine.\n- WARNINGSLarge doses of methenamine (8 grams daily for 3 to 4 weeks) have caused bladder irritation, painful and frequent micturition, albuminuria, and gross hematuria.\n- PRECAUTIONSPrescribing methenamine hippurate in the absence of a proven or strongly suspected bacterial infection or a prophylactic indication is unlikely to provide benefit to the patient and increases the risk of the development of drug-resistant bacteria.Care should be taken to maintain an acid pH of the urine, especially when treating infections due to urea-splitting organisms such asProteusand strains ofPseudomonas.In a few instances in one study, the serum transaminase levels were slightly elevated during treatment but returned to normal while the patients were still taking methenamine hippurate. Because  of  this  report,  it  is  recommended  that  liver  function  studies  be  performed periodically on patients taking the drug, especially those with liver dysfunction.Use in Pregnancy: In early pregnancy the safe use of methenamine hippurate is not established. In the last trimester, safety is suggested, but not definitely proved. No adverse effects on the fetus were seen in studies in pregnant rats and rabbits. Methenamine hippurate taken during pregnancy can interfere with laboratory tests of urine estriol (resulting in unmeasurably low values) when acid hydrolysis is used in the laboratory procedure. This interference is due to the presence in the urine of methenamine and/or formaldehyde. Enzymatic hydrolysis, in place of acid hydrolysis, will circumvent this problem.Geriatric UseClinical studies of methenamine hippurate did not include sufficient numbers of subjects aged 65 and over to determine whether they respond differently from younger subjects. Other reported clinical experience has not identified differences in responses between the elderly and younger patients. In general, dose selection for an elderly patient should be cautious, usually starting at the low end of the dosing range, reflecting the greater frequency of decreased hepatic, renal or cardiac function, and of concomitant disease or other drug therapy.Methenamine hippurate is contraindicated in patients with renal insufficiency and severe hepatic insufficiency (seeCONTRAINDICATIONS).Information for PatientsPatients should be counseled that antibacterial drugs including methenamine hippurate should only be used to treat bacterial infections. They do not treat viral infections (e.g., the common cold). When methenamine hippurate is prescribed to treat a bacterial infection, patients should be told that although it is common to feel better early in the course of therapy, the medication should be taken exactly as directed. Skipping doses or not completing the full course of therapy may (1) decrease the effectiveness of the immediate treatment and (2) increase the likelihood that bacteria will develop resistance and will not be treatable by methenamine hippurate or other antibacterial drugs in the future.\n- Care should be taken to maintain an acid pH of the urine, especially when treating infections due to urea-splitting organisms such asProteusand strains ofPseudomonas.\n- In a few instances in one study, the serum transaminase levels were slightly elevated during treatment but returned to normal while the patients were still taking methenamine hippurate. Because  of  this  report,  it  is  recommended  that  liver  function  studies  be  performed periodically on patients taking the drug, especially those with liver dysfunction.\n- Use in Pregnancy: In early pregnancy the safe use of methenamine hippurate is not established. In the last trimester, safety is suggested, but not definitely proved. No adverse effects on the fetus were seen in studies in pregnant rats and rabbits. Methenamine hippurate taken during pregnancy can interfere with laboratory tests of urine estriol (resulting in unmeasurably low values) when acid hydrolysis is used in the laboratory procedure. This interference is due to the presence in the urine of methenamine and/or formaldehyde. Enzymatic hydrolysis, in place of acid hydrolysis, will circumvent this problem.\n- ADVERSE REACTIONSMinor adverse reactions have been reported in less than 3.5% of patients treated. These reactions have included nausea, upset stomach, dysuria, and rash.To report SUSPECTED ADVERSE REACTIONS, contact Micro Labs USA Inc. at 1-855-839-8195 or FDA at 1-800-FDA-1088 or www.fda.gov/medwatch.\n- DOSAGE AND ADMINISTRATION1 tablet (1 g) twice daily (morning and night) for adults and pediatric patients over 12 years of age. 1/2 to 1 tablet (0.5 to 1 g) twice daily (morning and night) for pediatric patients 6 to 12 years of age. Since the antibacterial activity of methenamine hippurate is greater in acid urine, restriction of alkalinizing foods and medications is desirable. If necessary, as indicated by urinary pH and clinical response, supplemental acidification of the urine should be instituted. The efficacy of therapy should be monitored by repeated urine cultures.\n- HOW SUPPLIEDWhite to off white colored, capsule shaped, biconvex tablets, debossed with \"H\" and \"1\" on either side of breakline on one side and other side plain with approximate length 20.00 mm, width 8.00 mm and thickness 7.40 mm.Bottles of 100                                                                  NDC 42571-332-01Carton of 80 (8 x10) Unit-dose Tablets                           NDC 42571-332-23Store at 20°C to 25°C (68°F to 77°F); excursions permitted between 15°C and 30°C (59°F and 86°F) [see USP Controlled Room Temperature].Dispense in well-closed, light-resistant container with child-resistant closure.Manufactured by:Micro Labs LimitedGoa-403 722, INDIA.Manufactured for:Micro Labs USA, Inc.Somerset, NJ 08873Rev.10/2021\n- PACKAGE LABEL.PRINCIPAL DISPLAY PANELNDC 42571-332-01Methenamine HippurateTablets, USP1 gRx Only100 TabletsMicro labs Limited\n- INGREDIENTS AND APPEARANCEMETHENAMINE HIPPURATEmethenamine hippurate tabletProduct InformationProduct TypeHUMAN PRESCRIPTION DRUGItem Code (Source)NDC:42571-332Route of AdministrationORALActive Ingredient/Active MoietyIngredient NameBasis of StrengthStrengthMETHENAMINE HIPPURATE(UNII: M329791L57)  (METHENAMINE - UNII:J50OIX95QV)METHENAMINE HIPPURATE1000 mgInactive IngredientsIngredient NameStrengthSILICON DIOXIDE(UNII: ETJ7Z6XBU4)POVIDONE K90(UNII: RDH86HJV5Z)MAGNESIUM STEARATE(UNII: 70097M6I30)Product CharacteristicsColorwhite (White to Off-white)Score2 piecesShapeCAPSULESize20mmFlavorImprint CodeH;1ContainsPackaging#Item CodePackage DescriptionMarketing Start DateMarketing End Date1NDC:42571-332-01100  in 1 BOTTLE; Type 0: Not a Combination Product08/15/20192NDC:42571-332-2380  in 1 CARTON; Type 0: Not a Combination Product08/15/2019Marketing InformationMarketing CategoryApplication Number or Monograph CitationMarketing Start DateMarketing End DateANDAANDA21217208/15/2019Labeler -Micro Labs Limited\n\t\t\t\t\t\t\t(862174955)EstablishmentNameAddressID/FEIBusiness OperationsMicro Labs Limited915793658analysis(42571-332) , label(42571-332) , manufacture(42571-332) , pack(42571-332)\n\nEach white to off-white capsule-shaped tablet contains 1 g Methenamine Hippurate USP which is the Hippuric Acid Salt of Methenamine (hexamethylene tetramine). The tablet also contains inactive ingredients Colloidal silicon dioxide, magnesium stearate and povidone K90.\n\nMicrobiology:Methenamine hippurate has antibacterial activity because the methenamine component is hydrolyzed to formaldehyde in acid urine. Hippuric acid, the other component, has some antibacterial activity and also acts to keep the urine acid. The drug is generally active againstE. coli,enterococci and staphylococci.Enterobacter aerogenesis generally resistant. The urine must be kept sufficiently acid for urea-splitting organisms such asProteusandPseudomonasto be inhibited.\n\nSusceptibility Testing\n\nFor specific information regarding susceptibility test interpretive criteria and associated test methods and quality control standards recognized by FDA for this drug, please see: https://www.fda.gov/STIC.\n\nHuman Pharmacology:Within 1/2 hour after ingestion of a single 1-gram dose of methenamine hippurate, antibacterial activity is demonstrable in the urine. Urine has continuous antibacterial activity when methenamine hippurate is administered at the recommended dosage schedule of 1 gram twice daily. Over 90% of methenamine moiety is excreted in the urine within 24 hours after administration of a single 1-gram dose. Similarly, the hippurate moiety is rapidly absorbed and excreted, and it reaches the urine by both tubular secretion and glomerular filtration. This action may be important in older patients or in those with some degree of renal impairment.\n\nMethenamine hippurate tablets USP are indicated for prophylactic or suppressive treatment of frequently recurring urinary tract infections when long-term therapy is considered necessary. This drug should only be used after eradication of the infection by other appropriate antimicrobial agents.\n\nTo reduce the development of drug-resistant bacteria and maintain the effectiveness of methenamine hippurate and other antibacterial drugs, methenamine hippurate should be used only to treat or prevent infections that are proven or strongly suspected to be caused by susceptible bacteria. When culture and susceptibility information are available, they should be considered in selecting or modifying antibacterial therapy. In the absence of such data, local epidemiology and susceptibility patterns may contribute to the empiric selection of therapy.\n\nMethenamine hippurate tablets USP are contraindicated in patients with renal insufficiency, severe hepatic insufficiency, or severe dehydration. Methenamine preparations should not be given to patients taking sulfonamides because some sulfonamides may form an insoluble precipitate with formaldehyde in the urine.\n\nLarge doses of methenamine (8 grams daily for 3 to 4 weeks) have caused bladder irritation, painful and frequent micturition, albuminuria, and gross hematuria.\n\nPrescribing methenamine hippurate in the absence of a proven or strongly suspected bacterial infection or a prophylactic indication is unlikely to provide benefit to the patient and increases the risk of the development of drug-resistant bacteria.\n\n- Care should be taken to maintain an acid pH of the urine, especially when treating infections due to urea-splitting organisms such asProteusand strains ofPseudomonas.\n- In a few instances in one study, the serum transaminase levels were slightly elevated during treatment but returned to normal while the patients were still taking methenamine hippurate. Because  of  this  report,  it  is  recommended  that  liver  function  studies  be  performed periodically on patients taking the drug, especially those with liver dysfunction.\n- Use in Pregnancy: In early pregnancy the safe use of methenamine hippurate is not established. In the last trimester, safety is suggested, but not definitely proved. No adverse effects on the fetus were seen in studies in pregnant rats and rabbits. Methenamine hippurate taken during pregnancy can interfere with laboratory tests of urine estriol (resulting in unmeasurably low values) when acid hydrolysis is used in the laboratory procedure. This interference is due to the presence in the urine of methenamine and/or formaldehyde. Enzymatic hydrolysis, in place of acid hydrolysis, will circumvent this problem.\n\nClinical studies of methenamine hippurate did not include sufficient numbers of subjects aged 65 and over to determine whether they respond differently from younger subjects. Other reported clinical experience has not identified differences in responses between the elderly and younger patients. In general, dose selection for an elderly patient should be cautious, usually starting at the low end of the dosing range, reflecting the greater frequency of decreased hepatic, renal or cardiac function, and of concomitant disease or other drug therapy.\n\nMethenamine hippurate is contraindicated in patients with renal insufficiency and severe hepatic insufficiency (seeCONTRAINDICATIONS).\n\nInformation for Patients\n\nPatients should be counseled that antibacterial drugs including methenamine hippurate should only be used to treat bacterial infections. They do not treat viral infections (e.g., the common cold). When methenamine hippurate is prescribed to treat a bacterial infection, patients should be told that although it is common to feel better early in the course of therapy, the medication should be taken exactly as directed. Skipping doses or not completing the full course of therapy may (1) decrease the effectiveness of the immediate treatment and (2) increase the likelihood that bacteria will develop resistance and will not be treatable by methenamine hippurate or other antibacterial drugs in the future.\n\nMinor adverse reactions have been reported in less than 3.5% of patients treated. These reactions have included nausea, upset stomach, dysuria, and rash.\n\nTo report SUSPECTED ADVERSE REACTIONS, contact Micro Labs USA Inc. at 1-855-839-8195 or FDA at 1-800-FDA-1088 or www.fda.gov/medwatch.\n\n1 tablet (1 g) twice daily (morning and night) for adults and pediatric patients over 12 years of age. 1/2 to 1 tablet (0.5 to 1 g) twice daily (morning and night) for pediatric patients 6 to 12 years of age. Since the antibacterial activity of methenamine hippurate is greater in acid urine, restriction of alkalinizing foods and medications is desirable. If necessary, as indicated by urinary pH and clinical response, supplemental acidification of the urine should be instituted. The efficacy of therapy should be monitored by repeated urine cultures.\n\nWhite to off white colored, capsule shaped, biconvex tablets, debossed with \"H\" and \"1\" on either side of breakline on one side and other side plain with approximate length 20.00 mm, width 8.00 mm and thickness 7.40 mm.\n\nBottles of 100                                                                  NDC 42571-332-01Carton of 80 (8 x10) Unit-dose Tablets                           NDC 42571-332-23\n\nStore at 20°C to 25°C (68°F to 77°F); excursions permitted between 15°C and 30°C (59°F and 86°F) [see USP Controlled Room Temperature].\n\nDispense in well-closed, light-resistant container with child-resistant closure.\n\nManufactured by:Micro Labs LimitedGoa-403 722, INDIA.\n\nManufactured for:Micro Labs USA, Inc.Somerset, NJ 08873\n\nRev.10/2021\n\nNDC 42571-332-01Methenamine HippurateTablets, USP1 gRx Only100 TabletsMicro labs Limited\n\nMETHENAMINE HIPPURATEmethenamine hippurate tablet\nProduct InformationProduct TypeHUMAN PRESCRIPTION DRUGItem Code (Source)NDC:42571-332Route of AdministrationORAL | Product Information | Product Type | HUMAN PRESCRIPTION DRUG | Item Code (Source) | NDC:42571-332 | Route of Administration | ORAL\nProduct Information\nProduct Type | HUMAN PRESCRIPTION DRUG | Item Code (Source) | NDC:42571-332\nRoute of Administration | ORAL\nActive Ingredient/Active MoietyIngredient NameBasis of StrengthStrengthMETHENAMINE HIPPURATE(UNII: M329791L57)  (METHENAMINE - UNII:J50OIX95QV)METHENAMINE HIPPURATE1000 mg | Active Ingredient/Active Moiety | Ingredient Name | Basis of Strength | Strength | METHENAMINE HIPPURATE(UNII: M329791L57)  (METHENAMINE - UNII:J50OIX95QV) | METHENAMINE HIPPURATE | 1000 mg\nActive Ingredient/Active Moiety\nIngredient Name | Basis of Strength | Strength\nMETHENAMINE HIPPURATE(UNII: M329791L57)  (METHENAMINE - UNII:J50OIX95QV) | METHENAMINE HIPPURATE | 1000 mg\nInactive IngredientsIngredient NameStrengthSILICON DIOXIDE(UNII: ETJ7Z6XBU4)POVIDONE K90(UNII: RDH86HJV5Z)MAGNESIUM STEARATE(UNII: 70097M6I30) | Inactive Ingredients | Ingredient Name | Strength | SILICON DIOXIDE(UNII: ETJ7Z6XBU4) |  | POVIDONE K90(UNII: RDH86HJV5Z) |  | MAGNESIUM STEARATE(UNII: 70097M6I30) | \nInactive Ingredients\nIngredient Name | Strength\nSILICON DIOXIDE(UNII: ETJ7Z6XBU4) | \nPOVIDONE K90(UNII: RDH86HJV5Z) | \nMAGNESIUM STEARATE(UNII: 70097M6I30) | \nProduct CharacteristicsColorwhite (White to Off-white)Score2 piecesShapeCAPSULESize20mmFlavorImprint CodeH;1Contains | Product Characteristics | Color | white (White to Off-white) | Score | 2 pieces | Shape | CAPSULE | Size | 20mm | Flavor |  | Imprint Code | H;1 | Contains | \nProduct Characteristics\nColor | white (White to Off-white) | Score | 2 pieces\nShape | CAPSULE | Size | 20mm\nFlavor |  | Imprint Code | H;1\nContains | \nPackaging#Item CodePackage DescriptionMarketing Start DateMarketing End Date1NDC:42571-332-01100  in 1 BOTTLE; Type 0: Not a Combination Product08/15/20192NDC:42571-332-2380  in 1 CARTON; Type 0: Not a Combination Product08/15/2019 | Packaging | # | Item Code | Package Description | Marketing Start Date | Marketing End Date | 1 | NDC:42571-332-01 | 100  in 1 BOTTLE; Type 0: Not a Combination Product | 08/15/2019 |  | 2 | NDC:42571-332-23 | 80  in 1 CARTON; Type 0: Not a Combination Product | 08/15/2019 | \nPackaging\n# | Item Code | Package Description | Marketing Start Date | Marketing End Date\n1 | NDC:42571-332-01 | 100  in 1 BOTTLE; Type 0: Not a Combination Product | 08/15/2019 | \n2 | NDC:42571-332-23 | 80  in 1 CARTON; Type 0: Not a Combination Product | 08/15/2019 | \n\nMarketing InformationMarketing CategoryApplication Number or Monograph CitationMarketing Start DateMarketing End DateANDAANDA21217208/15/2019 | Marketing Information | Marketing Category | Application Number or Monograph Citation | Marketing Start Date | Marketing End Date | ANDA | ANDA212172 | 08/15/2019 | \nMarketing Information\nMarketing Category | Application Number or Monograph Citation | Marketing Start Date | Marketing End Date\nANDA | ANDA212172 | 08/15/2019 | \n\nProduct Information\nProduct Type | HUMAN PRESCRIPTION DRUG | Item Code (Source) | NDC:42571-332\nRoute of Administration | ORAL\n\nActive Ingredient/Active Moiety\nIngredient Name | Basis of Strength | Strength\nMETHENAMINE HIPPURATE(UNII: M329791L57)  (METHENAMINE - UNII:J50OIX95QV) | METHENAMINE HIPPURATE | 1000 mg\n\nInactive Ingredients\nIngredient Name | Strength\nSILICON DIOXIDE(UNII: ETJ7Z6XBU4) | \nPOVIDONE K90(UNII: RDH86HJV5Z) | \nMAGNESIUM STEARATE(UNII: 70097M6I30) | \n\nProduct Characteristics\nColor | white (White to Off-white) | Score | 2 pieces\nShape | CAPSULE | Size | 20mm\nFlavor |  | Imprint Code | H;1\nContains | \n\nPackaging\n# | Item Code | Package Description | Marketing Start Date | Marketing End Date\n1 | NDC:42571-332-01 | 100  in 1 BOTTLE; Type 0: Not a Combination Product | 08/15/2019 | \n2 | NDC:42571-332-23 | 80  in 1 CARTON; Type 0: Not a Combination Product | 08/15/2019 | \n\nMarketing Information\nMarketing Category | Application Number or Monograph Citation | Marketing Start Date | Marketing End Date\nANDA | ANDA212172 | 08/15/2019 | \n\nLabeler -Micro Labs Limited\n\t\t\t\t\t\t\t(862174955)\n\nEstablishment\nName | Address | ID/FEI | Business Operations\nMicro Labs Limited |  | 915793658 | analysis(42571-332) , label(42571-332) , manufacture(42571-332) , pack(42571-332)\n\nGeriatric Use:\nClinical studies of methenamine hippurate did not include sufficient numbers of subjects aged 65 and over to determine whether they respond differently from younger subjects. Other reported clinical experience has not identified differences in responses between the elderly and younger patients. In general, dose selection for an elderly patient should be cautious, usually starting at the low end of the dosing range, reflecting the greater frequency of decreased hepatic, renal or cardiac function, and of concomitant disease or other drug therapy.\n\nMethenamine hippurate is contraindicated in patients with renal insufficiency and severe hepatic insufficiency (seeCONTRAINDICATIONS).\n\nInformation for Patients\n\nPatients should be counseled that antibacterial drugs including methenamine hippurate should only be used to treat bacterial infections. They do not treat viral infections (e.g., the common cold). When methenamine hippurate is prescribed to treat a bacterial infection, patients should be told that although it is common to feel better early in the course of therapy, the medication should be taken exactly as directed. Skipping doses or not completing the full course of therapy may (1) decrease the effectiveness of the immediate treatment and (2) increase the likelihood that bacteria will develop resistance and will not be treatable by methenamine hippurate or other antibacterial drugs in the future.\n\nSafety:\nReport Adverse\n                        Events,FDA Safety Recalls,Presence in Breast Milk\n\nRelated Resources:\nMedline Plus,Clinical Trials,PubMed,Biochemical Data Summary\n\nMore Info on this Drug:\nView Labeling Archives,RxNorm,Get Label RSS Feed,View NDC Code(s)NEW!\n\nTo receive this label RSS feed:\nCopy the URL below and paste it into your RSS Reader application.https://dailymed.nlm.nih.gov/dailymed/labelrss.cfm?setid=e07ddd63-4725-49db-bec2-bd4f966c6e48To receive all DailyMed Updates for the last seven daysCopy the URL below and paste it into your RSS Reader application.https://dailymed.nlm.nih.gov/dailymed/rss.cfmWhat will I get with the DailyMed RSS feed?DailyMed will deliver notification of updates and additions to Drug Label information currently shown on this site through its RSS feed.DailyMed will deliver this notification to your desktop, Web browser, or e-mail depending on the RSS Reader you select to use. To view updated drug label links, paste the RSS feed address (URL) shown below into a RSS reader, or use a browser which supports RSS feeds, such as Safari for Mac OS X.How to discontinue the RSS feedIf you no longer wish to have this DailyMed RSS service, simply delete the copied URL from your RSS Reader.More about getting RSS News & Updates from DailyMed\n\nhttps://dailymed.nlm.nih.gov/dailymed/labelrss.cfm?setid=e07ddd63-4725-49db-bec2-bd4f966c6e48\n\nCopy the URL below and paste it into your RSS Reader application.\n\nhttps://dailymed.nlm.nih.gov/dailymed/rss.cfm\n\nDailyMed will deliver notification of updates and additions to Drug Label information currently shown on this site through its RSS feed.\n\nDailyMed will deliver this notification to your desktop, Web browser, or e-mail depending on the RSS Reader you select to use. To view updated drug label links, paste the RSS feed address (URL) shown below into a RSS reader, or use a browser which supports RSS feeds, such as Safari for Mac OS X.\n\nIf you no longer wish to have this DailyMed RSS service, simply delete the copied URL from your RSS Reader.\n\nTo receive all DailyMed Updates for the last seven days:\nCopy the URL below and paste it into your RSS Reader application.\n\nhttps://dailymed.nlm.nih.gov/dailymed/rss.cfm\n\nWhat will I get with the DailyMed RSS feed?:\nDailyMed will deliver notification of updates and additions to Drug Label information currently shown on this site through its RSS feed.\n\nDailyMed will deliver this notification to your desktop, Web browser, or e-mail depending on the RSS Reader you select to use. To view updated drug label links, paste the RSS feed address (URL) shown below into a RSS reader, or use a browser which supports RSS feeds, such as Safari for Mac OS X.\n\nHow to discontinue the RSS feed:\nIf you no longer wish to have this DailyMed RSS service, simply delete the copied URL from your RSS Reader.\n\nWhy is DailyMed no longer displaying pill images on the Search Results and Drug Info pages?:\nDue to inconsistencies between the drug labels on DailyMed and the pill images provided byRxImage, we no longer display the RxImage pill images associated with drug labels.\n\nWe anticipate reposting the images once we are able identify and filter out images that do not match the information provided in the drug labels."
  }
}