{
  "name": "Tafluprost Opthalmic Solution",
  "url": "https://www.microlabsusa.com/products/tafluprost-opthalmic-solution/",
  "scraped_at": "2024-12-04T11:32:14.526169",
  "prescribing_info": {
    "indications_and_usage": "- Tafluprost ophthalmic solution, 0.0015% is a prostaglandin analog indicated for reducing elevated intraocular pressure in patients with open-angle glaucoma or ocular hypertension. (1)",
    "dosage_and_administration": "- One drop in the affected eye(s) once daily in the evening. (2)",
    "dosage_forms_and_strengths": "- Ophthalmic solution containing tafluprost 0.015 mg/mL. (3)",
    "contraindications": "- None. (4)",
    "warnings_and_precautions": "- Pigmentation\n\nPigmentation of the iris, periorbital tissue (eyelid) and eyelashes can occur. Iris pigmentation is likely to be permanent. (5.1)\n\n- Eyelash Changes\n\nGradual changes to eyelashes including increased length, thickness and number of lashes. Usually reversible. (5.2)",
    "adverse_reactions": "- Most common ocular adverse reaction is conjunctival hyperemia (range 4% to 20%). (6.1)\n\nTo report SUSPECTED ADVERSE REACTIONS, contactMicro Labs USA Inc.,at 1-855-839-8195 or FDA at 1-800-FDA-1088 orwww.fda.gov/medwatch.",
    "drug_interactions": "",
    "use_in_specific_populations": "- Use in pediatric patients is not recommended because of potential safety concerns related to increased pigmentation following long-term chronic use. (8.4)",
    "description": "",
    "clinical_pharmacology": "",
    "how_supplied": "Instruct patients on proper storage of cartons, unopened foil pouches, and opened foil pouches[see How Supplied/Storage and Handling (16)].Recommended storage for cartons and unopened foil pouches is to store refrigerated at 2º to 8°C (36º to 46°F). After the pouch is opened, the single-dose containers may be stored in the opened foil pouch for up to 30 days at room temperature 20º to 25°C (68º to 77°F). Protect from moisture.\n\nManufactured by:Micro Labs LimitedBangalore – 560099, INDIA.Manufactured for:Micro Labs USA, Inc.Somerset, NJ 08873Rev. 05/2022",
    "other_information": "View Package Photos:\n- \n- \n- \n\n- \n- \n\nVIEW MORE:\n- \n- \n\n- \n\nSafety:\n- Report Adverse Events\n- FDA Safety Recalls\n- Presence in Breast Milk\n\nRelated Resources:\n- Medline Plus\n- Clinical Trials\n- PubMedAll\n                                            CitationsAdverse EffectsTherapeutic UsePharmacologyClinical Trials\n- All\n                                            Citations\n- Adverse Effects\n- Therapeutic Use\n- Pharmacology\n- Clinical Trials\n- Biochemical Data Summary\n\n- All\n                                            Citations\n- Adverse Effects\n- Therapeutic Use\n- Pharmacology\n- Clinical Trials\n\nMore Info For This Drug:\n- View Labeling Archives\n- RxNorm\n- Get Label RSS Feed\n- View NDC Code(s)NEW!\n\nDrug Label Information:\nUpdated\n                    June 9, 2022\n\nIf you are a consumer or patient please visitthis version.\n\n- Download DRUG LABEL INFO:PDFXML\n- Official Label (Printer Friendly)\n\n- HIGHLIGHTS OF PRESCRIBING INFORMATIONThese highlights do not include all the information needed to use TAFLUPROST OPHTHALMIC SOLUTION safely and effectively. See full prescribing information for TAFLUPROST OPHTHALMIC SOLUTION.TAFLUPROST ophthalmic solutionInitial U.S. Approval: 2012INDICATIONS AND USAGEDOSAGE AND ADMINISTRATIONDOSAGE FORMS AND STRENGTHSCONTRAINDICATIONSWARNINGS AND PRECAUTIONSADVERSE REACTIONSUSE IN SPECIFIC POPULATIONSSee 17 for PATIENT COUNSELING INFORMATION and FDA-approved patient labeling.Revised: 5/2022\n- Table of ContentsFULL PRESCRIBING INFORMATION: CONTENTS*1 INDICATIONS AND USAGE2 DOSAGE AND ADMINISTRATION3 DOSAGE FORMS AND STRENGTHS4 CONTRAINDICATIONS5 WARNINGS AND PRECAUTIONS5.1 Pigmentation5.2 Eyelash Changes5.3 Intraocular Inflammation5.4 Macular Edema6 ADVERSE REACTIONS6.1 Clinical Studies Experience6.2 Postmarketing Experience8 USE IN SPECIFIC POPULATIONS8.1 Pregnancy8.3 Nursing Mothers8.4 Pediatric Use8.5 Geriatric Use11 DESCRIPTION12 CLINICAL PHARMACOLOGY12.1 Mechanism of Action12.3 Pharmacokinetics13 NONCLINICAL TOXICOLOGY13.1 Carcinogenesis, Mutagenesis, Impairment of Fertility14 CLINICAL STUDIES16 HOW SUPPLIED/STORAGE AND HANDLING17 PATIENT COUNSELING INFORMATION17.1 Nightly Application17.2 Handling the Single-Dose Container17.3 Potential for Pigmentation17.4 Potential for Eyelash Changes17.5 When to Seek Physician Advice17.6 Use with Other Ophthalmic Drugs17.7 Storage Information\n- 1 INDICATIONS AND USAGETafluprost ophthalmic solution, 0.0015% is indicated for reducing elevated intraocular pressure in patients with open-angle glaucoma or ocular hypertension.\n- 2 DOSAGE AND ADMINISTRATIONThe recommended dose is one drop of tafluprost ophthalmic solution in the conjunctival sac of the affected eye(s) once daily in the evening.The dose should not exceed once daily since it has been shown that more frequent administration of prostaglandin analogs may lessen the intraocular pressure lowering effect.Reduction of the intraocular pressure starts approximately 2 to 4 hours after the first administration with the maximum effect reached after 12 hours.Tafluprost ophthalmic solution may be used concomitantly with other topical ophthalmic drug products to lower intraocular pressure. If more than one topical ophthalmic product is being used, each one should be administered at least 5 minutes apart.The solution from one individual unit is to be used immediately after opening for administration to one or both eyes. Since sterility cannot be maintained after the individual unit is opened, the remaining contents should be discarded immediately after administration.\n- 3 DOSAGE FORMS AND STRENGTHSOphthalmic solution containing tafluprost 0.015 mg/mL.\n- 4 CONTRAINDICATIONSNone.\n- 5 WARNINGS AND PRECAUTIONS5.1 PigmentationTafluprost ophthalmic solution has been reported to cause changes to pigmented tissues. The most frequently reported changes have been increased pigmentation of the iris, periorbital tissue (eyelid) and eyelashes. Pigmentation is expected to increase as long as tafluprost is administered. The pigmentation change is due to increased melanin content in the melanocytes rather than to an increase in the number of melanocytes. After discontinuation of tafluprost, pigmentation of the iris is likely to be permanent, while pigmentation of the periorbital tissue and eyelash changes have been reported to be reversible in some patients. Patients who receive treatment should be informed of the possibility of increased pigmentation. The long term effects of increased pigmentation are not known.Iris color change may not be noticeable for several months to years. Typically, the brown pigmentation around the pupil spreads concentrically towards the periphery of the iris and the entire iris or parts of the iris become more brownish. Neither nevi nor freckles of the iris appear to be affected by treatment. While treatment with tafluprost ophthalmic solution can be continued in patients who develop noticeably increased iris pigmentation, these patients should be examined regularly.[See Patient Counseling Information (17.3)].5.2 Eyelash ChangesTafluprost may gradually change eyelashes and vellus hair in the treated eye. These changes include increased length, color, thickness, shape and number of lashes. Eyelash changes are usually reversible upon discontinuation of treatment.5.3 Intraocular InflammationTafluprost should be used with caution in patients with active intraocular inflammation (e.g., iritis/uveitis) because the inflammation may be exacerbated.5.4 Macular EdemaMacular edema, including cystoid macular edema, has been reported during treatment with prostaglandin F2α analogs. Tafluprost should be used with caution in aphakic patients, in pseudophakic patients with a torn posterior lens capsule, or in patients with known risk factors for macular edema.\n- 6 ADVERSE REACTIONS6.1 Clinical Studies ExperienceBecause clinical studies are conducted under widely varying conditions, adverse reaction rates observed in the clinical studies of a drug cannot be directly compared to rates in the clinical studies of another drug and may not reflect the rates observed in practice.Preservative-containing or preservative-free tafluprost 0.0015% was evaluated in 905 patients in five controlled clinical studies of up to 24 months duration. The most common adverse reaction observed in patients treated with tafluprost was conjunctival hyperemia which was reported in a range of 4% to 20% of patients. Approximately 1% of patients discontinued therapy due to ocular adverse reactions.Ocular adverse reactions reported at an incidence of ≥ 2% in these clinical studies included ocular stinging/irritation (7%), ocular pruritus including allergic conjunctivitis (5%), cataract (3%), dry eye (3%), ocular pain (3%), eyelash darkening (2%), growth of eyelashes (2%) and vision blurred (2%).Nonocular adverse reactions reported at an incidence of 2% to 6% in these clinical studies in patients treated with tafluprost 0.0015% were headache (6%), common cold (4%), cough (3%) and urinary tract infection (2%).6.2 Postmarketing ExperienceThe following adverse reactions have been identified during postapproval use of tafluprost. Because postapproval adverse reactions are reported voluntarily from a population of uncertain size, it is not always possible to reliably estimate their frequency or establish a causal relationship to drug exposure.Respiratory disorders:exacerbation of asthma, dyspneaEye disorders:iritis/uveitisIn postmarketing use with prostaglandin analogs, periorbital and lid changes including deepening of the eyelid sulcus have been observed.\n- 8 USE IN SPECIFIC POPULATIONS8.1 PregnancyPregnancy Category C.Teratogenic effects: In embryo-fetal development studies in rats and rabbits, tafluprost administered intravenously was teratogenic. Tafluprost caused increases in post-implantation losses in rats and rabbits and reductions in fetal body weights in rats. Tafluprost also increased the incidence of vertebral skeletal abnormalities in rats and the incidence of skull, brain and spine malformations in rabbits. In rats, there were no adverse effects on embryo-fetal development at a dose of 3 mcg/kg/day corresponding to maternal plasma levels of tafluprost acid that were 343 times the maximum clinical exposure based on Cmax. In rabbits, effects were seen at a tafluprost dose of 0.03 mcg/kg/day corresponding to maternal plasma levels of tafluprost acid during organogenesis that were approximately 5 times higher than the clinical exposure based on Cmax. At the no-effect dose in rabbits (0.01 mcg/kg/day), maternal plasma levels of tafluprost acid were below the lower level of quantification (20 pg/mL).In a pre- and postnatal development study in rats, increased mortality of newborns, decreased body weights and delayed pinna unfolding were observed in offsprings. The no observed adverse effect level was at a tafluprost intravenous dose of 0.3 mcg/kg/day which is greater than 3 times the maximum recommended clinical dose based on body surface area comparison.There are no adequate and well-controlled studies in pregnant woman. Although animal reproduction studies are not always predictive of human response, tafluprost should not be used during pregnancy unless the potential benefit justifies the potential risk to the fetus.Women of childbearing age/potential should have adequate contraceptive measures in place.8.3 Nursing MothersA study in lactating rats demonstrated that radio-labeled tafluprost and/or its metabolites were excreted in milk. It is not known whether this drug or its metabolites are excreted in human milk. Because many drugs are excreted in human milk, caution should be exercised when tafluprost is administered to a nursing woman.8.4 Pediatric UseUse in pediatric patients is not recommended because of potential safety concerns related to increased pigmentation following long-term chronic use.8.5 Geriatric UseNo overall clinical differences in safety or effectiveness have been observed between elderly and other adult patients.\n- 11 DESCRIPTIONTafluprost is a fluorinated analog of prostaglandin F2α. The chemical name for tafluprost is 1-methylethyl (5Z)-7-{(1R, 2R, 3R, 5S)-2-[(1E)-3,3-difluoro-4-phenoxy-1-butenyl}-3,5-dihydroxycyclopentyl]-5-heptenoate. The molecular formula of tafluprost is C25H34F2O5and its molecular weight is 452.53.Its structural formula is:Tafluprost is a colorless to light yellow viscous liquid that is practically insoluble in water.Tafluprost ophthalmic solution 0.0015% is supplied as a sterile solution of tafluprost with a pH range of 5.5 to 6.7 and an Osmolality range of 260 to 300 mOsmol/kg.Tafluprost ophthalmic solution contains Active: tafluprost 0.015 mg/mL; Inactives: edetate disodium, glycerin, monobasic sodium phosphate dihydrate, polysorbate 80,  hydrochloric acid and sodium hydroxide (to adjust pH) and water for injection.Tafluprost ophthalmic solution does not contain a preservative.\n- 12 CLINICAL PHARMACOLOGY12.1 Mechanism of ActionTafluprost acid, a prostaglandin analog is a selective FP prostanoid receptor agonist which is believed to reduce intraocular pressure by increasing uveoscleral outflow. The exact mechanism of action is unknown at this time.12.3 PharmacokineticsAbsorptionFollowing instillation, tafluprost is absorbed through the cornea and is hydrolyzed to the biologically active acid metabolite, tafluprost acid. Following instillation of one drop of the 0.0015% solution once daily into each eye of healthy volunteers, the plasma concentrations of tafluprost acid peaked at a median time of 10 minutes on both Days 1 and 8. The mean plasma Cmaxof tafluprost acid were 26 pg/mL and 27 pg/mL on Day 1, and Day 8, respectively. The mean plasma AUC estimates of tafluprost acid were 394 pg*min/mL and 432 pg*min/mL on Day 1 and 8, respectively.MetabolismTafluprost, an ester prodrug, is hydrolyzed to its biologically active acid metabolite in the eye. The acid metabolite is further metabolized via fatty acid β-oxidation and phase II conjugation.EliminationMean plasma tafluprost acid concentrations were below the limit of quantification of the bioanalytical assay (10 pg/mL) at 30 minutes following topical ocular administration of tafluprost 0.0015% ophthalmic solution.\n- 13 NONCLINICAL TOXICOLOGY13.1 Carcinogenesis, Mutagenesis, Impairment of FertilityTafluprost was not  carcinogenic  when  administered  subcutaneously  daily  for  24  months  at  doses  up  to 30 mcg/kg/day in rats and for 18 months at doses up to 100 mcg/kg/day in mice (over 1600 and 1300 times, respectively, the maximum clinical exposure based on plasma AUC).Tafluprost was not mutagenic or clastogenic in a battery of genetic toxicology studies, including anin vitromicrobial mutagenesis assay, anin vitrochromosomal aberration assay in Chinese hamster lung cells, and anin vivomouse micronucleus assay in bone marrow.In rats, no adverse effects on mating performance or fertility were observed with intravenous dosing of tafluprost at a dose of 100 mcg/kg/day (over 14000 times the maximum clinical exposure based on plasma Cmaxor over 3600 times based on plasma AUC).\n- 14 CLINICAL STUDIESIn clinical studies up to 24 months in duration, patients with open-angle glaucoma or ocular hypertension and baseline pressure of 23 to 26 mm Hg who were treated with tafluprost dosed once daily in the evening demonstrated reductions in intraocular pressure at 3 and 6 months of 6 to 8 mmHg and 5 to 8 mmHg, respectively.\n- 16 HOW SUPPLIED/STORAGE AND HANDLINGTafluprost ophthalmic solution 0.0015% is supplied as 0.3 mL sterile solution in translucent low density polyethylene single-dose containers packaged in foil pouches (15 single-dose containers per pouch). Each single-dose container has 0.3 mL solution corresponding to 0.0045 mg tafluprost.Unit-of-Use Carton of 15\t          \t\tNDC 42571-264-26Unit-of-Use Carton of 30\t          \t\tNDC 42571-264-73Unit-of-Use Carton of 90\t          \t\tNDC 42571-264-74Storage:Store refrigerated at 2º to 8°C (36º to 46°F). During shipment tafluprost ophthalmic solution may be maintained at temperatures up to 40ºC (104ºF) for a period not exceeding 2 days. Mail-order prescriptions received after two days of the dispensing date noted on the prescribing label should not be used. Store in the original pouch. After the pouch is opened, the single-dose containers may be stored in the opened foil pouch for up to 30 days at room temperature 20º to 25°C (68º to 77°F). Protect from moisture. Write down the date you open the foil pouch in the space provided on the pouch. Discard any unused containers 30 days after first opening the pouch.\n- 17 PATIENT COUNSELING INFORMATIONSee FDA-Approved Patient Labeling (Patient Information).17.1 Nightly ApplicationAdvise patients to not exceed once daily dosing since more frequent administration may decrease the intraocular pressure lowering effect of tafluprost.17.2 Handling the Single-Dose ContainerAdvise patients that tafluprost ophthalmic solution is a sterile solution that does not contain a preservative. The solution from one individual unit is to be used immediately after opening for administration to one or both eyes. Since sterility cannot be maintained after the individual unit is opened, the remaining contents should be discarded immediately after administration.17.3 Potential for PigmentationAdvise patients about the potential for increased brown pigmentation of the iris, which may be permanent. Also inform patients about the possibility of eyelid skin darkening, which may be reversible after discontinuation of tafluprost ophthalmic solution.17.4 Potential for Eyelash ChangesInform patients of the possibility of eyelash and vellus hair changes in the treated eye during treatment with tafluprost ophthalmic solution. These changes may result in a disparity between eyes in length, thickness, pigmentation, number of eyelashes or vellus hairs, and/or direction of eyelash growth. Eyelash changes are usually reversible upon discontinuation of treatment.17.5 When to Seek Physician AdviceAdvise patients that if they develop a new ocular condition (e.g., trauma or infection), experience a sudden decrease in visual acuity, have ocular surgery, or develop any ocular reactions, particularly conjunctivitis and eyelid reactions, they should immediately seek their physician’s advice concerning the continued use of tafluprost ophthalmic solution.17.6 Use with Other Ophthalmic DrugsIf more than one topical ophthalmic drug is being used, the drugs should be administered at least five (5) minutes between applications.17.7 Storage Information\n- PATIENT INFORMATIONTafluprost (TA-floo-prost) Ophthalmic Solution, 0.0015%Read this Patient Information before you start using tafluprost ophthalmic solution and each time you get a refill. There may be new information. This information does not take the place of talking to your doctor about your medical condition or your treatment.What is tafluprost ophthalmic solution?Tafluprost ophthalmic solution is a prescription sterile eye drop solution. Tafluprost ophthalmic solution is used to lower the pressure in the eye (intraocular pressure) in people with open-angle glaucoma or ocular hypertension when their eye pressure is too high. Tafluprost ophthalmic solution belongs to a group of medicines called prostaglandin analogs.Tafluprost ophthalmic solution is not for use in children.What should I tell my doctor before using tafluprost ophthalmic solution?Before you use tafluprost ophthalmic solution, tell your doctor if you:have or have had eye problems including any surgery on your eye or eyesare using any other eye medicineshave any other medical problemsare pregnant or plan to become pregnant. It is not known if tafluprost ophthalmic solution will harm your unborn baby. You should use an effective method of birth control while you use tafluprost ophthalmic solution. If you become pregnant while using tafluprost ophthalmic solution talks to your doctor right away.are breastfeeding or plan to breastfeed. It is not known if tafluprost passes into your breast milk. Talk to your doctor about the best way to feed your baby if you use tafluprost ophthalmic solution.Tell your doctor about all the medicines you take,including prescription and non-prescription medicines, vitamins, and herbal supplements.Know the medicines you take. Keep a list of them to show your doctor and pharmacist when you get a new medicine.How should I take tafluprost ophthalmic solution?Read the Instructions for Use at the end of this Patient Information leaflet for additional instructions about the right way to use tafluprost ophthalmic solution.Use 1 drop of tafluprost ophthalmic solution in your eye (or eyes) each evening.Talk to your doctor or pharmacist if you are not sure how to use tafluprost ophthalmic solution.Your tafluprost ophthalmic solution may not work as well if you use it more than 1 time each evening.If you use other medicines in your eye, wait at least 5 minutes between using tafluprost ophthalmic solution and your other eye medicines.Use your tafluprost ophthalmic solution right away after opening. Each tafluprost ophthalmic solution single-dose container is sterile and is to be used 1 time then thrown away. Do not save any tafluprost ophthalmic solution that may be left over after you use your medicine. Using tafluprost ophthalmic solution that is not sterile may cause other eye problems.What are the possible side effects of tafluprost ophthalmic solution?Tafluprost ophthalmic solution may cause serious side effects including:changes in the color of your eye (iris).Your iris may become more brown in color while using tafluprost ophthalmic solution. This color change may not go away when you stop using tafluprost ophthalmic solution. If tafluprost ophthalmic solution is used in 1 eye only, the color of that eye may always be a different color from the color of your other eye.darkening of the color of the skin around your eye (eyelid).These skin changes usually go away when you stop using tafluprost ophthalmic solution.increasing the length, thickness, color, or number of your eyelashes.These eyelash changes usually go away when you stop using tafluprost ophthalmic solution.hair growth on your eyelids.This hair growth usually goes away when you stop using tafluprost ophthalmic solution.The most common side effects of tafluprost ophthalmic solution include:redness, stinging or itching of your eyecataract formationdry eyeeye painblurred visionheadachecommon coldcoughurinary tract infectionTell your doctor if you have any new eye problems while using tafluprost ophthalmic solution including:an eye injuryan eye infectiona sudden loss of visioneye surgeryswelling and redness of and around your eye (conjunctivitis)problems with your eyelidsAdditionally, the following side effects have been reported in general use:worsening of asthmashortness of breathTell your doctor if you have any other side effects that bother you.These are not all the possible side effects of tafluprost ophthalmic solution. For more information, ask your doctor or pharmacist.Call your doctor for medical advice about side effects.You may report side effects to FDA at 1-800-FDA-1088.How should I store tafluprost ophthalmic solution?Important Information for Mail-Order Patients:Do not use if prescription is not received within two days of dispensing date.Keep the foil pouches and tafluprost ophthalmic solution single-dose containers dry.Before opening the foil pouches:Store the unopened foil pouches in a refrigerator between 36°F to 46°F (2°C to 8°C).Do not open the pouch containing tafluprost ophthalmic solution until you are ready to use the eye drops.After opening the foil pouch:Store the opened foil pouch at room temperature, between 68°F to 77°F (20°C to 25°C), for up to 30 days.Throw away all unused tafluprost ophthalmic solution single-dose containers in the opened foil pouch after 30 days.Keep the tafluprost ophthalmic solution single-dose containers in their original foil pouch.After opening the foil pouch, refrigeration is not required.Keep tafluprost ophthalmic solution and all medicines out of the reach of children.General information about the safe and effective use of tafluprost ophthalmic solution.Do not use tafluprost ophthalmic solution for a condition for which it was not prescribed. Do not give tafluprost ophthalmic solution to other people, even if they have the same symptoms that you have. It may harm them.This Patient Information leaflet summarizes the most important information about tafluprost ophthalmic solution. If you would like more information, talk with your doctor. You can ask your pharmacist or doctor for information about tafluprost ophthalmic solution that is written for health professionals.What are the ingredients in tafluprost ophthalmic solution?Active ingredients:tafluprostInactive  ingredients:edetate disodium, glycerin, monobasic sodium phosphate dihydrate, polysorbate 80, hydrochloric acid and sodium hydroxide (to adjust pH) and water for injection.Instructions for UseRead these Instructions for Use before using your tafluprost ophthalmic solution and each time you get a refill. There may be new information. This leaflet does not take the place of talking with your doctor about your medical condition or your treatment.Important:Tafluprost ophthalmic solution is for the eye only. Do not swallow tafluprost ophthalmic solution.Tafluprost ophthalmic solutionsingle-dose containers are packaged in a foil pouch.Do notuse the tafluprost ophthalmic solution single-dose containers if the foil pouch is opened.Write down the date you open the foil pouch in the space provided on the pouch.Every time you usetafluprost ophthalmic solution:Step 1.Wash your hands.Step 2.Take the strip of single-dose containers from the foil pouch.Step 3.Pull off one single-dose container from the strip.Step 4.Put the remaining strip of single-dose containers back in the foil pouch and fold the edge to close the pouch.Step 5.Hold the single-dose container upright. Make sure that your tafluprost ophthalmic solution medicine is in the bottom part of the single-dose container.See Figure A.Figure AStep 6.Open the single-dose container by twisting off the tab.See Figure B.Figure BStep 7.Step 8.Tilt your head backwards. If you are unable to tilt your head, lie down.Place the tip of the single-dose container close to your eye. Be careful not to touch your eye with the tip of the single-dose container.See Figure C.Figure CStep 9.Step 10.Pull your lower eyelid downwards and look up.Gently squeeze the container and let 1 drop of tafluprost ophthalmic solution fall into the space between your lower eyelid and your eye. If a drop misses your eye, try again.See Figure D.Figure DIf your doctor has told you to use tafluprost ophthalmic solution drops in both eyes, repeat Steps 7 to 10 for your other eye.There is enough tafluprost ophthalmic solution in one single-dose container for both of your eyes.Throw away the opened single-dose container with any remainingtafluprost ophthalmic solution right away.This Patient Information and Instructions for Use have been approved by the U.S. Food and Drug Administration.Rx OnlyManufactured by:Micro Labs LimitedBangalore – 560099, INDIA.Manufactured for:Micro Labs USA, Inc.Somerset, NJ 08873Rev. 05/2022\n- have or have had eye problems including any surgery on your eye or eyes\n- are using any other eye medicines\n- have any other medical problems\n- are pregnant or plan to become pregnant. It is not known if tafluprost ophthalmic solution will harm your unborn baby. You should use an effective method of birth control while you use tafluprost ophthalmic solution. If you become pregnant while using tafluprost ophthalmic solution talks to your doctor right away.\n- are breastfeeding or plan to breastfeed. It is not known if tafluprost passes into your breast milk. Talk to your doctor about the best way to feed your baby if you use tafluprost ophthalmic solution.\n- Use 1 drop of tafluprost ophthalmic solution in your eye (or eyes) each evening.Talk to your doctor or pharmacist if you are not sure how to use tafluprost ophthalmic solution.Your tafluprost ophthalmic solution may not work as well if you use it more than 1 time each evening.If you use other medicines in your eye, wait at least 5 minutes between using tafluprost ophthalmic solution and your other eye medicines.Use your tafluprost ophthalmic solution right away after opening. Each tafluprost ophthalmic solution single-dose container is sterile and is to be used 1 time then thrown away. Do not save any tafluprost ophthalmic solution that may be left over after you use your medicine. Using tafluprost ophthalmic solution that is not sterile may cause other eye problems.\n- Your tafluprost ophthalmic solution may not work as well if you use it more than 1 time each evening.\n- If you use other medicines in your eye, wait at least 5 minutes between using tafluprost ophthalmic solution and your other eye medicines.\n- Use your tafluprost ophthalmic solution right away after opening. Each tafluprost ophthalmic solution single-dose container is sterile and is to be used 1 time then thrown away. Do not save any tafluprost ophthalmic solution that may be left over after you use your medicine. Using tafluprost ophthalmic solution that is not sterile may cause other eye problems.\n- changes in the color of your eye (iris).Your iris may become more brown in color while using tafluprost ophthalmic solution. This color change may not go away when you stop using tafluprost ophthalmic solution. If tafluprost ophthalmic solution is used in 1 eye only, the color of that eye may always be a different color from the color of your other eye.\n- darkening of the color of the skin around your eye (eyelid).These skin changes usually go away when you stop using tafluprost ophthalmic solution.\n- increasing the length, thickness, color, or number of your eyelashes.These eyelash changes usually go away when you stop using tafluprost ophthalmic solution.\n- hair growth on your eyelids.This hair growth usually goes away when you stop using tafluprost ophthalmic solution.\n- redness, stinging or itching of your eye\n- cataract formation\n- dry eye\n- eye pain\n- blurred vision\n- headache\n- common cold\n- cough\n- urinary tract infection\n- an eye injury\n- an eye infection\n- a sudden loss of vision\n- eye surgery\n- swelling and redness of and around your eye (conjunctivitis)\n- problems with your eyelids\n- worsening of asthma\n- shortness of breath\n- Store the unopened foil pouches in a refrigerator between 36°F to 46°F (2°C to 8°C).\n- Do not open the pouch containing tafluprost ophthalmic solution until you are ready to use the eye drops.\n- Store the opened foil pouch at room temperature, between 68°F to 77°F (20°C to 25°C), for up to 30 days.\n- Throw away all unused tafluprost ophthalmic solution single-dose containers in the opened foil pouch after 30 days.\n- Keep the tafluprost ophthalmic solution single-dose containers in their original foil pouch.\n- After opening the foil pouch, refrigeration is not required.\n- Tafluprost ophthalmic solution is for the eye only. Do not swallow tafluprost ophthalmic solution.\n- Tafluprost ophthalmic solutionsingle-dose containers are packaged in a foil pouch.\n- Do notuse the tafluprost ophthalmic solution single-dose containers if the foil pouch is opened.\n- Write down the date you open the foil pouch in the space provided on the pouch.\n- If your doctor has told you to use tafluprost ophthalmic solution drops in both eyes, repeat Steps 7 to 10 for your other eye.\n- There is enough tafluprost ophthalmic solution in one single-dose container for both of your eyes.\n- Throw away the opened single-dose container with any remainingtafluprost ophthalmic solution right away.\n- PACKAGE LABEL.PRINCIPAL DISPLAY PANELTafluprost Ophthalmic Solution0.0015%0.3 mL Container labelFor use in the eyeRx OnlyRx OnlyNDC 42571-264-93Tafluprost Ophthalmic Solution0.0015%For Topical Application in the Eye15 Single-dose Containers (0.3 mL each)Single-dose Containers Perservative-Free, SterileNDC 42571-264-26Rx OnlyTafluprost Ophthalmic Solution0.0015%For Topical Application in the EyeREFRIGERATE (2° to 8°C or 36° to 46°F)Single-dose Containers Perservative-Free, Sterile15 Single-dose Containers (0.3 mL each)\n- INGREDIENTS AND APPEARANCETAFLUPROSTtafluprost opthalmic solution/ dropsProduct InformationProduct TypeHUMAN PRESCRIPTION DRUGItem Code (Source)NDC:42571-264Route of AdministrationOPHTHALMICActive Ingredient/Active MoietyIngredient NameBasis of StrengthStrengthTAFLUPROST(UNII: 1O6WQ6T7G3)  (TAFLUPROST - UNII:1O6WQ6T7G3)TAFLUPROST0.0045 mg  in 0.3 mLInactive IngredientsIngredient NameStrengthEDETATE DISODIUM(UNII: 7FLD91C86K)GLYCERIN(UNII: PDC6A3C0OX)HYDROCHLORIC ACID(UNII: QTT17582CB)POLYSORBATE 80(UNII: 6OZP39ZG8H)SODIUM PHOSPHATE, MONOBASIC, DIHYDRATE(UNII: 5QWK665956)SODIUM HYDROXIDE(UNII: 55X04QC32I)WATER(UNII: 059QF0KO0R)Product CharacteristicsColoryellow (colorless to light yellow viscous liquid)ScoreShapeSizeFlavorImprint CodeContainsPackaging#Item CodePackage DescriptionMarketing Start DateMarketing End Date1NDC:42571-264-746  in 1 CARTON11/18/2022115  in 1 POUCH10.3 mL in 1 VIAL; Type 0: Not a Combination Product2NDC:42571-264-732  in 1 CARTON11/18/2022215  in 1 POUCH20.3 mL in 1 VIAL; Type 0: Not a Combination Product3NDC:42571-264-261  in 1 CARTON11/18/2022315  in 1 POUCH30.3 mL in 1 VIAL; Type 0: Not a Combination ProductMarketing InformationMarketing CategoryApplication Number or Monograph CitationMarketing Start DateMarketing End DateANDAANDA20905111/18/2022Labeler -Micro Labs Limited\n\t\t\t\t\t\t\t(862174955)EstablishmentNameAddressID/FEIBusiness OperationsMicro Labs Limited677600482analysis(42571-264) , label(42571-264) , manufacture(42571-264) , pack(42571-264)\n\nSee 17 for PATIENT COUNSELING INFORMATION and FDA-approved patient labeling.\n\nRevised: 5/2022\n\nTafluprost ophthalmic solution, 0.0015% is indicated for reducing elevated intraocular pressure in patients with open-angle glaucoma or ocular hypertension.\n\nThe recommended dose is one drop of tafluprost ophthalmic solution in the conjunctival sac of the affected eye(s) once daily in the evening.The dose should not exceed once daily since it has been shown that more frequent administration of prostaglandin analogs may lessen the intraocular pressure lowering effect.Reduction of the intraocular pressure starts approximately 2 to 4 hours after the first administration with the maximum effect reached after 12 hours.Tafluprost ophthalmic solution may be used concomitantly with other topical ophthalmic drug products to lower intraocular pressure. If more than one topical ophthalmic product is being used, each one should be administered at least 5 minutes apart.The solution from one individual unit is to be used immediately after opening for administration to one or both eyes. Since sterility cannot be maintained after the individual unit is opened, the remaining contents should be discarded immediately after administration.\n\nOphthalmic solution containing tafluprost 0.015 mg/mL.\n\nNone.\n\nTafluprost ophthalmic solution has been reported to cause changes to pigmented tissues. The most frequently reported changes have been increased pigmentation of the iris, periorbital tissue (eyelid) and eyelashes. Pigmentation is expected to increase as long as tafluprost is administered. The pigmentation change is due to increased melanin content in the melanocytes rather than to an increase in the number of melanocytes. After discontinuation of tafluprost, pigmentation of the iris is likely to be permanent, while pigmentation of the periorbital tissue and eyelash changes have been reported to be reversible in some patients. Patients who receive treatment should be informed of the possibility of increased pigmentation. The long term effects of increased pigmentation are not known.\n\nIris color change may not be noticeable for several months to years. Typically, the brown pigmentation around the pupil spreads concentrically towards the periphery of the iris and the entire iris or parts of the iris become more brownish. Neither nevi nor freckles of the iris appear to be affected by treatment. While treatment with tafluprost ophthalmic solution can be continued in patients who develop noticeably increased iris pigmentation, these patients should be examined regularly.[See Patient Counseling Information (17.3)].\n\nTafluprost may gradually change eyelashes and vellus hair in the treated eye. These changes include increased length, color, thickness, shape and number of lashes. Eyelash changes are usually reversible upon discontinuation of treatment.\n\nTafluprost should be used with caution in patients with active intraocular inflammation (e.g., iritis/uveitis) because the inflammation may be exacerbated.\n\nMacular edema, including cystoid macular edema, has been reported during treatment with prostaglandin F2α analogs. Tafluprost should be used with caution in aphakic patients, in pseudophakic patients with a torn posterior lens capsule, or in patients with known risk factors for macular edema.\n\nBecause clinical studies are conducted under widely varying conditions, adverse reaction rates observed in the clinical studies of a drug cannot be directly compared to rates in the clinical studies of another drug and may not reflect the rates observed in practice.\n\nPreservative-containing or preservative-free tafluprost 0.0015% was evaluated in 905 patients in five controlled clinical studies of up to 24 months duration. The most common adverse reaction observed in patients treated with tafluprost was conjunctival hyperemia which was reported in a range of 4% to 20% of patients. Approximately 1% of patients discontinued therapy due to ocular adverse reactions.\n\nOcular adverse reactions reported at an incidence of ≥ 2% in these clinical studies included ocular stinging/irritation (7%), ocular pruritus including allergic conjunctivitis (5%), cataract (3%), dry eye (3%), ocular pain (3%), eyelash darkening (2%), growth of eyelashes (2%) and vision blurred (2%).\n\nNonocular adverse reactions reported at an incidence of 2% to 6% in these clinical studies in patients treated with tafluprost 0.0015% were headache (6%), common cold (4%), cough (3%) and urinary tract infection (2%).\n\nThe following adverse reactions have been identified during postapproval use of tafluprost. Because postapproval adverse reactions are reported voluntarily from a population of uncertain size, it is not always possible to reliably estimate their frequency or establish a causal relationship to drug exposure.\n\nRespiratory disorders:exacerbation of asthma, dyspnea\n\nEye disorders:iritis/uveitis\n\nIn postmarketing use with prostaglandin analogs, periorbital and lid changes including deepening of the eyelid sulcus have been observed.\n\nPregnancy Category C.\n\nTeratogenic effects: In embryo-fetal development studies in rats and rabbits, tafluprost administered intravenously was teratogenic. Tafluprost caused increases in post-implantation losses in rats and rabbits and reductions in fetal body weights in rats. Tafluprost also increased the incidence of vertebral skeletal abnormalities in rats and the incidence of skull, brain and spine malformations in rabbits. In rats, there were no adverse effects on embryo-fetal development at a dose of 3 mcg/kg/day corresponding to maternal plasma levels of tafluprost acid that were 343 times the maximum clinical exposure based on Cmax. In rabbits, effects were seen at a tafluprost dose of 0.03 mcg/kg/day corresponding to maternal plasma levels of tafluprost acid during organogenesis that were approximately 5 times higher than the clinical exposure based on Cmax. At the no-effect dose in rabbits (0.01 mcg/kg/day), maternal plasma levels of tafluprost acid were below the lower level of quantification (20 pg/mL).\n\nIn a pre- and postnatal development study in rats, increased mortality of newborns, decreased body weights and delayed pinna unfolding were observed in offsprings. The no observed adverse effect level was at a tafluprost intravenous dose of 0.3 mcg/kg/day which is greater than 3 times the maximum recommended clinical dose based on body surface area comparison.\n\nThere are no adequate and well-controlled studies in pregnant woman. Although animal reproduction studies are not always predictive of human response, tafluprost should not be used during pregnancy unless the potential benefit justifies the potential risk to the fetus.\n\nWomen of childbearing age/potential should have adequate contraceptive measures in place.\n\nA study in lactating rats demonstrated that radio-labeled tafluprost and/or its metabolites were excreted in milk. It is not known whether this drug or its metabolites are excreted in human milk. Because many drugs are excreted in human milk, caution should be exercised when tafluprost is administered to a nursing woman.\n\nUse in pediatric patients is not recommended because of potential safety concerns related to increased pigmentation following long-term chronic use.\n\nNo overall clinical differences in safety or effectiveness have been observed between elderly and other adult patients.\n\nTafluprost is a fluorinated analog of prostaglandin F2α. The chemical name for tafluprost is 1-methylethyl (5Z)-7-{(1R, 2R, 3R, 5S)-2-[(1E)-3,3-difluoro-4-phenoxy-1-butenyl}-3,5-dihydroxycyclopentyl]-5-heptenoate. The molecular formula of tafluprost is C25H34F2O5and its molecular weight is 452.53.\n\nIts structural formula is:\n\nTafluprost is a colorless to light yellow viscous liquid that is practically insoluble in water.\n\nTafluprost ophthalmic solution 0.0015% is supplied as a sterile solution of tafluprost with a pH range of 5.5 to 6.7 and an Osmolality range of 260 to 300 mOsmol/kg.\n\nTafluprost ophthalmic solution contains Active: tafluprost 0.015 mg/mL; Inactives: edetate disodium, glycerin, monobasic sodium phosphate dihydrate, polysorbate 80,  hydrochloric acid and sodium hydroxide (to adjust pH) and water for injection.\n\nTafluprost ophthalmic solution does not contain a preservative.\n\nTafluprost acid, a prostaglandin analog is a selective FP prostanoid receptor agonist which is believed to reduce intraocular pressure by increasing uveoscleral outflow. The exact mechanism of action is unknown at this time.\n\nAbsorption\n\nFollowing instillation, tafluprost is absorbed through the cornea and is hydrolyzed to the biologically active acid metabolite, tafluprost acid. Following instillation of one drop of the 0.0015% solution once daily into each eye of healthy volunteers, the plasma concentrations of tafluprost acid peaked at a median time of 10 minutes on both Days 1 and 8. The mean plasma Cmaxof tafluprost acid were 26 pg/mL and 27 pg/mL on Day 1, and Day 8, respectively. The mean plasma AUC estimates of tafluprost acid were 394 pg*min/mL and 432 pg*min/mL on Day 1 and 8, respectively.\n\nMetabolism\n\nTafluprost, an ester prodrug, is hydrolyzed to its biologically active acid metabolite in the eye. The acid metabolite is further metabolized via fatty acid β-oxidation and phase II conjugation.\n\nElimination\n\nMean plasma tafluprost acid concentrations were below the limit of quantification of the bioanalytical assay (10 pg/mL) at 30 minutes following topical ocular administration of tafluprost 0.0015% ophthalmic solution.\n\nTafluprost was not  carcinogenic  when  administered  subcutaneously  daily  for  24  months  at  doses  up  to 30 mcg/kg/day in rats and for 18 months at doses up to 100 mcg/kg/day in mice (over 1600 and 1300 times, respectively, the maximum clinical exposure based on plasma AUC).\n\nTafluprost was not mutagenic or clastogenic in a battery of genetic toxicology studies, including anin vitromicrobial mutagenesis assay, anin vitrochromosomal aberration assay in Chinese hamster lung cells, and anin vivomouse micronucleus assay in bone marrow.\n\nIn rats, no adverse effects on mating performance or fertility were observed with intravenous dosing of tafluprost at a dose of 100 mcg/kg/day (over 14000 times the maximum clinical exposure based on plasma Cmaxor over 3600 times based on plasma AUC).\n\nIn clinical studies up to 24 months in duration, patients with open-angle glaucoma or ocular hypertension and baseline pressure of 23 to 26 mm Hg who were treated with tafluprost dosed once daily in the evening demonstrated reductions in intraocular pressure at 3 and 6 months of 6 to 8 mmHg and 5 to 8 mmHg, respectively.\n\nTafluprost ophthalmic solution 0.0015% is supplied as 0.3 mL sterile solution in translucent low density polyethylene single-dose containers packaged in foil pouches (15 single-dose containers per pouch). Each single-dose container has 0.3 mL solution corresponding to 0.0045 mg tafluprost.\n\nUnit-of-Use Carton of 15\t          \t\tNDC 42571-264-26Unit-of-Use Carton of 30\t          \t\tNDC 42571-264-73Unit-of-Use Carton of 90\t          \t\tNDC 42571-264-74\n\nStorage:\n\nStore refrigerated at 2º to 8°C (36º to 46°F). During shipment tafluprost ophthalmic solution may be maintained at temperatures up to 40ºC (104ºF) for a period not exceeding 2 days. Mail-order prescriptions received after two days of the dispensing date noted on the prescribing label should not be used. Store in the original pouch. After the pouch is opened, the single-dose containers may be stored in the opened foil pouch for up to 30 days at room temperature 20º to 25°C (68º to 77°F). Protect from moisture. Write down the date you open the foil pouch in the space provided on the pouch. Discard any unused containers 30 days after first opening the pouch.\n\nSee FDA-Approved Patient Labeling (Patient Information).\n\nAdvise patients to not exceed once daily dosing since more frequent administration may decrease the intraocular pressure lowering effect of tafluprost.\n\nAdvise patients that tafluprost ophthalmic solution is a sterile solution that does not contain a preservative. The solution from one individual unit is to be used immediately after opening for administration to one or both eyes. Since sterility cannot be maintained after the individual unit is opened, the remaining contents should be discarded immediately after administration.\n\nAdvise patients about the potential for increased brown pigmentation of the iris, which may be permanent. Also inform patients about the possibility of eyelid skin darkening, which may be reversible after discontinuation of tafluprost ophthalmic solution.\n\nInform patients of the possibility of eyelash and vellus hair changes in the treated eye during treatment with tafluprost ophthalmic solution. These changes may result in a disparity between eyes in length, thickness, pigmentation, number of eyelashes or vellus hairs, and/or direction of eyelash growth. Eyelash changes are usually reversible upon discontinuation of treatment.\n\nAdvise patients that if they develop a new ocular condition (e.g., trauma or infection), experience a sudden decrease in visual acuity, have ocular surgery, or develop any ocular reactions, particularly conjunctivitis and eyelid reactions, they should immediately seek their physician’s advice concerning the continued use of tafluprost ophthalmic solution.\n\nIf more than one topical ophthalmic drug is being used, the drugs should be administered at least five (5) minutes between applications.\n\nTafluprost (TA-floo-prost) Ophthalmic Solution, 0.0015%\n\nRead this Patient Information before you start using tafluprost ophthalmic solution and each time you get a refill. There may be new information. This information does not take the place of talking to your doctor about your medical condition or your treatment.\n\nWhat is tafluprost ophthalmic solution?\n\nTafluprost ophthalmic solution is a prescription sterile eye drop solution. Tafluprost ophthalmic solution is used to lower the pressure in the eye (intraocular pressure) in people with open-angle glaucoma or ocular hypertension when their eye pressure is too high. Tafluprost ophthalmic solution belongs to a group of medicines called prostaglandin analogs.\n\nTafluprost ophthalmic solution is not for use in children.\n\nWhat should I tell my doctor before using tafluprost ophthalmic solution?\n\nBefore you use tafluprost ophthalmic solution, tell your doctor if you:\n\n- have or have had eye problems including any surgery on your eye or eyes\n- are using any other eye medicines\n- have any other medical problems\n- are pregnant or plan to become pregnant. It is not known if tafluprost ophthalmic solution will harm your unborn baby. You should use an effective method of birth control while you use tafluprost ophthalmic solution. If you become pregnant while using tafluprost ophthalmic solution talks to your doctor right away.\n- are breastfeeding or plan to breastfeed. It is not known if tafluprost passes into your breast milk. Talk to your doctor about the best way to feed your baby if you use tafluprost ophthalmic solution.\n\nTell your doctor about all the medicines you take,including prescription and non-prescription medicines, vitamins, and herbal supplements.\n\nKnow the medicines you take. Keep a list of them to show your doctor and pharmacist when you get a new medicine.\n\nHow should I take tafluprost ophthalmic solution?\n\nRead the Instructions for Use at the end of this Patient Information leaflet for additional instructions about the right way to use tafluprost ophthalmic solution.\n\n- Use 1 drop of tafluprost ophthalmic solution in your eye (or eyes) each evening.Talk to your doctor or pharmacist if you are not sure how to use tafluprost ophthalmic solution.Your tafluprost ophthalmic solution may not work as well if you use it more than 1 time each evening.If you use other medicines in your eye, wait at least 5 minutes between using tafluprost ophthalmic solution and your other eye medicines.Use your tafluprost ophthalmic solution right away after opening. Each tafluprost ophthalmic solution single-dose container is sterile and is to be used 1 time then thrown away. Do not save any tafluprost ophthalmic solution that may be left over after you use your medicine. Using tafluprost ophthalmic solution that is not sterile may cause other eye problems.\n- Your tafluprost ophthalmic solution may not work as well if you use it more than 1 time each evening.\n- If you use other medicines in your eye, wait at least 5 minutes between using tafluprost ophthalmic solution and your other eye medicines.\n- Use your tafluprost ophthalmic solution right away after opening. Each tafluprost ophthalmic solution single-dose container is sterile and is to be used 1 time then thrown away. Do not save any tafluprost ophthalmic solution that may be left over after you use your medicine. Using tafluprost ophthalmic solution that is not sterile may cause other eye problems.\n\n- Your tafluprost ophthalmic solution may not work as well if you use it more than 1 time each evening.\n- If you use other medicines in your eye, wait at least 5 minutes between using tafluprost ophthalmic solution and your other eye medicines.\n- Use your tafluprost ophthalmic solution right away after opening. Each tafluprost ophthalmic solution single-dose container is sterile and is to be used 1 time then thrown away. Do not save any tafluprost ophthalmic solution that may be left over after you use your medicine. Using tafluprost ophthalmic solution that is not sterile may cause other eye problems.\n\nWhat are the possible side effects of tafluprost ophthalmic solution?\n\nTafluprost ophthalmic solution may cause serious side effects including:\n\n- changes in the color of your eye (iris).Your iris may become more brown in color while using tafluprost ophthalmic solution. This color change may not go away when you stop using tafluprost ophthalmic solution. If tafluprost ophthalmic solution is used in 1 eye only, the color of that eye may always be a different color from the color of your other eye.\n- darkening of the color of the skin around your eye (eyelid).These skin changes usually go away when you stop using tafluprost ophthalmic solution.\n- increasing the length, thickness, color, or number of your eyelashes.These eyelash changes usually go away when you stop using tafluprost ophthalmic solution.\n- hair growth on your eyelids.This hair growth usually goes away when you stop using tafluprost ophthalmic solution.\n\nThe most common side effects of tafluprost ophthalmic solution include:\n\n- redness, stinging or itching of your eye\n- cataract formation\n- dry eye\n- eye pain\n- blurred vision\n- headache\n- common cold\n- cough\n- urinary tract infection\n\nTell your doctor if you have any new eye problems while using tafluprost ophthalmic solution including:\n\n- an eye injury\n- an eye infection\n- a sudden loss of vision\n- eye surgery\n- swelling and redness of and around your eye (conjunctivitis)\n- problems with your eyelids\n\nAdditionally, the following side effects have been reported in general use:\n\n- worsening of asthma\n- shortness of breath\n\nTell your doctor if you have any other side effects that bother you.\n\nThese are not all the possible side effects of tafluprost ophthalmic solution. For more information, ask your doctor or pharmacist.\n\nCall your doctor for medical advice about side effects.\n\nYou may report side effects to FDA at 1-800-FDA-1088.\n\nHow should I store tafluprost ophthalmic solution?\n\nImportant Information for Mail-Order Patients:\n\nDo not use if prescription is not received within two days of dispensing date.\n\nKeep the foil pouches and tafluprost ophthalmic solution single-dose containers dry.\n\nBefore opening the foil pouches:\n\n- Store the unopened foil pouches in a refrigerator between 36°F to 46°F (2°C to 8°C).\n- Do not open the pouch containing tafluprost ophthalmic solution until you are ready to use the eye drops.\n\nAfter opening the foil pouch:\n\n- Store the opened foil pouch at room temperature, between 68°F to 77°F (20°C to 25°C), for up to 30 days.\n- Throw away all unused tafluprost ophthalmic solution single-dose containers in the opened foil pouch after 30 days.\n- Keep the tafluprost ophthalmic solution single-dose containers in their original foil pouch.\n- After opening the foil pouch, refrigeration is not required.\n\nKeep tafluprost ophthalmic solution and all medicines out of the reach of children.\n\nGeneral information about the safe and effective use of tafluprost ophthalmic solution.\n\nDo not use tafluprost ophthalmic solution for a condition for which it was not prescribed. Do not give tafluprost ophthalmic solution to other people, even if they have the same symptoms that you have. It may harm them.\n\nThis Patient Information leaflet summarizes the most important information about tafluprost ophthalmic solution. If you would like more information, talk with your doctor. You can ask your pharmacist or doctor for information about tafluprost ophthalmic solution that is written for health professionals.\n\nWhat are the ingredients in tafluprost ophthalmic solution?\n\nActive ingredients:tafluprost\n\nInactive  ingredients:edetate disodium, glycerin, monobasic sodium phosphate dihydrate, polysorbate 80, hydrochloric acid and sodium hydroxide (to adjust pH) and water for injection.\n\nInstructions for Use\n\nRead these Instructions for Use before using your tafluprost ophthalmic solution and each time you get a refill. There may be new information. This leaflet does not take the place of talking with your doctor about your medical condition or your treatment.\n\nImportant:\n\n- Tafluprost ophthalmic solution is for the eye only. Do not swallow tafluprost ophthalmic solution.\n- Tafluprost ophthalmic solutionsingle-dose containers are packaged in a foil pouch.\n- Do notuse the tafluprost ophthalmic solution single-dose containers if the foil pouch is opened.\n- Write down the date you open the foil pouch in the space provided on the pouch.\n\nEvery time you usetafluprost ophthalmic solution:\n\nStep 1. | Wash your hands. | \nStep 2. | Take the strip of single-dose containers from the foil pouch. | \nStep 3. | Pull off one single-dose container from the strip. | \nStep 4. | Put the remaining strip of single-dose containers back in the foil pouch and fold the edge to close the pouch. | \nStep 5. | Hold the single-dose container upright. Make sure that your tafluprost ophthalmic solution medicine is in the bottom part of the single-dose container.See Figure A. | Figure A\nStep 6. | Open the single-dose container by twisting off the tab.See Figure B. | Figure B\nStep 7.Step 8. | Tilt your head backwards. If you are unable to tilt your head, lie down.Place the tip of the single-dose container close to your eye. Be careful not to touch your eye with the tip of the single-dose container.See Figure C. | Figure C\nStep 9.Step 10. | Pull your lower eyelid downwards and look up.Gently squeeze the container and let 1 drop of tafluprost ophthalmic solution fall into the space between your lower eyelid and your eye. If a drop misses your eye, try again.See Figure D. | Figure D\n\n- If your doctor has told you to use tafluprost ophthalmic solution drops in both eyes, repeat Steps 7 to 10 for your other eye.\n- There is enough tafluprost ophthalmic solution in one single-dose container for both of your eyes.\n- Throw away the opened single-dose container with any remainingtafluprost ophthalmic solution right away.\n\nThis Patient Information and Instructions for Use have been approved by the U.S. Food and Drug Administration.\n\nRx OnlyManufactured by:Micro Labs LimitedBangalore – 560099, INDIA.Manufactured for:Micro Labs USA, Inc.Somerset, NJ 08873Rev. 05/2022\n\nTafluprost Ophthalmic Solution0.0015%\n\n0.3 mL Container labelFor use in the eyeRx Only\n\nRx Only\n\nNDC 42571-264-93\n\nTafluprost Ophthalmic Solution0.0015%For Topical Application in the Eye\n\n15 Single-dose Containers (0.3 mL each)Single-dose Containers Perservative-Free, Sterile\n\nNDC 42571-264-26\n\nRx OnlyTafluprost Ophthalmic Solution0.0015%For Topical Application in the EyeREFRIGERATE (2° to 8°C or 36° to 46°F)Single-dose Containers Perservative-Free, Sterile15 Single-dose Containers (0.3 mL each)\n\nTAFLUPROSTtafluprost opthalmic solution/ drops\nProduct InformationProduct TypeHUMAN PRESCRIPTION DRUGItem Code (Source)NDC:42571-264Route of AdministrationOPHTHALMIC | Product Information | Product Type | HUMAN PRESCRIPTION DRUG | Item Code (Source) | NDC:42571-264 | Route of Administration | OPHTHALMIC\nProduct Information\nProduct Type | HUMAN PRESCRIPTION DRUG | Item Code (Source) | NDC:42571-264\nRoute of Administration | OPHTHALMIC\nActive Ingredient/Active MoietyIngredient NameBasis of StrengthStrengthTAFLUPROST(UNII: 1O6WQ6T7G3)  (TAFLUPROST - UNII:1O6WQ6T7G3)TAFLUPROST0.0045 mg  in 0.3 mL | Active Ingredient/Active Moiety | Ingredient Name | Basis of Strength | Strength | TAFLUPROST(UNII: 1O6WQ6T7G3)  (TAFLUPROST - UNII:1O6WQ6T7G3) | TAFLUPROST | 0.0045 mg  in 0.3 mL\nActive Ingredient/Active Moiety\nIngredient Name | Basis of Strength | Strength\nTAFLUPROST(UNII: 1O6WQ6T7G3)  (TAFLUPROST - UNII:1O6WQ6T7G3) | TAFLUPROST | 0.0045 mg  in 0.3 mL\nInactive IngredientsIngredient NameStrengthEDETATE DISODIUM(UNII: 7FLD91C86K)GLYCERIN(UNII: PDC6A3C0OX)HYDROCHLORIC ACID(UNII: QTT17582CB)POLYSORBATE 80(UNII: 6OZP39ZG8H)SODIUM PHOSPHATE, MONOBASIC, DIHYDRATE(UNII: 5QWK665956)SODIUM HYDROXIDE(UNII: 55X04QC32I)WATER(UNII: 059QF0KO0R) | Inactive Ingredients | Ingredient Name | Strength | EDETATE DISODIUM(UNII: 7FLD91C86K) |  | GLYCERIN(UNII: PDC6A3C0OX) |  | HYDROCHLORIC ACID(UNII: QTT17582CB) |  | POLYSORBATE 80(UNII: 6OZP39ZG8H) |  | SODIUM PHOSPHATE, MONOBASIC, DIHYDRATE(UNII: 5QWK665956) |  | SODIUM HYDROXIDE(UNII: 55X04QC32I) |  | WATER(UNII: 059QF0KO0R) | \nInactive Ingredients\nIngredient Name | Strength\nEDETATE DISODIUM(UNII: 7FLD91C86K) | \nGLYCERIN(UNII: PDC6A3C0OX) | \nHYDROCHLORIC ACID(UNII: QTT17582CB) | \nPOLYSORBATE 80(UNII: 6OZP39ZG8H) | \nSODIUM PHOSPHATE, MONOBASIC, DIHYDRATE(UNII: 5QWK665956) | \nSODIUM HYDROXIDE(UNII: 55X04QC32I) | \nWATER(UNII: 059QF0KO0R) | \nProduct CharacteristicsColoryellow (colorless to light yellow viscous liquid)ScoreShapeSizeFlavorImprint CodeContains | Product Characteristics | Color | yellow (colorless to light yellow viscous liquid) | Score |  | Shape |  | Size |  | Flavor |  | Imprint Code |  | Contains | \nProduct Characteristics\nColor | yellow (colorless to light yellow viscous liquid) | Score | \nShape |  | Size | \nFlavor |  | Imprint Code | \nContains | \nPackaging#Item CodePackage DescriptionMarketing Start DateMarketing End Date1NDC:42571-264-746  in 1 CARTON11/18/2022115  in 1 POUCH10.3 mL in 1 VIAL; Type 0: Not a Combination Product2NDC:42571-264-732  in 1 CARTON11/18/2022215  in 1 POUCH20.3 mL in 1 VIAL; Type 0: Not a Combination Product3NDC:42571-264-261  in 1 CARTON11/18/2022315  in 1 POUCH30.3 mL in 1 VIAL; Type 0: Not a Combination Product | Packaging | # | Item Code | Package Description | Marketing Start Date | Marketing End Date | 1 | NDC:42571-264-74 | 6  in 1 CARTON | 11/18/2022 |  | 1 |  | 15  in 1 POUCH |  |  | 1 |  | 0.3 mL in 1 VIAL; Type 0: Not a Combination Product |  |  | 2 | NDC:42571-264-73 | 2  in 1 CARTON | 11/18/2022 |  | 2 |  | 15  in 1 POUCH |  |  | 2 |  | 0.3 mL in 1 VIAL; Type 0: Not a Combination Product |  |  | 3 | NDC:42571-264-26 | 1  in 1 CARTON | 11/18/2022 |  | 3 |  | 15  in 1 POUCH |  |  | 3 |  | 0.3 mL in 1 VIAL; Type 0: Not a Combination Product |  | \nPackaging\n# | Item Code | Package Description | Marketing Start Date | Marketing End Date\n1 | NDC:42571-264-74 | 6  in 1 CARTON | 11/18/2022 | \n1 |  | 15  in 1 POUCH |  | \n1 |  | 0.3 mL in 1 VIAL; Type 0: Not a Combination Product |  | \n2 | NDC:42571-264-73 | 2  in 1 CARTON | 11/18/2022 | \n2 |  | 15  in 1 POUCH |  | \n2 |  | 0.3 mL in 1 VIAL; Type 0: Not a Combination Product |  | \n3 | NDC:42571-264-26 | 1  in 1 CARTON | 11/18/2022 | \n3 |  | 15  in 1 POUCH |  | \n3 |  | 0.3 mL in 1 VIAL; Type 0: Not a Combination Product |  | \n\nMarketing InformationMarketing CategoryApplication Number or Monograph CitationMarketing Start DateMarketing End DateANDAANDA20905111/18/2022 | Marketing Information | Marketing Category | Application Number or Monograph Citation | Marketing Start Date | Marketing End Date | ANDA | ANDA209051 | 11/18/2022 | \nMarketing Information\nMarketing Category | Application Number or Monograph Citation | Marketing Start Date | Marketing End Date\nANDA | ANDA209051 | 11/18/2022 | \n\nProduct Information\nProduct Type | HUMAN PRESCRIPTION DRUG | Item Code (Source) | NDC:42571-264\nRoute of Administration | OPHTHALMIC\n\nActive Ingredient/Active Moiety\nIngredient Name | Basis of Strength | Strength\nTAFLUPROST(UNII: 1O6WQ6T7G3)  (TAFLUPROST - UNII:1O6WQ6T7G3) | TAFLUPROST | 0.0045 mg  in 0.3 mL\n\nInactive Ingredients\nIngredient Name | Strength\nEDETATE DISODIUM(UNII: 7FLD91C86K) | \nGLYCERIN(UNII: PDC6A3C0OX) | \nHYDROCHLORIC ACID(UNII: QTT17582CB) | \nPOLYSORBATE 80(UNII: 6OZP39ZG8H) | \nSODIUM PHOSPHATE, MONOBASIC, DIHYDRATE(UNII: 5QWK665956) | \nSODIUM HYDROXIDE(UNII: 55X04QC32I) | \nWATER(UNII: 059QF0KO0R) | \n\nProduct Characteristics\nColor | yellow (colorless to light yellow viscous liquid) | Score | \nShape |  | Size | \nFlavor |  | Imprint Code | \nContains | \n\nPackaging\n# | Item Code | Package Description | Marketing Start Date | Marketing End Date\n1 | NDC:42571-264-74 | 6  in 1 CARTON | 11/18/2022 | \n1 |  | 15  in 1 POUCH |  | \n1 |  | 0.3 mL in 1 VIAL; Type 0: Not a Combination Product |  | \n2 | NDC:42571-264-73 | 2  in 1 CARTON | 11/18/2022 | \n2 |  | 15  in 1 POUCH |  | \n2 |  | 0.3 mL in 1 VIAL; Type 0: Not a Combination Product |  | \n3 | NDC:42571-264-26 | 1  in 1 CARTON | 11/18/2022 | \n3 |  | 15  in 1 POUCH |  | \n3 |  | 0.3 mL in 1 VIAL; Type 0: Not a Combination Product |  | \n\nMarketing Information\nMarketing Category | Application Number or Monograph Citation | Marketing Start Date | Marketing End Date\nANDA | ANDA209051 | 11/18/2022 | \n\nLabeler -Micro Labs Limited\n\t\t\t\t\t\t\t(862174955)\n\nEstablishment\nName | Address | ID/FEI | Business Operations\nMicro Labs Limited |  | 677600482 | analysis(42571-264) , label(42571-264) , manufacture(42571-264) , pack(42571-264)\n\n5.1 Pigmentation:\nTafluprost ophthalmic solution has been reported to cause changes to pigmented tissues. The most frequently reported changes have been increased pigmentation of the iris, periorbital tissue (eyelid) and eyelashes. Pigmentation is expected to increase as long as tafluprost is administered. The pigmentation change is due to increased melanin content in the melanocytes rather than to an increase in the number of melanocytes. After discontinuation of tafluprost, pigmentation of the iris is likely to be permanent, while pigmentation of the periorbital tissue and eyelash changes have been reported to be reversible in some patients. Patients who receive treatment should be informed of the possibility of increased pigmentation. The long term effects of increased pigmentation are not known.\n\nIris color change may not be noticeable for several months to years. Typically, the brown pigmentation around the pupil spreads concentrically towards the periphery of the iris and the entire iris or parts of the iris become more brownish. Neither nevi nor freckles of the iris appear to be affected by treatment. While treatment with tafluprost ophthalmic solution can be continued in patients who develop noticeably increased iris pigmentation, these patients should be examined regularly.[See Patient Counseling Information (17.3)].\n\n5.2 Eyelash Changes:\nTafluprost may gradually change eyelashes and vellus hair in the treated eye. These changes include increased length, color, thickness, shape and number of lashes. Eyelash changes are usually reversible upon discontinuation of treatment.\n\n5.3 Intraocular Inflammation:\nTafluprost should be used with caution in patients with active intraocular inflammation (e.g., iritis/uveitis) because the inflammation may be exacerbated.\n\n5.4 Macular Edema:\nMacular edema, including cystoid macular edema, has been reported during treatment with prostaglandin F2α analogs. Tafluprost should be used with caution in aphakic patients, in pseudophakic patients with a torn posterior lens capsule, or in patients with known risk factors for macular edema.\n\n6.1 Clinical Studies Experience:\nBecause clinical studies are conducted under widely varying conditions, adverse reaction rates observed in the clinical studies of a drug cannot be directly compared to rates in the clinical studies of another drug and may not reflect the rates observed in practice.\n\nPreservative-containing or preservative-free tafluprost 0.0015% was evaluated in 905 patients in five controlled clinical studies of up to 24 months duration. The most common adverse reaction observed in patients treated with tafluprost was conjunctival hyperemia which was reported in a range of 4% to 20% of patients. Approximately 1% of patients discontinued therapy due to ocular adverse reactions.\n\nOcular adverse reactions reported at an incidence of ≥ 2% in these clinical studies included ocular stinging/irritation (7%), ocular pruritus including allergic conjunctivitis (5%), cataract (3%), dry eye (3%), ocular pain (3%), eyelash darkening (2%), growth of eyelashes (2%) and vision blurred (2%).\n\nNonocular adverse reactions reported at an incidence of 2% to 6% in these clinical studies in patients treated with tafluprost 0.0015% were headache (6%), common cold (4%), cough (3%) and urinary tract infection (2%).\n\n6.2 Postmarketing Experience:\nThe following adverse reactions have been identified during postapproval use of tafluprost. Because postapproval adverse reactions are reported voluntarily from a population of uncertain size, it is not always possible to reliably estimate their frequency or establish a causal relationship to drug exposure.\n\nRespiratory disorders:exacerbation of asthma, dyspnea\n\nEye disorders:iritis/uveitis\n\nIn postmarketing use with prostaglandin analogs, periorbital and lid changes including deepening of the eyelid sulcus have been observed.\n\n8.1 Pregnancy:\nPregnancy Category C.\n\nTeratogenic effects: In embryo-fetal development studies in rats and rabbits, tafluprost administered intravenously was teratogenic. Tafluprost caused increases in post-implantation losses in rats and rabbits and reductions in fetal body weights in rats. Tafluprost also increased the incidence of vertebral skeletal abnormalities in rats and the incidence of skull, brain and spine malformations in rabbits. In rats, there were no adverse effects on embryo-fetal development at a dose of 3 mcg/kg/day corresponding to maternal plasma levels of tafluprost acid that were 343 times the maximum clinical exposure based on Cmax. In rabbits, effects were seen at a tafluprost dose of 0.03 mcg/kg/day corresponding to maternal plasma levels of tafluprost acid during organogenesis that were approximately 5 times higher than the clinical exposure based on Cmax. At the no-effect dose in rabbits (0.01 mcg/kg/day), maternal plasma levels of tafluprost acid were below the lower level of quantification (20 pg/mL).\n\nIn a pre- and postnatal development study in rats, increased mortality of newborns, decreased body weights and delayed pinna unfolding were observed in offsprings. The no observed adverse effect level was at a tafluprost intravenous dose of 0.3 mcg/kg/day which is greater than 3 times the maximum recommended clinical dose based on body surface area comparison.\n\nThere are no adequate and well-controlled studies in pregnant woman. Although animal reproduction studies are not always predictive of human response, tafluprost should not be used during pregnancy unless the potential benefit justifies the potential risk to the fetus.\n\nWomen of childbearing age/potential should have adequate contraceptive measures in place.\n\n8.3 Nursing Mothers:\nA study in lactating rats demonstrated that radio-labeled tafluprost and/or its metabolites were excreted in milk. It is not known whether this drug or its metabolites are excreted in human milk. Because many drugs are excreted in human milk, caution should be exercised when tafluprost is administered to a nursing woman.\n\n8.4 Pediatric Use:\nUse in pediatric patients is not recommended because of potential safety concerns related to increased pigmentation following long-term chronic use.\n\n8.5 Geriatric Use:\nNo overall clinical differences in safety or effectiveness have been observed between elderly and other adult patients.\n\n12.1 Mechanism of Action:\nTafluprost acid, a prostaglandin analog is a selective FP prostanoid receptor agonist which is believed to reduce intraocular pressure by increasing uveoscleral outflow. The exact mechanism of action is unknown at this time.\n\n12.3 Pharmacokinetics:\nAbsorption\n\nFollowing instillation, tafluprost is absorbed through the cornea and is hydrolyzed to the biologically active acid metabolite, tafluprost acid. Following instillation of one drop of the 0.0015% solution once daily into each eye of healthy volunteers, the plasma concentrations of tafluprost acid peaked at a median time of 10 minutes on both Days 1 and 8. The mean plasma Cmaxof tafluprost acid were 26 pg/mL and 27 pg/mL on Day 1, and Day 8, respectively. The mean plasma AUC estimates of tafluprost acid were 394 pg*min/mL and 432 pg*min/mL on Day 1 and 8, respectively.\n\nMetabolism\n\nTafluprost, an ester prodrug, is hydrolyzed to its biologically active acid metabolite in the eye. The acid metabolite is further metabolized via fatty acid β-oxidation and phase II conjugation.\n\nElimination\n\nMean plasma tafluprost acid concentrations were below the limit of quantification of the bioanalytical assay (10 pg/mL) at 30 minutes following topical ocular administration of tafluprost 0.0015% ophthalmic solution.\n\n13.1 Carcinogenesis, Mutagenesis, Impairment of Fertility:\nTafluprost was not  carcinogenic  when  administered  subcutaneously  daily  for  24  months  at  doses  up  to 30 mcg/kg/day in rats and for 18 months at doses up to 100 mcg/kg/day in mice (over 1600 and 1300 times, respectively, the maximum clinical exposure based on plasma AUC).\n\nTafluprost was not mutagenic or clastogenic in a battery of genetic toxicology studies, including anin vitromicrobial mutagenesis assay, anin vitrochromosomal aberration assay in Chinese hamster lung cells, and anin vivomouse micronucleus assay in bone marrow.\n\nIn rats, no adverse effects on mating performance or fertility were observed with intravenous dosing of tafluprost at a dose of 100 mcg/kg/day (over 14000 times the maximum clinical exposure based on plasma Cmaxor over 3600 times based on plasma AUC).\n\n17.1 Nightly Application:\nAdvise patients to not exceed once daily dosing since more frequent administration may decrease the intraocular pressure lowering effect of tafluprost.\n\n17.2 Handling the Single-Dose Container:\nAdvise patients that tafluprost ophthalmic solution is a sterile solution that does not contain a preservative. The solution from one individual unit is to be used immediately after opening for administration to one or both eyes. Since sterility cannot be maintained after the individual unit is opened, the remaining contents should be discarded immediately after administration.\n\n17.3 Potential for Pigmentation:\nAdvise patients about the potential for increased brown pigmentation of the iris, which may be permanent. Also inform patients about the possibility of eyelid skin darkening, which may be reversible after discontinuation of tafluprost ophthalmic solution.\n\n17.4 Potential for Eyelash Changes:\nInform patients of the possibility of eyelash and vellus hair changes in the treated eye during treatment with tafluprost ophthalmic solution. These changes may result in a disparity between eyes in length, thickness, pigmentation, number of eyelashes or vellus hairs, and/or direction of eyelash growth. Eyelash changes are usually reversible upon discontinuation of treatment.\n\n17.5 When to Seek Physician Advice:\nAdvise patients that if they develop a new ocular condition (e.g., trauma or infection), experience a sudden decrease in visual acuity, have ocular surgery, or develop any ocular reactions, particularly conjunctivitis and eyelid reactions, they should immediately seek their physician’s advice concerning the continued use of tafluprost ophthalmic solution.\n\n17.6 Use with Other Ophthalmic Drugs:\nIf more than one topical ophthalmic drug is being used, the drugs should be administered at least five (5) minutes between applications.\n\nSafety:\nReport Adverse\n                        Events,FDA Safety Recalls,Presence in Breast Milk\n\nRelated Resources:\nMedline Plus,Clinical Trials,PubMed,Biochemical Data Summary\n\nMore Info on this Drug:\nView Labeling Archives,RxNorm,Get Label RSS Feed,View NDC Code(s)NEW!\n\nTo receive this label RSS feed:\nCopy the URL below and paste it into your RSS Reader application.https://dailymed.nlm.nih.gov/dailymed/labelrss.cfm?setid=fcaab8b3-3791-49ba-909e-a09651a30b33To receive all DailyMed Updates for the last seven daysCopy the URL below and paste it into your RSS Reader application.https://dailymed.nlm.nih.gov/dailymed/rss.cfmWhat will I get with the DailyMed RSS feed?DailyMed will deliver notification of updates and additions to Drug Label information currently shown on this site through its RSS feed.DailyMed will deliver this notification to your desktop, Web browser, or e-mail depending on the RSS Reader you select to use. To view updated drug label links, paste the RSS feed address (URL) shown below into a RSS reader, or use a browser which supports RSS feeds, such as Safari for Mac OS X.How to discontinue the RSS feedIf you no longer wish to have this DailyMed RSS service, simply delete the copied URL from your RSS Reader.More about getting RSS News & Updates from DailyMed\n\nhttps://dailymed.nlm.nih.gov/dailymed/labelrss.cfm?setid=fcaab8b3-3791-49ba-909e-a09651a30b33\n\nCopy the URL below and paste it into your RSS Reader application.\n\nhttps://dailymed.nlm.nih.gov/dailymed/rss.cfm\n\nDailyMed will deliver notification of updates and additions to Drug Label information currently shown on this site through its RSS feed.\n\nDailyMed will deliver this notification to your desktop, Web browser, or e-mail depending on the RSS Reader you select to use. To view updated drug label links, paste the RSS feed address (URL) shown below into a RSS reader, or use a browser which supports RSS feeds, such as Safari for Mac OS X.\n\nIf you no longer wish to have this DailyMed RSS service, simply delete the copied URL from your RSS Reader.\n\nTo receive all DailyMed Updates for the last seven days:\nCopy the URL below and paste it into your RSS Reader application.\n\nhttps://dailymed.nlm.nih.gov/dailymed/rss.cfm\n\nWhat will I get with the DailyMed RSS feed?:\nDailyMed will deliver notification of updates and additions to Drug Label information currently shown on this site through its RSS feed.\n\nDailyMed will deliver this notification to your desktop, Web browser, or e-mail depending on the RSS Reader you select to use. To view updated drug label links, paste the RSS feed address (URL) shown below into a RSS reader, or use a browser which supports RSS feeds, such as Safari for Mac OS X.\n\nHow to discontinue the RSS feed:\nIf you no longer wish to have this DailyMed RSS service, simply delete the copied URL from your RSS Reader.\n\nWhy is DailyMed no longer displaying pill images on the Search Results and Drug Info pages?:\nDue to inconsistencies between the drug labels on DailyMed and the pill images provided byRxImage, we no longer display the RxImage pill images associated with drug labels.\n\nWe anticipate reposting the images once we are able identify and filter out images that do not match the information provided in the drug labels."
  }
}