{
  "name": "Timolol Maleate Ophthalmic Solution, USP",
  "url": "https://www.microlabsusa.com/products/timolol-maleate-ophthalmic-solution-usp/",
  "scraped_at": "2024-12-04T11:28:03.066849",
  "prescribing_info": {
    "indications_and_usage": "",
    "dosage_and_administration": "",
    "dosage_forms_and_strengths": "",
    "contraindications": "",
    "warnings_and_precautions": "",
    "adverse_reactions": "",
    "drug_interactions": "Although timolol maleate ophthalmic solution used alone has little or no effect on pupil size, mydriasis resulting from concomitant therapy with timolol maleate ophthalmic solution and epinephrine has been reported occasionally.Beta-adrenergic blocking agents:Patients who are receiving a beta-adrenergic blocking agent orally and timolol maleate ophthalmic solution should be observed for potential additive effects of beta-blockade, both systemic and on intraocular pressure. The concomitant use of two topical beta-adrenergic blocking agents is not recommended.Calcium antagonists:Caution should be used in the co-administration of beta-adrenergic blocking agents, such as timolol maleate ophthalmic solution, and oral or intravenous calcium antagonists because of possible atrioventricular conduction disturbances, left ventricular failure, and hypotension. In patients with impaired cardiac function, co-administration should be avoided.Catecholamine-depleting drugs:Close observation of the patient is recommended when a beta-blocker is administered to patients receiving catecholamine-depleting drugs such as reserpine, because of possible additive effects and the production of hypotension and/or marked bradycardia, which may result in vertigo, syncope, or postural hypotension. Digitalis and calcium antagonists:The concomitant use of beta-adrenergic blocking agents with digitalis and calcium antagonists may have additive effects in prolonging atrioventricular conduction time.CYP2D6 inhibitors:Potentiated systemic beta-blockade (e.g., decreased heart rate, depression) has been reported during combined treatment with CYP2D6 inhibitors (e.g., quinidine, SSRIs) and timolol.Clonidine:Oral beta-adrenergic blocking agents may exacerbate the rebound hypertension which can follow the withdrawal of clonidine. There have been no reports of exacerbation of rebound hypertension with ophthalmic timolol maleate.Injectable epinephrine:[seePRECAUTIONS, General, Anaphylaxis].",
    "use_in_specific_populations": "",
    "description": "",
    "clinical_pharmacology": "",
    "how_supplied": "",
    "other_information": "View Package Photos:\n- \n- \n- \n\n- \n- \n\nSafety:\n- Report Adverse Events\n- FDA Safety Recalls\n- Presence in Breast Milk\n\nRelated Resources:\n- Medline Plus\n- Clinical Trials\n- PubMedAll\n                                            CitationsAdverse EffectsTherapeutic UsePharmacologyClinical Trials\n- All\n                                            Citations\n- Adverse Effects\n- Therapeutic Use\n- Pharmacology\n- Clinical Trials\n- Biochemical Data Summary\n\n- All\n                                            Citations\n- Adverse Effects\n- Therapeutic Use\n- Pharmacology\n- Clinical Trials\n\nMore Info For This Drug:\n- View Labeling Archives\n- RxNorm\n- Get Label RSS Feed\n- View NDC Code(s)NEW!\n\nDrug Label Information:\nUpdated\n                    October 3, 2024\n\nIf you are a consumer or patient please visitthis version.\n\n- Download DRUG LABEL INFO:PDFXML\n- Official Label (Printer Friendly)\n\n- DESCRIPTIONTimolol maleate ophthalmic solution, USP is a non-selective beta-adrenergic receptor blocking agent. Its chemical name is (-)-1-(tert-butylamino)-3-[(4-morpholino-1,2,5-thiadiazol-3-yl)oxy]-2-propanol maleate (1:1) (salt). Timolol maleate possesses an asymmetric carbon atom in its structure and is provided as the levo-isomer. The optical rotation of timolol maleate is:Its molecular formula is C13H24N4O3S•C4H4O4and its structural formula is:Timolol maleate has a molecular weight of 432.50. It is a white, odorless, crystalline powder which is soluble in water; sparingly soluble in ethanol; slightly soluble in chloroform; practically insoluble in ether. Timolol maleate ophthalmic solution is stable at room temperature.Timolol Maleate Ophthalmic Solution, USP is supplied as a sterile, isotonic, buffered, aqueous solution of timolol maleate in two dosage strengths. Each mL of timolol maleate ophthalmic solution USP, 0.25% contains 2.5 mg of timolol (3.4 mg of timolol maleate). The pH of the solution is between 6.5 and 7.5, and the osmolality is 260 to 340 mOsm/kg. Each mL of timolol maleate ophthalmic solution USP, 0.5% contains 5 mg of timolol (6.8 mg of timolol maleate). Inactive ingredients: monobasic and dibasic sodium phosphate, sodium hydroxide to adjust pH, and water for injection. Benzalkonium chloride 0.01% is added as preservative.\n- CLINICAL PHARMACOLOGYMechanism of ActionTimolol maleate is a beta1 and beta2 (non-selective) adrenergic receptor blocking agent that does not have significant intrinsic sympathomimetic, direct myocardial depressant, or local anesthetic (membrane-stabilizing) activity.Beta-adrenergic receptor blockade reduces cardiac output in both healthy subjects and patients with heart disease. In patients with severe impairment of myocardial function, beta-adrenergic receptor blockade may inhibit the stimulatory effect of the sympathetic nervous system necessary to maintain adequate cardiac function.Beta-adrenergic receptor blockade in the bronchi and bronchioles results in increased airway resistance from unopposed parasympathetic activity. Such an effect in patients with asthma or other bronchospastic conditions is potentially dangerous.Timolol maleate ophthalmic solution, when applied topically on the eye, has the action of reducing elevated as well as normal intraocular pressure, whether or not accompanied by glaucoma. Elevated intraocular pressure is a major risk factor in the pathogenesis of glaucomatous visual field loss. The higher the level of intraocular pressure, the greater the likelihood of glaucomatous visual field loss and optic nerve damage.The onset of reduction in intraocular pressure following administration of timolol maleate ophthalmic solution can usually be detected within one-half hour after a single dose. The maximum effect usually occurs in one to two hours and significant lowering of intraocular pressure can be maintained for periods as long as 24 hours with a single dose. Repeated observations over a period of one year indicate that the intraocular pressure-lowering effect of timolol maleate ophthalmic solution is well maintained.The precise mechanism of the ocular hypotensive action of timolol maleate ophthalmic solution is not clearly established at this time. Tonography and fluorophotometry studies in man suggest that its predominant action may be related to reduced aqueous formation. However, in some studies a slight increase in outflow facility was also observed.PharmacokineticsIn a study of plasma drug concentration in six subjects, the systemic exposure to timolol was determined following twice daily administration of timolol maleate ophthalmic solution 0.5%. The mean peak plasma concentration following morning dosing was 0.46 ng/mL and following afternoon dosing was 0.35 ng/mL.Clinical StudiesIn controlled multiclinic studies in patients with untreated intraocular pressures of 22 mmHg or greater, timolol maleate ophthalmic solution 0.25% or 0.5% administered twice a day produced a greater reduction in intraocular pressure than 1, 2, 3, or 4% pilocarpine solution administered four times a day or 0.5, 1, or 2% epinephrine hydrochloride solution administered twice a day.In these studies, timolol maleate ophthalmic solution was generally well tolerated and produced fewer and less severe side effects than either pilocarpine or epinephrine. A slight reduction of resting heart rate in some patients receiving timolol maleate ophthalmic solution (mean reduction 2.9 beats/minute standard deviation 10.2) was observed.\n- INDICATIONS AND USAGETimolol maleate ophthalmic solution is indicated in the treatment of elevated intraocular pressure in patients with ocular hypertension or open-angle glaucoma.\n- CONTRAINDICATIONSTimolol maleate ophthalmic solution is contraindicated in patients with (1) bronchial asthma; (2) a history of bronchial asthma; (3) severe chronic obstructive pulmonary disease [seeWARNINGS]; (4) sinus bradycardia; (5) second or third degree atrioventricular block; (6) overt cardiac failure [seeWARNINGS]; (7) cardiogenic shock; or (8) hypersensitivity to any component of this product.\n- WARNINGSAs with many topically applied ophthalmic drugs, this drug is absorbed systemically.The same adverse reactions found with systemic administration of beta-adrenergic blocking agents may occur with topical administration. For example, severe respiratory reactions and cardiac reactions, including death due to bronchospasm in patients with asthma, and rarely death in association with cardiac failure, have been reported following systemic or ophthalmic administration of timolol maleate [seeCONTRAINDICATIONS].Cardiac FailureSympathetic stimulation may be essential for support of the circulation in individuals with diminished myocardial contractility, and its inhibition of beta-adrenergic receptor blockade may precipitate more severe failure.In Patients Without a History of Cardiac Failurecontinued depression of the myocardium with beta-blocking agents over a period of time can, in some cases, lead to cardiac failure. At the first sign or symptom of cardiac failure, timolol maleate ophthalmic solution should be discontinued.Obstructive Pulmonary DiseasePatients with chronic obstructive pulmonary disease (e.g., chronic bronchitis, emphysema) of mild or moderate severity, bronchospastic disease, or a history of bronchospastic disease (other than bronchial asthma or a history of bronchial asthma, in which timolol maleate ophthalmic solution is contraindicated [seeCONTRAINDICATIONS]) should, in general, not receive beta-blockers, including timolol maleate ophthalmic solution.Major SurgeryThe necessity or desirability of withdrawal of beta-adrenergic blocking agents prior to major surgery is controversial. Beta-adrenergic receptor blockade impairs the ability of the heart to respond to beta-adrenergically mediated reflex stimuli. This may augment the risk of general anesthesia in surgical procedures. Some patients receiving beta-adrenergic receptor blocking agents have experienced protracted severe hypotension during anesthesia. Difficulty in restarting and maintaining the heartbeat has also been reported. For these reasons, in patients undergoing elective surgery, some authorities recommend gradual withdrawal of beta-adrenergic receptor blocking agents.If necessary during surgery, the effects of beta-adrenergic blocking agents may be reversed by sufficient doses of adrenergic agonists.Diabetes MellitusBeta-adrenergic blocking agents should be administered with caution in patients subject to spontaneous hypoglycemia or to diabetic patients (especially those with labile diabetes) who are receiving insulin or oral hypoglycemic agents. Beta-adrenergic receptor blocking agents may mask the signs and symptoms of acute hypoglycemia.ThyrotoxicosisBeta-adrenergic blocking agents may mask certain clinical signs (e.g., tachycardia) of hyperthyroidism. Patients suspected of developing thyrotoxicosis should be managed carefully to avoid abrupt withdrawal of beta-adrenergic blocking agents that might precipitate a thyroid storm.\n- PRECAUTIONSGeneralBecause of potential effects of beta-adrenergic blocking agents on blood pressure and pulse, these agents should be used with caution in patients with cerebrovascular insufficiency. If signs or symptoms suggesting reduced cerebral blood flow develop following initiation of therapy with timolol maleate ophthalmic solution, alternative therapy should be considered.There have been reports of bacterial keratitis associated with the use of multiple-dose containers of topical ophthalmic products. These containers had been inadvertently contaminated by patients who, in most cases, had a concurrent corneal disease or a disruption of the ocular epithelial surface [seePRECAUTIONS, Information for Patients].Choroidal detachment after filtration procedures has been reported with the administration of aqueous suppressant therapy (e.g., timolol).Angle-closure glaucoma:In patients with angle-closure glaucoma, the immediate objective of treatment is to reopen the angle. This requires constricting the pupil. Timolol maleate has little or no effect on the pupil. Timolol maleate ophthalmic solution should not be used alone in the treatment of angle-closure glaucoma.Anaphylaxis:While taking beta-blockers, patients with a history of atopy or a history of severe anaphylactic reactions to a variety of allergens may be more reactive to repeated accidental, diagnostic, or therapeutic challenge with such allergens. Such patients may be unresponsive to the usual doses of epinephrine used to treat anaphylactic reactions.Muscle Weakness:Beta-adrenergic blockade has been reported to potentiate muscle weakness consistent with certain myasthenic symptoms (e.g., diplopia, ptosis, and generalized weakness). Timolol has been reported rarely to increase muscle weakness in some patients with myasthenia gravis or myasthenic symptoms.Information for PatientsPatients should be instructed to avoid allowing the tip of the dispensing container to contact the eye or surrounding structures.Patients should also be instructed that ocular solutions, if handled improperly or if the tip of the dispensing container contacts the eye or surrounding structures, can become contaminated by common bacteria known to cause ocular infections. Serious damage to the eye and subsequent loss of vision may result from using contaminated solutions [seePRECAUTIONS, General].Patients should also be advised that if they have ocular surgery or develop an intercurrent ocular condition (e.g., trauma or infection), they should immediately seek their physician's advice concerning the continued use of the present multidose container.Patients with bronchial asthma, a history of bronchial asthma, severe chronic obstructive pulmonary disease, sinus bradycardia, second or third degree atrioventricular block, or cardiac failure should be advised not to take this product [seeCONTRAINDICATIONS].Patients should be advised that timolol maleate ophthalmic solution contains benzalkonium chloride which may be absorbed by soft contact lenses. Contact lenses should be removed prior to administration of the solution. Lenses may be reinserted 15 minutes following timolol maleate ophthalmic solution administration.Drug InteractionsCarcinogenesis, Mutagenesis, Impairment of FertilityIn a two-year study of timolol maleate administered orally to rats, there was a statistically significant increase in the incidence of adrenal pheochromocytomas in male rats administered 300 mg/kg/day (approximately 42,000 times the systemic exposure following the maximum recommended human ophthalmic dose). Similar differences were not observed in rats administered oral doses equivalent to approximately 14,000 times the maximum recommended human ophthalmic dose.In a lifetime oral study in mice, there were statistically significant increases in the incidence of benign and malignant pulmonary tumors, benign uterine polyps and mammary adenocarcinomas in female mice at 500 mg/kg/day, (approximately 71,000 times the systemic exposure following the maximum recommended human ophthalmic dose), but not at 5 or 50 mg/kg/day (approximately 700 or 7,000, respectively, times the systemic exposure following the maximum recommended human ophthalmic dose). In a subsequent study in female mice, in which postmortem examinations were limited to the uterus and the lungs, a statistically significant increase in the incidence of pulmonary tumors was again observed at 500 mg/kg/day.The increased occurrence of mammary adenocarcinomas was associated with elevations in serum prolactin which occurred in female mice administered oral timolol at 500 mg/kg/day, but not at doses of 5 or 50 mg/kg/day. An increased incidence of mammary adenocarcinomas in rodents has been associated with administration of several other therapeutic agents that elevate serum prolactin, but no correlation between serum prolactin levels and mammary tumors has been established in humans. Furthermore, in adult human female subjects who received oral dosages of up to 60 mg of timolol maleate (the maximum recommended human oral dosage), there were no clinically meaningful changes in serum prolactin.Timolol maleate was devoid of mutagenic potential when testedin vivo(mouse) in the micronucleus test and cytogenetic assay (doses up to 800 mg/kg) andin vitroin a neoplastic cell transformation assay (up to 100 mcg/mL). In Ames tests the highest concentrations of timolol employed, 5,000 or 10,000 mcg/plate, were associated with statistically significant elevations of revertants observed with tester strain TA100 (in seven replicate assays), but not in the remaining three strains. In the assays with tester strain TA100, no consistent dose response relationship was observed, and the ratio of test to control revertants did not reach 2. A ratio of 2 is usually considered the criterion for a positive Ames test.Reproduction and fertility studies in rats demonstrated no adverse effect on male or female fertility at doses up to 21,000 times the systemic exposure following the maximum recommended human ophthalmic dose.PregnancyTeratogenic Effects-Teratogenicity studies with timolol in mice, rats, and rabbits at oral doses up to 50 mg/kg/day (7,000 times the systemic exposure following the maximum recommended human ophthalmic dose) demonstrated no evidence of fetal malformations. Although delayed fetal ossification was observed at this dose in rats, there were no adverse effects on postnatal development of offspring. Doses of 1,000 mg/kg/day (142,000 times the systemic exposure following the maximum recommended human ophthalmic dose) were maternotoxic in mice and resulted in an increased number of fetal resorptions. Increased fetal resorptions were also seen in rabbits at doses of 14,000 times the systemic exposure following the maximum recommended human ophthalmic dose, in this case without apparent maternotoxicity.There are no adequate and well-controlled studies in pregnant women. Timolol maleateophthalmic solution should be used during pregnancy only if the potential benefit justifies the potential risk to the fetus.Nursing MothersTimolol maleate has been detected in human milk following oral and ophthalmic drug administration. Because of the potential for serious adverse reactions from timolol maleateophthalmic solution in nursing infants, a decision should be made whether to discontinue nursing or to discontinue the drug, taking into account the importance of the drug to the mother.Pediatric UseSafety and effectiveness of timolol maleate ophthalmic solution have been established when administered in pediatric patients aged 2 years and older. Use of timolol maleate ophthalmic solution in these children is supported by evidence from adequate and well controlled studies in children and adults. Safety and efficacy in pediatric patients below the age of 2 years have not been established.Geriatric UseNo overall differences in safety or effectiveness have been observed between elderly and younger patients.\n- ADVERSE REACTIONSThe most frequently reported adverse experiences have been burning and stinging upon instillation (approximately one in eight patients).The following additional adverse experiences have been reported less frequently with ocular administration of this or other timolol maleate formulations:Body as a WholeHeadache, asthenia/fatigue, and chest pain.CardiovascularBradycardia, arrhythmia, hypotension, hypertension, syncope, heart block, cerebral vascular accident, cerebral ischemia, cardiac failure, worsening of angina pectoris, palpitation, cardiac arrest, pulmonary edema, edema, claudication, Raynaud's phenomenon, and cold hands and feet.DigestiveNausea, diarrhea, dyspepsia, anorexia, and dry mouth.ImmunologicSystemic lupus erythematosus.Nervous System/PsychiatricDizziness, increase in signs and symptoms of myasthenia gravis, paresthesia, somnolence, insomnia, nightmares, behavioral changes and psychic disturbances including depression, confusion, hallucinations, anxiety, disorientation, nervousness, and memory loss.SkinAlopecia and psoriasiform rash or exacerbation of psoriasis.HypersensitivitySigns and symptoms of systemic allergic reactions, including anaphylaxis, angioedema, urticaria, and localized and generalized rash.RespiratoryBronchospasm (predominantly in patients with preexisting bronchospastic disease), respiratory failure, dyspnea, nasal congestion, cough and upper respiratory infections.EndocrineMasked symptoms of hypoglycemia in diabetic patients [seeWARNINGS].Special SensesSigns and symptoms of ocular irritation including conjunctivitis, blepharitis, keratitis, ocular pain, discharge (e.g., crusting), foreign body sensation, itching and tearing, and dry eyes; ptosis; decreased corneal sensitivity; cystoid macular edema; visual disturbances including refractive changes and diplopia; pseudopemphigoid; choroidal detachment following filtration surgery [seePRECAUTIONS, General]; and tinnitus.UrogenitalRetroperitoneal fibrosis, decreased libido, impotence, and Peyronie's disease.The following additional adverse effects have been reported in clinical experience with ORAL timolol maleate or other ORAL beta-blocking agents and may be considered potential effects of ophthalmic timolol maleate:Allergic: Erythematous rash, fever combined with aching and sore throat, laryngospasm with respiratory distress;Body as a Whole: Extremity pain, decreased exercise tolerance, weight loss;Cardiovascular: Worsening of arterial insufficiency, vasodilatation;Digestive: Gastrointestinal pain, hepatomegaly, vomiting, mesenteric arterial thrombosis, ischemic colitis;Hematologic: Nonthrombocytopenic purpura, thrombocytopenic purpura, agranulocytosis;Endocrine: Hyperglycemia, hypoglycemia;Skin: Pruritus, skin irritation, increased pigmentation, sweating;Musculoskeletal: Arthralgia;Nervous System/Psychiatric: Vertigo, local weakness, diminished concentration, reversible mental depression progressing to catatonia, an acute reversible syndrome characterized by disorientation for time and place, emotional lability, slightly clouded sensorium, and decreased performance on neuropsychometrics;Respiratory: Rales, bronchial obstruction; Urogenital: Urination difficulties.To report SUSPECTED ADVERSE REACTIONS, contact Micro Labs USA, Inc. at 1-855-839-8195 or FDA at 1-800-FDA-1088 or www.fda.gov/medwatch.\n- OVERDOSAGEThere have been reports of inadvertent overdosage with timolol maleate ophthalmic solution resulting in systemic effects similar to those seen with systemic beta-adrenergic blocking agents such as dizziness, headache, shortness of breath, bradycardia, bronchospasm, and cardiac arrest [seeADVERSE REACTIONS].Overdosage has been reported with timolol maleate tablets. A 30-year-old female ingested 650 mg of timolol maleate tablets (maximum recommended oral daily dose is 60 mg) and experienced second and third degree heart block. She recovered without treatment but approximately two months later developed irregular heartbeat, hypertension, dizziness, tinnitus, faintness, increased pulse rate, and borderline first degree heart block.Anin vitrohemodialysis study, using14C timolol added to human plasma or whole blood, showed that timolol was readily dialyzed from these fluids; however, a study of patients with renal failure showed that timolol did not dialyze readily.\n- DOSAGE AND ADMINISTRATIONTimolol maleate ophthalmic solution is available in concentrations of 0.25 and 0.5%. The usual starting dose is one drop of timolol maleate ophthalmic solution 0.25% in the affected eye(s) twice a day. If the clinical response is not adequate, the dosage may be changed to one drop of 0.5% solution in the affected eye(s) twice a day.Since in some patients the pressure-lowering response to timolol maleateophthalmic solution may require a few weeks to stabilize, evaluation should include a determination of intraocular pressure after approximately 4 weeks of treatment with timolol maleateophthalmic solution.If the intraocular pressure is maintained at satisfactory levels, the dosage schedule may be changed to one drop once a day in the affected eye(s). Because of diurnal variations in intraocular pressure, satisfactory response to the once-a-day dose is best determined by measuring the intraocular pressure at different times during the day.Dosages above one drop of timolol maleateophthalmic solution 0.5% twice a day generally have not been shown to produce further reduction in intraocular pressure. If the patient's intraocular pressure is still not at a satisfactory level on this regimen, concomitant therapy with other agent(s) for lowering intraocular pressure can be instituted. The concomitant use of two topical beta-adrenergic blocking agents is not recommended [seePRECAUTIONS, Drug Interactions, Beta-adrenergic blocking agents].\n- HOW SUPPLIEDTimolol maleate ophthalmic solution, USP is a clear, colorless to light yellow solution, practically free from particles.Timolol maleate ophthalmic solution USP, 0.25% timolol equivalent, is supplied in a white low density polyethylene (LDPE) bottle with a controlled drop tip and a yellow high density polyethylene (HDPE) cap as follows:5 mL in a 5 mL capacity bottle: NDC 42571-403-2110 mL in a 10 mL capacity bottle: NDC 42571-403-88Timolol maleate ophthalmic solution USP, 0.5% timolol equivalent, is supplied in a white low density polyethylene (LDPE) bottle with a controlled drop tip and a yellow high density polyethylene (HDPE) cap as follows:5 mL in a 5 mL capacity bottle: NDC 42571-404-2110 mL in a 10 mL capacity bottle: NDC 42571-404-88StorageStore at 15° to 25°C (59° to 77°F). Protect from freezing. Protect from light. After opening, timolol maleate ophthalmic solution can be used until the expiration date on the bottle.Manufactured by:Micro Labs LimitedBangalore - 560099, INDIA.Manufactured for:Micro Labs USA, Inc.Somerset, NJ 08873Rev. 05/2023\n- Instructions for UseInstructions for UseTimolol Maleate Ophthalmic Solution USP, 0.25% and 0.5%Read this Instructions for Use that comes with timolol maleate ophthalmic solution before you start using it and each time you get a refill. There may be new information. This information does not take the place of talking with your doctor about your medical condition or treatment.Important information about timolol maleate ophthalmic solution:• Use timolol maleate ophthalmic solution exactly as your doctor tells you to use it. Your doctor will tell you how much timolol maleate ophthalmic solution to use and when to use it.• If you use other medicines in your eye,wait at least 10 minutesbetween using timolol maleate ophthalmic solution and your other eye medicines.•Do not touch your eye or areas around your eye with the tip of the timolol maleate ophthalmic solution bottle.You may get bacteria on the tip of the bottle that can cause you to get an eye infection that can lead to serious eye damage or vision loss.How should I use timolol maleate ophthalmic solution?Step 1.Wash your hands.Step 2.Turn your closed bottle of timolol maleate ophthalmic solution upside down (invert) and shake once.Step 3.Tear-off the safety seal (tamper evident ring) between the bottle and the cap (see Figure A).Figure AStep 4.Remove the timolol maleate ophthalmic solution cap by turning the cap in the direction of the arrows shown (See Figure B). Put the cap in a clean and dry area.Do notlet the tip of the bottle touch your fingers or other surfaces.Figure BStep 5.Hold the bottle between your thumb and index finger with 1 hand. Use the index finger of the other hand to pull down the lower eyelid to form a pocket for the eye drop (See Figure C). Tilt your head backwards.Figure CStep 6.Place the tip of the bottle close to your eye.Be careful not to touch your eye with the tip of the bottle.Gently squeeze the bottle and let 1 drop fall into the space between your lower eyelid and your eye (See Figure D). If a drop misses your eye, follow the instructions in steps 5 and 6 again.Figure DStep 7.If your doctor has told you to use timolol maleate ophthalmic solution in both eyes, repeat steps 5 and 6 for your other eye.Step 8.Put the cap back on the bottle and close.• The timolol maleate ophthalmic solution bottle tip is made to give 1 drop at a time. Do not try to make the hole in the tip of your bottle bigger.• Do not wash the bottle tip.• After you have used all of your timolol maleate ophthalmic solution doses, there will be some timolol maleate ophthalmic solution left in the bottle. Do not try to remove the extra timolol maleate ophthalmic solution from the bottle. Throw it away.How should I store timolol maleate ophthalmic solution?• Store timolol maleate ophthalmic solution at room temperature between 59°F to 77°F (15°C to 25°C) in an upright position.• Do not freeze timolol maleate ophthalmic solution.• Keep timolol maleate ophthalmic solution out of light.Keep timolol maleate ophthalmic solution and all medicines out of the reach of children.If you would like more information, talk with your doctor. You can ask your pharmacist or doctor for more information about timolol maleate ophthalmic solution that is written for health professionals.This Instructions for Use has been approved by the U.S. Food and Drug Administration.Manufactured by:Micro Labs LimitedBangalore - 560099, INDIA.Manufactured for:Micro Labs USA, Inc.Somerset, NJ 08873Rev. 05/2023\n- PACKAGE LABEL.PRINCIPAL DISPLAY PANELNDC 42571-403-21Timolol Maleate Ophthalmic Solution, USP0.25%FOR TOPICAL APPLICATION IN THE EYETimolol Equivalent (timolol maleate 3.4 mg/mLequivalent to 2.5 mg/mL timolol)Sterile5mLNDC 42571-404-21Timolol Maleate Ophthalmic Solution, USP0.5%FOR TOPICAL APPLICATION IN THE EYETimolol Equivalent (timolol maleate 6.8 mg/mLequivalent to 5 mg/mL timolol)Sterile5mL\n- INGREDIENTS AND APPEARANCETIMOLOL MALEATEtimolol maleate ophthalmic solution/ dropsProduct InformationProduct TypeHUMAN PRESCRIPTION DRUGItem Code (Source)NDC:42571-403Route of AdministrationOPHTHALMICActive Ingredient/Active MoietyIngredient NameBasis of StrengthStrengthTIMOLOL MALEATE(UNII: P8Y54F701R)  (TIMOLOL ANHYDROUS - UNII:5JKY92S7BR)TIMOLOL ANHYDROUS2.5 mg  in 1 mLInactive IngredientsIngredient NameStrengthSODIUM PHOSPHATE, MONOBASIC, DIHYDRATE(UNII: 5QWK665956)SODIUM PHOSPHATE, DIBASIC, DODECAHYDRATE(UNII: E1W4N241FO)SODIUM HYDROXIDE(UNII: 55X04QC32I)WATER(UNII: 059QF0KO0R)BENZALKONIUM CHLORIDE(UNII: F5UM2KM3W7)Packaging#Item CodePackage DescriptionMarketing Start DateMarketing End Date1NDC:42571-403-215 mL in 1 BOTTLE; Type 0: Not a Combination Product08/01/20232NDC:42571-403-8810 mL in 1 BOTTLE; Type 0: Not a Combination Product08/01/2023Marketing InformationMarketing CategoryApplication Number or Monograph CitationMarketing Start DateMarketing End DateANDAANDA21734308/01/2023TIMOLOL MALEATEtimolol maleate ophthalmic solution/ dropsProduct InformationProduct TypeHUMAN PRESCRIPTION DRUGItem Code (Source)NDC:42571-404Route of AdministrationOPHTHALMICActive Ingredient/Active MoietyIngredient NameBasis of StrengthStrengthTIMOLOL MALEATE(UNII: P8Y54F701R)  (TIMOLOL ANHYDROUS - UNII:5JKY92S7BR)TIMOLOL ANHYDROUS5 mg  in 1 mLInactive IngredientsIngredient NameStrengthSODIUM PHOSPHATE, MONOBASIC, DIHYDRATE(UNII: 5QWK665956)SODIUM PHOSPHATE, DIBASIC, DODECAHYDRATE(UNII: E1W4N241FO)SODIUM HYDROXIDE(UNII: 55X04QC32I)WATER(UNII: 059QF0KO0R)BENZALKONIUM CHLORIDE(UNII: F5UM2KM3W7)Packaging#Item CodePackage DescriptionMarketing Start DateMarketing End Date1NDC:42571-404-215 mL in 1 BOTTLE; Type 0: Not a Combination Product08/01/20232NDC:42571-404-8810 mL in 1 BOTTLE; Type 0: Not a Combination Product08/01/2023Marketing InformationMarketing CategoryApplication Number or Monograph CitationMarketing Start DateMarketing End DateANDAANDA21734308/01/2023Labeler -Micro Labs Limited\n\t\t\t\t\t\t\t(862174955)EstablishmentNameAddressID/FEIBusiness OperationsMicro Labs Limited677600482analysis(42571-403, 42571-404) , label(42571-403, 42571-404) , manufacture(42571-403, 42571-404) , pack(42571-403, 42571-404)\n\nTimolol maleate ophthalmic solution, USP is a non-selective beta-adrenergic receptor blocking agent. Its chemical name is (-)-1-(tert-butylamino)-3-[(4-morpholino-1,2,5-thiadiazol-3-yl)oxy]-2-propanol maleate (1:1) (salt). Timolol maleate possesses an asymmetric carbon atom in its structure and is provided as the levo-isomer. The optical rotation of timolol maleate is:\n\nIts molecular formula is C13H24N4O3S•C4H4O4and its structural formula is:\n\nTimolol maleate has a molecular weight of 432.50. It is a white, odorless, crystalline powder which is soluble in water; sparingly soluble in ethanol; slightly soluble in chloroform; practically insoluble in ether. Timolol maleate ophthalmic solution is stable at room temperature.\n\nTimolol Maleate Ophthalmic Solution, USP is supplied as a sterile, isotonic, buffered, aqueous solution of timolol maleate in two dosage strengths. Each mL of timolol maleate ophthalmic solution USP, 0.25% contains 2.5 mg of timolol (3.4 mg of timolol maleate). The pH of the solution is between 6.5 and 7.5, and the osmolality is 260 to 340 mOsm/kg. Each mL of timolol maleate ophthalmic solution USP, 0.5% contains 5 mg of timolol (6.8 mg of timolol maleate). Inactive ingredients: monobasic and dibasic sodium phosphate, sodium hydroxide to adjust pH, and water for injection. Benzalkonium chloride 0.01% is added as preservative.\n\nMechanism of ActionTimolol maleate is a beta1 and beta2 (non-selective) adrenergic receptor blocking agent that does not have significant intrinsic sympathomimetic, direct myocardial depressant, or local anesthetic (membrane-stabilizing) activity.Beta-adrenergic receptor blockade reduces cardiac output in both healthy subjects and patients with heart disease. In patients with severe impairment of myocardial function, beta-adrenergic receptor blockade may inhibit the stimulatory effect of the sympathetic nervous system necessary to maintain adequate cardiac function.Beta-adrenergic receptor blockade in the bronchi and bronchioles results in increased airway resistance from unopposed parasympathetic activity. Such an effect in patients with asthma or other bronchospastic conditions is potentially dangerous.Timolol maleate ophthalmic solution, when applied topically on the eye, has the action of reducing elevated as well as normal intraocular pressure, whether or not accompanied by glaucoma. Elevated intraocular pressure is a major risk factor in the pathogenesis of glaucomatous visual field loss. The higher the level of intraocular pressure, the greater the likelihood of glaucomatous visual field loss and optic nerve damage.The onset of reduction in intraocular pressure following administration of timolol maleate ophthalmic solution can usually be detected within one-half hour after a single dose. The maximum effect usually occurs in one to two hours and significant lowering of intraocular pressure can be maintained for periods as long as 24 hours with a single dose. Repeated observations over a period of one year indicate that the intraocular pressure-lowering effect of timolol maleate ophthalmic solution is well maintained.The precise mechanism of the ocular hypotensive action of timolol maleate ophthalmic solution is not clearly established at this time. Tonography and fluorophotometry studies in man suggest that its predominant action may be related to reduced aqueous formation. However, in some studies a slight increase in outflow facility was also observed.PharmacokineticsIn a study of plasma drug concentration in six subjects, the systemic exposure to timolol was determined following twice daily administration of timolol maleate ophthalmic solution 0.5%. The mean peak plasma concentration following morning dosing was 0.46 ng/mL and following afternoon dosing was 0.35 ng/mL.Clinical StudiesIn controlled multiclinic studies in patients with untreated intraocular pressures of 22 mmHg or greater, timolol maleate ophthalmic solution 0.25% or 0.5% administered twice a day produced a greater reduction in intraocular pressure than 1, 2, 3, or 4% pilocarpine solution administered four times a day or 0.5, 1, or 2% epinephrine hydrochloride solution administered twice a day.In these studies, timolol maleate ophthalmic solution was generally well tolerated and produced fewer and less severe side effects than either pilocarpine or epinephrine. A slight reduction of resting heart rate in some patients receiving timolol maleate ophthalmic solution (mean reduction 2.9 beats/minute standard deviation 10.2) was observed.\n\nTimolol maleate ophthalmic solution is indicated in the treatment of elevated intraocular pressure in patients with ocular hypertension or open-angle glaucoma.\n\nTimolol maleate ophthalmic solution is contraindicated in patients with (1) bronchial asthma; (2) a history of bronchial asthma; (3) severe chronic obstructive pulmonary disease [seeWARNINGS]; (4) sinus bradycardia; (5) second or third degree atrioventricular block; (6) overt cardiac failure [seeWARNINGS]; (7) cardiogenic shock; or (8) hypersensitivity to any component of this product.\n\nAs with many topically applied ophthalmic drugs, this drug is absorbed systemically.The same adverse reactions found with systemic administration of beta-adrenergic blocking agents may occur with topical administration. For example, severe respiratory reactions and cardiac reactions, including death due to bronchospasm in patients with asthma, and rarely death in association with cardiac failure, have been reported following systemic or ophthalmic administration of timolol maleate [seeCONTRAINDICATIONS].Cardiac FailureSympathetic stimulation may be essential for support of the circulation in individuals with diminished myocardial contractility, and its inhibition of beta-adrenergic receptor blockade may precipitate more severe failure.In Patients Without a History of Cardiac Failurecontinued depression of the myocardium with beta-blocking agents over a period of time can, in some cases, lead to cardiac failure. At the first sign or symptom of cardiac failure, timolol maleate ophthalmic solution should be discontinued.Obstructive Pulmonary DiseasePatients with chronic obstructive pulmonary disease (e.g., chronic bronchitis, emphysema) of mild or moderate severity, bronchospastic disease, or a history of bronchospastic disease (other than bronchial asthma or a history of bronchial asthma, in which timolol maleate ophthalmic solution is contraindicated [seeCONTRAINDICATIONS]) should, in general, not receive beta-blockers, including timolol maleate ophthalmic solution.Major SurgeryThe necessity or desirability of withdrawal of beta-adrenergic blocking agents prior to major surgery is controversial. Beta-adrenergic receptor blockade impairs the ability of the heart to respond to beta-adrenergically mediated reflex stimuli. This may augment the risk of general anesthesia in surgical procedures. Some patients receiving beta-adrenergic receptor blocking agents have experienced protracted severe hypotension during anesthesia. Difficulty in restarting and maintaining the heartbeat has also been reported. For these reasons, in patients undergoing elective surgery, some authorities recommend gradual withdrawal of beta-adrenergic receptor blocking agents.If necessary during surgery, the effects of beta-adrenergic blocking agents may be reversed by sufficient doses of adrenergic agonists.Diabetes MellitusBeta-adrenergic blocking agents should be administered with caution in patients subject to spontaneous hypoglycemia or to diabetic patients (especially those with labile diabetes) who are receiving insulin or oral hypoglycemic agents. Beta-adrenergic receptor blocking agents may mask the signs and symptoms of acute hypoglycemia.ThyrotoxicosisBeta-adrenergic blocking agents may mask certain clinical signs (e.g., tachycardia) of hyperthyroidism. Patients suspected of developing thyrotoxicosis should be managed carefully to avoid abrupt withdrawal of beta-adrenergic blocking agents that might precipitate a thyroid storm.\n\nBecause of potential effects of beta-adrenergic blocking agents on blood pressure and pulse, these agents should be used with caution in patients with cerebrovascular insufficiency. If signs or symptoms suggesting reduced cerebral blood flow develop following initiation of therapy with timolol maleate ophthalmic solution, alternative therapy should be considered.There have been reports of bacterial keratitis associated with the use of multiple-dose containers of topical ophthalmic products. These containers had been inadvertently contaminated by patients who, in most cases, had a concurrent corneal disease or a disruption of the ocular epithelial surface [seePRECAUTIONS, Information for Patients].Choroidal detachment after filtration procedures has been reported with the administration of aqueous suppressant therapy (e.g., timolol).Angle-closure glaucoma:In patients with angle-closure glaucoma, the immediate objective of treatment is to reopen the angle. This requires constricting the pupil. Timolol maleate has little or no effect on the pupil. Timolol maleate ophthalmic solution should not be used alone in the treatment of angle-closure glaucoma.Anaphylaxis:While taking beta-blockers, patients with a history of atopy or a history of severe anaphylactic reactions to a variety of allergens may be more reactive to repeated accidental, diagnostic, or therapeutic challenge with such allergens. Such patients may be unresponsive to the usual doses of epinephrine used to treat anaphylactic reactions.Muscle Weakness:Beta-adrenergic blockade has been reported to potentiate muscle weakness consistent with certain myasthenic symptoms (e.g., diplopia, ptosis, and generalized weakness). Timolol has been reported rarely to increase muscle weakness in some patients with myasthenia gravis or myasthenic symptoms.\n\nPatients should be instructed to avoid allowing the tip of the dispensing container to contact the eye or surrounding structures.Patients should also be instructed that ocular solutions, if handled improperly or if the tip of the dispensing container contacts the eye or surrounding structures, can become contaminated by common bacteria known to cause ocular infections. Serious damage to the eye and subsequent loss of vision may result from using contaminated solutions [seePRECAUTIONS, General].Patients should also be advised that if they have ocular surgery or develop an intercurrent ocular condition (e.g., trauma or infection), they should immediately seek their physician's advice concerning the continued use of the present multidose container.Patients with bronchial asthma, a history of bronchial asthma, severe chronic obstructive pulmonary disease, sinus bradycardia, second or third degree atrioventricular block, or cardiac failure should be advised not to take this product [seeCONTRAINDICATIONS].Patients should be advised that timolol maleate ophthalmic solution contains benzalkonium chloride which may be absorbed by soft contact lenses. Contact lenses should be removed prior to administration of the solution. Lenses may be reinserted 15 minutes following timolol maleate ophthalmic solution administration.\n\nIn a two-year study of timolol maleate administered orally to rats, there was a statistically significant increase in the incidence of adrenal pheochromocytomas in male rats administered 300 mg/kg/day (approximately 42,000 times the systemic exposure following the maximum recommended human ophthalmic dose). Similar differences were not observed in rats administered oral doses equivalent to approximately 14,000 times the maximum recommended human ophthalmic dose.\n\nIn a lifetime oral study in mice, there were statistically significant increases in the incidence of benign and malignant pulmonary tumors, benign uterine polyps and mammary adenocarcinomas in female mice at 500 mg/kg/day, (approximately 71,000 times the systemic exposure following the maximum recommended human ophthalmic dose), but not at 5 or 50 mg/kg/day (approximately 700 or 7,000, respectively, times the systemic exposure following the maximum recommended human ophthalmic dose). In a subsequent study in female mice, in which postmortem examinations were limited to the uterus and the lungs, a statistically significant increase in the incidence of pulmonary tumors was again observed at 500 mg/kg/day.\n\nThe increased occurrence of mammary adenocarcinomas was associated with elevations in serum prolactin which occurred in female mice administered oral timolol at 500 mg/kg/day, but not at doses of 5 or 50 mg/kg/day. An increased incidence of mammary adenocarcinomas in rodents has been associated with administration of several other therapeutic agents that elevate serum prolactin, but no correlation between serum prolactin levels and mammary tumors has been established in humans. Furthermore, in adult human female subjects who received oral dosages of up to 60 mg of timolol maleate (the maximum recommended human oral dosage), there were no clinically meaningful changes in serum prolactin.\n\nTimolol maleate was devoid of mutagenic potential when testedin vivo(mouse) in the micronucleus test and cytogenetic assay (doses up to 800 mg/kg) andin vitroin a neoplastic cell transformation assay (up to 100 mcg/mL). In Ames tests the highest concentrations of timolol employed, 5,000 or 10,000 mcg/plate, were associated with statistically significant elevations of revertants observed with tester strain TA100 (in seven replicate assays), but not in the remaining three strains. In the assays with tester strain TA100, no consistent dose response relationship was observed, and the ratio of test to control revertants did not reach 2. A ratio of 2 is usually considered the criterion for a positive Ames test.\n\nReproduction and fertility studies in rats demonstrated no adverse effect on male or female fertility at doses up to 21,000 times the systemic exposure following the maximum recommended human ophthalmic dose.\n\nTeratogenic Effects-Teratogenicity studies with timolol in mice, rats, and rabbits at oral doses up to 50 mg/kg/day (7,000 times the systemic exposure following the maximum recommended human ophthalmic dose) demonstrated no evidence of fetal malformations. Although delayed fetal ossification was observed at this dose in rats, there were no adverse effects on postnatal development of offspring. Doses of 1,000 mg/kg/day (142,000 times the systemic exposure following the maximum recommended human ophthalmic dose) were maternotoxic in mice and resulted in an increased number of fetal resorptions. Increased fetal resorptions were also seen in rabbits at doses of 14,000 times the systemic exposure following the maximum recommended human ophthalmic dose, in this case without apparent maternotoxicity.\n\nThere are no adequate and well-controlled studies in pregnant women. Timolol maleateophthalmic solution should be used during pregnancy only if the potential benefit justifies the potential risk to the fetus.\n\nTimolol maleate has been detected in human milk following oral and ophthalmic drug administration. Because of the potential for serious adverse reactions from timolol maleateophthalmic solution in nursing infants, a decision should be made whether to discontinue nursing or to discontinue the drug, taking into account the importance of the drug to the mother.\n\nSafety and effectiveness of timolol maleate ophthalmic solution have been established when administered in pediatric patients aged 2 years and older. Use of timolol maleate ophthalmic solution in these children is supported by evidence from adequate and well controlled studies in children and adults. Safety and efficacy in pediatric patients below the age of 2 years have not been established.\n\nNo overall differences in safety or effectiveness have been observed between elderly and younger patients.\n\nThe most frequently reported adverse experiences have been burning and stinging upon instillation (approximately one in eight patients).The following additional adverse experiences have been reported less frequently with ocular administration of this or other timolol maleate formulations:Body as a WholeHeadache, asthenia/fatigue, and chest pain.CardiovascularBradycardia, arrhythmia, hypotension, hypertension, syncope, heart block, cerebral vascular accident, cerebral ischemia, cardiac failure, worsening of angina pectoris, palpitation, cardiac arrest, pulmonary edema, edema, claudication, Raynaud's phenomenon, and cold hands and feet.DigestiveNausea, diarrhea, dyspepsia, anorexia, and dry mouth.ImmunologicSystemic lupus erythematosus.Nervous System/PsychiatricDizziness, increase in signs and symptoms of myasthenia gravis, paresthesia, somnolence, insomnia, nightmares, behavioral changes and psychic disturbances including depression, confusion, hallucinations, anxiety, disorientation, nervousness, and memory loss.SkinAlopecia and psoriasiform rash or exacerbation of psoriasis.HypersensitivitySigns and symptoms of systemic allergic reactions, including anaphylaxis, angioedema, urticaria, and localized and generalized rash.RespiratoryBronchospasm (predominantly in patients with preexisting bronchospastic disease), respiratory failure, dyspnea, nasal congestion, cough and upper respiratory infections.EndocrineMasked symptoms of hypoglycemia in diabetic patients [seeWARNINGS].Special SensesSigns and symptoms of ocular irritation including conjunctivitis, blepharitis, keratitis, ocular pain, discharge (e.g., crusting), foreign body sensation, itching and tearing, and dry eyes; ptosis; decreased corneal sensitivity; cystoid macular edema; visual disturbances including refractive changes and diplopia; pseudopemphigoid; choroidal detachment following filtration surgery [seePRECAUTIONS, General]; and tinnitus.UrogenitalRetroperitoneal fibrosis, decreased libido, impotence, and Peyronie's disease.The following additional adverse effects have been reported in clinical experience with ORAL timolol maleate or other ORAL beta-blocking agents and may be considered potential effects of ophthalmic timolol maleate:Allergic: Erythematous rash, fever combined with aching and sore throat, laryngospasm with respiratory distress;Body as a Whole: Extremity pain, decreased exercise tolerance, weight loss;Cardiovascular: Worsening of arterial insufficiency, vasodilatation;Digestive: Gastrointestinal pain, hepatomegaly, vomiting, mesenteric arterial thrombosis, ischemic colitis;Hematologic: Nonthrombocytopenic purpura, thrombocytopenic purpura, agranulocytosis;Endocrine: Hyperglycemia, hypoglycemia;Skin: Pruritus, skin irritation, increased pigmentation, sweating;Musculoskeletal: Arthralgia;Nervous System/Psychiatric: Vertigo, local weakness, diminished concentration, reversible mental depression progressing to catatonia, an acute reversible syndrome characterized by disorientation for time and place, emotional lability, slightly clouded sensorium, and decreased performance on neuropsychometrics;Respiratory: Rales, bronchial obstruction; Urogenital: Urination difficulties.To report SUSPECTED ADVERSE REACTIONS, contact Micro Labs USA, Inc. at 1-855-839-8195 or FDA at 1-800-FDA-1088 or www.fda.gov/medwatch.\n\nThere have been reports of inadvertent overdosage with timolol maleate ophthalmic solution resulting in systemic effects similar to those seen with systemic beta-adrenergic blocking agents such as dizziness, headache, shortness of breath, bradycardia, bronchospasm, and cardiac arrest [seeADVERSE REACTIONS].\n\nOverdosage has been reported with timolol maleate tablets. A 30-year-old female ingested 650 mg of timolol maleate tablets (maximum recommended oral daily dose is 60 mg) and experienced second and third degree heart block. She recovered without treatment but approximately two months later developed irregular heartbeat, hypertension, dizziness, tinnitus, faintness, increased pulse rate, and borderline first degree heart block.\n\nAnin vitrohemodialysis study, using14C timolol added to human plasma or whole blood, showed that timolol was readily dialyzed from these fluids; however, a study of patients with renal failure showed that timolol did not dialyze readily.\n\nTimolol maleate ophthalmic solution is available in concentrations of 0.25 and 0.5%. The usual starting dose is one drop of timolol maleate ophthalmic solution 0.25% in the affected eye(s) twice a day. If the clinical response is not adequate, the dosage may be changed to one drop of 0.5% solution in the affected eye(s) twice a day.\n\nSince in some patients the pressure-lowering response to timolol maleateophthalmic solution may require a few weeks to stabilize, evaluation should include a determination of intraocular pressure after approximately 4 weeks of treatment with timolol maleateophthalmic solution.\n\nIf the intraocular pressure is maintained at satisfactory levels, the dosage schedule may be changed to one drop once a day in the affected eye(s). Because of diurnal variations in intraocular pressure, satisfactory response to the once-a-day dose is best determined by measuring the intraocular pressure at different times during the day.\n\nDosages above one drop of timolol maleateophthalmic solution 0.5% twice a day generally have not been shown to produce further reduction in intraocular pressure. If the patient's intraocular pressure is still not at a satisfactory level on this regimen, concomitant therapy with other agent(s) for lowering intraocular pressure can be instituted. The concomitant use of two topical beta-adrenergic blocking agents is not recommended [seePRECAUTIONS, Drug Interactions, Beta-adrenergic blocking agents].\n\nTimolol maleate ophthalmic solution, USP is a clear, colorless to light yellow solution, practically free from particles.Timolol maleate ophthalmic solution USP, 0.25% timolol equivalent, is supplied in a white low density polyethylene (LDPE) bottle with a controlled drop tip and a yellow high density polyethylene (HDPE) cap as follows:5 mL in a 5 mL capacity bottle: NDC 42571-403-2110 mL in a 10 mL capacity bottle: NDC 42571-403-88Timolol maleate ophthalmic solution USP, 0.5% timolol equivalent, is supplied in a white low density polyethylene (LDPE) bottle with a controlled drop tip and a yellow high density polyethylene (HDPE) cap as follows:5 mL in a 5 mL capacity bottle: NDC 42571-404-2110 mL in a 10 mL capacity bottle: NDC 42571-404-88StorageStore at 15° to 25°C (59° to 77°F). Protect from freezing. Protect from light. After opening, timolol maleate ophthalmic solution can be used until the expiration date on the bottle.Manufactured by:Micro Labs LimitedBangalore - 560099, INDIA.Manufactured for:Micro Labs USA, Inc.Somerset, NJ 08873Rev. 05/2023\n\nInstructions for UseTimolol Maleate Ophthalmic Solution USP, 0.25% and 0.5%Read this Instructions for Use that comes with timolol maleate ophthalmic solution before you start using it and each time you get a refill. There may be new information. This information does not take the place of talking with your doctor about your medical condition or treatment.Important information about timolol maleate ophthalmic solution:• Use timolol maleate ophthalmic solution exactly as your doctor tells you to use it. Your doctor will tell you how much timolol maleate ophthalmic solution to use and when to use it.• If you use other medicines in your eye,wait at least 10 minutesbetween using timolol maleate ophthalmic solution and your other eye medicines.•Do not touch your eye or areas around your eye with the tip of the timolol maleate ophthalmic solution bottle.You may get bacteria on the tip of the bottle that can cause you to get an eye infection that can lead to serious eye damage or vision loss.How should I use timolol maleate ophthalmic solution?Step 1.Wash your hands.Step 2.Turn your closed bottle of timolol maleate ophthalmic solution upside down (invert) and shake once.Step 3.Tear-off the safety seal (tamper evident ring) between the bottle and the cap (see Figure A).\n\nFigure A\n\nStep 4.Remove the timolol maleate ophthalmic solution cap by turning the cap in the direction of the arrows shown (See Figure B). Put the cap in a clean and dry area.Do notlet the tip of the bottle touch your fingers or other surfaces.\n\nFigure B\n\nStep 5.Hold the bottle between your thumb and index finger with 1 hand. Use the index finger of the other hand to pull down the lower eyelid to form a pocket for the eye drop (See Figure C). Tilt your head backwards.\n\nFigure C\n\nStep 6.Place the tip of the bottle close to your eye.Be careful not to touch your eye with the tip of the bottle.Gently squeeze the bottle and let 1 drop fall into the space between your lower eyelid and your eye (See Figure D). If a drop misses your eye, follow the instructions in steps 5 and 6 again.\n\nFigure D\n\nStep 7.If your doctor has told you to use timolol maleate ophthalmic solution in both eyes, repeat steps 5 and 6 for your other eye.Step 8.Put the cap back on the bottle and close.• The timolol maleate ophthalmic solution bottle tip is made to give 1 drop at a time. Do not try to make the hole in the tip of your bottle bigger.• Do not wash the bottle tip.• After you have used all of your timolol maleate ophthalmic solution doses, there will be some timolol maleate ophthalmic solution left in the bottle. Do not try to remove the extra timolol maleate ophthalmic solution from the bottle. Throw it away.How should I store timolol maleate ophthalmic solution?\n\n• Store timolol maleate ophthalmic solution at room temperature between 59°F to 77°F (15°C to 25°C) in an upright position.• Do not freeze timolol maleate ophthalmic solution.• Keep timolol maleate ophthalmic solution out of light.Keep timolol maleate ophthalmic solution and all medicines out of the reach of children.If you would like more information, talk with your doctor. You can ask your pharmacist or doctor for more information about timolol maleate ophthalmic solution that is written for health professionals.This Instructions for Use has been approved by the U.S. Food and Drug Administration.Manufactured by:Micro Labs LimitedBangalore - 560099, INDIA.Manufactured for:Micro Labs USA, Inc.Somerset, NJ 08873Rev. 05/2023\n\nNDC 42571-403-21Timolol Maleate Ophthalmic Solution, USP0.25%FOR TOPICAL APPLICATION IN THE EYETimolol Equivalent (timolol maleate 3.4 mg/mLequivalent to 2.5 mg/mL timolol)Sterile5mL\n\nNDC 42571-404-21Timolol Maleate Ophthalmic Solution, USP0.5%FOR TOPICAL APPLICATION IN THE EYETimolol Equivalent (timolol maleate 6.8 mg/mLequivalent to 5 mg/mL timolol)Sterile5mL\n\nTIMOLOL MALEATEtimolol maleate ophthalmic solution/ drops\nProduct InformationProduct TypeHUMAN PRESCRIPTION DRUGItem Code (Source)NDC:42571-403Route of AdministrationOPHTHALMIC | Product Information | Product Type | HUMAN PRESCRIPTION DRUG | Item Code (Source) | NDC:42571-403 | Route of Administration | OPHTHALMIC\nProduct Information\nProduct Type | HUMAN PRESCRIPTION DRUG | Item Code (Source) | NDC:42571-403\nRoute of Administration | OPHTHALMIC\nActive Ingredient/Active MoietyIngredient NameBasis of StrengthStrengthTIMOLOL MALEATE(UNII: P8Y54F701R)  (TIMOLOL ANHYDROUS - UNII:5JKY92S7BR)TIMOLOL ANHYDROUS2.5 mg  in 1 mL | Active Ingredient/Active Moiety | Ingredient Name | Basis of Strength | Strength | TIMOLOL MALEATE(UNII: P8Y54F701R)  (TIMOLOL ANHYDROUS - UNII:5JKY92S7BR) | TIMOLOL ANHYDROUS | 2.5 mg  in 1 mL\nActive Ingredient/Active Moiety\nIngredient Name | Basis of Strength | Strength\nTIMOLOL MALEATE(UNII: P8Y54F701R)  (TIMOLOL ANHYDROUS - UNII:5JKY92S7BR) | TIMOLOL ANHYDROUS | 2.5 mg  in 1 mL\nInactive IngredientsIngredient NameStrengthSODIUM PHOSPHATE, MONOBASIC, DIHYDRATE(UNII: 5QWK665956)SODIUM PHOSPHATE, DIBASIC, DODECAHYDRATE(UNII: E1W4N241FO)SODIUM HYDROXIDE(UNII: 55X04QC32I)WATER(UNII: 059QF0KO0R)BENZALKONIUM CHLORIDE(UNII: F5UM2KM3W7) | Inactive Ingredients | Ingredient Name | Strength | SODIUM PHOSPHATE, MONOBASIC, DIHYDRATE(UNII: 5QWK665956) |  | SODIUM PHOSPHATE, DIBASIC, DODECAHYDRATE(UNII: E1W4N241FO) |  | SODIUM HYDROXIDE(UNII: 55X04QC32I) |  | WATER(UNII: 059QF0KO0R) |  | BENZALKONIUM CHLORIDE(UNII: F5UM2KM3W7) | \nInactive Ingredients\nIngredient Name | Strength\nSODIUM PHOSPHATE, MONOBASIC, DIHYDRATE(UNII: 5QWK665956) | \nSODIUM PHOSPHATE, DIBASIC, DODECAHYDRATE(UNII: E1W4N241FO) | \nSODIUM HYDROXIDE(UNII: 55X04QC32I) | \nWATER(UNII: 059QF0KO0R) | \nBENZALKONIUM CHLORIDE(UNII: F5UM2KM3W7) | \n\nPackaging#Item CodePackage DescriptionMarketing Start DateMarketing End Date1NDC:42571-403-215 mL in 1 BOTTLE; Type 0: Not a Combination Product08/01/20232NDC:42571-403-8810 mL in 1 BOTTLE; Type 0: Not a Combination Product08/01/2023 | Packaging | # | Item Code | Package Description | Marketing Start Date | Marketing End Date | 1 | NDC:42571-403-21 | 5 mL in 1 BOTTLE; Type 0: Not a Combination Product | 08/01/2023 |  | 2 | NDC:42571-403-88 | 10 mL in 1 BOTTLE; Type 0: Not a Combination Product | 08/01/2023 | \nPackaging\n# | Item Code | Package Description | Marketing Start Date | Marketing End Date\n1 | NDC:42571-403-21 | 5 mL in 1 BOTTLE; Type 0: Not a Combination Product | 08/01/2023 | \n2 | NDC:42571-403-88 | 10 mL in 1 BOTTLE; Type 0: Not a Combination Product | 08/01/2023 | \n\nMarketing InformationMarketing CategoryApplication Number or Monograph CitationMarketing Start DateMarketing End DateANDAANDA21734308/01/2023 | Marketing Information | Marketing Category | Application Number or Monograph Citation | Marketing Start Date | Marketing End Date | ANDA | ANDA217343 | 08/01/2023 | \nMarketing Information\nMarketing Category | Application Number or Monograph Citation | Marketing Start Date | Marketing End Date\nANDA | ANDA217343 | 08/01/2023 | \n\nProduct Information\nProduct Type | HUMAN PRESCRIPTION DRUG | Item Code (Source) | NDC:42571-403\nRoute of Administration | OPHTHALMIC\n\nActive Ingredient/Active Moiety\nIngredient Name | Basis of Strength | Strength\nTIMOLOL MALEATE(UNII: P8Y54F701R)  (TIMOLOL ANHYDROUS - UNII:5JKY92S7BR) | TIMOLOL ANHYDROUS | 2.5 mg  in 1 mL\n\nInactive Ingredients\nIngredient Name | Strength\nSODIUM PHOSPHATE, MONOBASIC, DIHYDRATE(UNII: 5QWK665956) | \nSODIUM PHOSPHATE, DIBASIC, DODECAHYDRATE(UNII: E1W4N241FO) | \nSODIUM HYDROXIDE(UNII: 55X04QC32I) | \nWATER(UNII: 059QF0KO0R) | \nBENZALKONIUM CHLORIDE(UNII: F5UM2KM3W7) | \n\nPackaging\n# | Item Code | Package Description | Marketing Start Date | Marketing End Date\n1 | NDC:42571-403-21 | 5 mL in 1 BOTTLE; Type 0: Not a Combination Product | 08/01/2023 | \n2 | NDC:42571-403-88 | 10 mL in 1 BOTTLE; Type 0: Not a Combination Product | 08/01/2023 | \n\nMarketing Information\nMarketing Category | Application Number or Monograph Citation | Marketing Start Date | Marketing End Date\nANDA | ANDA217343 | 08/01/2023 | \n\nTIMOLOL MALEATEtimolol maleate ophthalmic solution/ drops\nProduct InformationProduct TypeHUMAN PRESCRIPTION DRUGItem Code (Source)NDC:42571-404Route of AdministrationOPHTHALMIC | Product Information | Product Type | HUMAN PRESCRIPTION DRUG | Item Code (Source) | NDC:42571-404 | Route of Administration | OPHTHALMIC\nProduct Information\nProduct Type | HUMAN PRESCRIPTION DRUG | Item Code (Source) | NDC:42571-404\nRoute of Administration | OPHTHALMIC\nActive Ingredient/Active MoietyIngredient NameBasis of StrengthStrengthTIMOLOL MALEATE(UNII: P8Y54F701R)  (TIMOLOL ANHYDROUS - UNII:5JKY92S7BR)TIMOLOL ANHYDROUS5 mg  in 1 mL | Active Ingredient/Active Moiety | Ingredient Name | Basis of Strength | Strength | TIMOLOL MALEATE(UNII: P8Y54F701R)  (TIMOLOL ANHYDROUS - UNII:5JKY92S7BR) | TIMOLOL ANHYDROUS | 5 mg  in 1 mL\nActive Ingredient/Active Moiety\nIngredient Name | Basis of Strength | Strength\nTIMOLOL MALEATE(UNII: P8Y54F701R)  (TIMOLOL ANHYDROUS - UNII:5JKY92S7BR) | TIMOLOL ANHYDROUS | 5 mg  in 1 mL\nInactive IngredientsIngredient NameStrengthSODIUM PHOSPHATE, MONOBASIC, DIHYDRATE(UNII: 5QWK665956)SODIUM PHOSPHATE, DIBASIC, DODECAHYDRATE(UNII: E1W4N241FO)SODIUM HYDROXIDE(UNII: 55X04QC32I)WATER(UNII: 059QF0KO0R)BENZALKONIUM CHLORIDE(UNII: F5UM2KM3W7) | Inactive Ingredients | Ingredient Name | Strength | SODIUM PHOSPHATE, MONOBASIC, DIHYDRATE(UNII: 5QWK665956) |  | SODIUM PHOSPHATE, DIBASIC, DODECAHYDRATE(UNII: E1W4N241FO) |  | SODIUM HYDROXIDE(UNII: 55X04QC32I) |  | WATER(UNII: 059QF0KO0R) |  | BENZALKONIUM CHLORIDE(UNII: F5UM2KM3W7) | \nInactive Ingredients\nIngredient Name | Strength\nSODIUM PHOSPHATE, MONOBASIC, DIHYDRATE(UNII: 5QWK665956) | \nSODIUM PHOSPHATE, DIBASIC, DODECAHYDRATE(UNII: E1W4N241FO) | \nSODIUM HYDROXIDE(UNII: 55X04QC32I) | \nWATER(UNII: 059QF0KO0R) | \nBENZALKONIUM CHLORIDE(UNII: F5UM2KM3W7) | \n\nPackaging#Item CodePackage DescriptionMarketing Start DateMarketing End Date1NDC:42571-404-215 mL in 1 BOTTLE; Type 0: Not a Combination Product08/01/20232NDC:42571-404-8810 mL in 1 BOTTLE; Type 0: Not a Combination Product08/01/2023 | Packaging | # | Item Code | Package Description | Marketing Start Date | Marketing End Date | 1 | NDC:42571-404-21 | 5 mL in 1 BOTTLE; Type 0: Not a Combination Product | 08/01/2023 |  | 2 | NDC:42571-404-88 | 10 mL in 1 BOTTLE; Type 0: Not a Combination Product | 08/01/2023 | \nPackaging\n# | Item Code | Package Description | Marketing Start Date | Marketing End Date\n1 | NDC:42571-404-21 | 5 mL in 1 BOTTLE; Type 0: Not a Combination Product | 08/01/2023 | \n2 | NDC:42571-404-88 | 10 mL in 1 BOTTLE; Type 0: Not a Combination Product | 08/01/2023 | \n\nMarketing InformationMarketing CategoryApplication Number or Monograph CitationMarketing Start DateMarketing End DateANDAANDA21734308/01/2023 | Marketing Information | Marketing Category | Application Number or Monograph Citation | Marketing Start Date | Marketing End Date | ANDA | ANDA217343 | 08/01/2023 | \nMarketing Information\nMarketing Category | Application Number or Monograph Citation | Marketing Start Date | Marketing End Date\nANDA | ANDA217343 | 08/01/2023 | \n\nProduct Information\nProduct Type | HUMAN PRESCRIPTION DRUG | Item Code (Source) | NDC:42571-404\nRoute of Administration | OPHTHALMIC\n\nActive Ingredient/Active Moiety\nIngredient Name | Basis of Strength | Strength\nTIMOLOL MALEATE(UNII: P8Y54F701R)  (TIMOLOL ANHYDROUS - UNII:5JKY92S7BR) | TIMOLOL ANHYDROUS | 5 mg  in 1 mL\n\nInactive Ingredients\nIngredient Name | Strength\nSODIUM PHOSPHATE, MONOBASIC, DIHYDRATE(UNII: 5QWK665956) | \nSODIUM PHOSPHATE, DIBASIC, DODECAHYDRATE(UNII: E1W4N241FO) | \nSODIUM HYDROXIDE(UNII: 55X04QC32I) | \nWATER(UNII: 059QF0KO0R) | \nBENZALKONIUM CHLORIDE(UNII: F5UM2KM3W7) | \n\nPackaging\n# | Item Code | Package Description | Marketing Start Date | Marketing End Date\n1 | NDC:42571-404-21 | 5 mL in 1 BOTTLE; Type 0: Not a Combination Product | 08/01/2023 | \n2 | NDC:42571-404-88 | 10 mL in 1 BOTTLE; Type 0: Not a Combination Product | 08/01/2023 | \n\nMarketing Information\nMarketing Category | Application Number or Monograph Citation | Marketing Start Date | Marketing End Date\nANDA | ANDA217343 | 08/01/2023 | \n\nLabeler -Micro Labs Limited\n\t\t\t\t\t\t\t(862174955)\n\nEstablishment\nName | Address | ID/FEI | Business Operations\nMicro Labs Limited |  | 677600482 | analysis(42571-403, 42571-404) , label(42571-403, 42571-404) , manufacture(42571-403, 42571-404) , pack(42571-403, 42571-404)\n\nGeneral:\nBecause of potential effects of beta-adrenergic blocking agents on blood pressure and pulse, these agents should be used with caution in patients with cerebrovascular insufficiency. If signs or symptoms suggesting reduced cerebral blood flow develop following initiation of therapy with timolol maleate ophthalmic solution, alternative therapy should be considered.There have been reports of bacterial keratitis associated with the use of multiple-dose containers of topical ophthalmic products. These containers had been inadvertently contaminated by patients who, in most cases, had a concurrent corneal disease or a disruption of the ocular epithelial surface [seePRECAUTIONS, Information for Patients].Choroidal detachment after filtration procedures has been reported with the administration of aqueous suppressant therapy (e.g., timolol).Angle-closure glaucoma:In patients with angle-closure glaucoma, the immediate objective of treatment is to reopen the angle. This requires constricting the pupil. Timolol maleate has little or no effect on the pupil. Timolol maleate ophthalmic solution should not be used alone in the treatment of angle-closure glaucoma.Anaphylaxis:While taking beta-blockers, patients with a history of atopy or a history of severe anaphylactic reactions to a variety of allergens may be more reactive to repeated accidental, diagnostic, or therapeutic challenge with such allergens. Such patients may be unresponsive to the usual doses of epinephrine used to treat anaphylactic reactions.Muscle Weakness:Beta-adrenergic blockade has been reported to potentiate muscle weakness consistent with certain myasthenic symptoms (e.g., diplopia, ptosis, and generalized weakness). Timolol has been reported rarely to increase muscle weakness in some patients with myasthenia gravis or myasthenic symptoms.\n\nInformation for Patients:\nPatients should be instructed to avoid allowing the tip of the dispensing container to contact the eye or surrounding structures.Patients should also be instructed that ocular solutions, if handled improperly or if the tip of the dispensing container contacts the eye or surrounding structures, can become contaminated by common bacteria known to cause ocular infections. Serious damage to the eye and subsequent loss of vision may result from using contaminated solutions [seePRECAUTIONS, General].Patients should also be advised that if they have ocular surgery or develop an intercurrent ocular condition (e.g., trauma or infection), they should immediately seek their physician's advice concerning the continued use of the present multidose container.Patients with bronchial asthma, a history of bronchial asthma, severe chronic obstructive pulmonary disease, sinus bradycardia, second or third degree atrioventricular block, or cardiac failure should be advised not to take this product [seeCONTRAINDICATIONS].Patients should be advised that timolol maleate ophthalmic solution contains benzalkonium chloride which may be absorbed by soft contact lenses. Contact lenses should be removed prior to administration of the solution. Lenses may be reinserted 15 minutes following timolol maleate ophthalmic solution administration.\n\nCarcinogenesis, Mutagenesis, Impairment of Fertility:\nIn a two-year study of timolol maleate administered orally to rats, there was a statistically significant increase in the incidence of adrenal pheochromocytomas in male rats administered 300 mg/kg/day (approximately 42,000 times the systemic exposure following the maximum recommended human ophthalmic dose). Similar differences were not observed in rats administered oral doses equivalent to approximately 14,000 times the maximum recommended human ophthalmic dose.\n\nIn a lifetime oral study in mice, there were statistically significant increases in the incidence of benign and malignant pulmonary tumors, benign uterine polyps and mammary adenocarcinomas in female mice at 500 mg/kg/day, (approximately 71,000 times the systemic exposure following the maximum recommended human ophthalmic dose), but not at 5 or 50 mg/kg/day (approximately 700 or 7,000, respectively, times the systemic exposure following the maximum recommended human ophthalmic dose). In a subsequent study in female mice, in which postmortem examinations were limited to the uterus and the lungs, a statistically significant increase in the incidence of pulmonary tumors was again observed at 500 mg/kg/day.\n\nThe increased occurrence of mammary adenocarcinomas was associated with elevations in serum prolactin which occurred in female mice administered oral timolol at 500 mg/kg/day, but not at doses of 5 or 50 mg/kg/day. An increased incidence of mammary adenocarcinomas in rodents has been associated with administration of several other therapeutic agents that elevate serum prolactin, but no correlation between serum prolactin levels and mammary tumors has been established in humans. Furthermore, in adult human female subjects who received oral dosages of up to 60 mg of timolol maleate (the maximum recommended human oral dosage), there were no clinically meaningful changes in serum prolactin.\n\nTimolol maleate was devoid of mutagenic potential when testedin vivo(mouse) in the micronucleus test and cytogenetic assay (doses up to 800 mg/kg) andin vitroin a neoplastic cell transformation assay (up to 100 mcg/mL). In Ames tests the highest concentrations of timolol employed, 5,000 or 10,000 mcg/plate, were associated with statistically significant elevations of revertants observed with tester strain TA100 (in seven replicate assays), but not in the remaining three strains. In the assays with tester strain TA100, no consistent dose response relationship was observed, and the ratio of test to control revertants did not reach 2. A ratio of 2 is usually considered the criterion for a positive Ames test.\n\nReproduction and fertility studies in rats demonstrated no adverse effect on male or female fertility at doses up to 21,000 times the systemic exposure following the maximum recommended human ophthalmic dose.\n\nPregnancy:\nTeratogenic Effects-Teratogenicity studies with timolol in mice, rats, and rabbits at oral doses up to 50 mg/kg/day (7,000 times the systemic exposure following the maximum recommended human ophthalmic dose) demonstrated no evidence of fetal malformations. Although delayed fetal ossification was observed at this dose in rats, there were no adverse effects on postnatal development of offspring. Doses of 1,000 mg/kg/day (142,000 times the systemic exposure following the maximum recommended human ophthalmic dose) were maternotoxic in mice and resulted in an increased number of fetal resorptions. Increased fetal resorptions were also seen in rabbits at doses of 14,000 times the systemic exposure following the maximum recommended human ophthalmic dose, in this case without apparent maternotoxicity.\n\nThere are no adequate and well-controlled studies in pregnant women. Timolol maleateophthalmic solution should be used during pregnancy only if the potential benefit justifies the potential risk to the fetus.\n\nNursing Mothers:\nTimolol maleate has been detected in human milk following oral and ophthalmic drug administration. Because of the potential for serious adverse reactions from timolol maleateophthalmic solution in nursing infants, a decision should be made whether to discontinue nursing or to discontinue the drug, taking into account the importance of the drug to the mother.\n\nPediatric Use:\nSafety and effectiveness of timolol maleate ophthalmic solution have been established when administered in pediatric patients aged 2 years and older. Use of timolol maleate ophthalmic solution in these children is supported by evidence from adequate and well controlled studies in children and adults. Safety and efficacy in pediatric patients below the age of 2 years have not been established.\n\nGeriatric Use:\nNo overall differences in safety or effectiveness have been observed between elderly and younger patients.\n\nSafety:\nReport Adverse\n                        Events,FDA Safety Recalls,Presence in Breast Milk\n\nRelated Resources:\nMedline Plus,Clinical Trials,PubMed,Biochemical Data Summary\n\nMore Info on this Drug:\nView Labeling Archives,RxNorm,Get Label RSS Feed,View NDC Code(s)NEW!\n\nTo receive this label RSS feed:\nCopy the URL below and paste it into your RSS Reader application.https://dailymed.nlm.nih.gov/dailymed/labelrss.cfm?setid=6c9f3971-8c07-4d3a-915d-76438baa2a0bTo receive all DailyMed Updates for the last seven daysCopy the URL below and paste it into your RSS Reader application.https://dailymed.nlm.nih.gov/dailymed/rss.cfmWhat will I get with the DailyMed RSS feed?DailyMed will deliver notification of updates and additions to Drug Label information currently shown on this site through its RSS feed.DailyMed will deliver this notification to your desktop, Web browser, or e-mail depending on the RSS Reader you select to use. To view updated drug label links, paste the RSS feed address (URL) shown below into a RSS reader, or use a browser which supports RSS feeds, such as Safari for Mac OS X.How to discontinue the RSS feedIf you no longer wish to have this DailyMed RSS service, simply delete the copied URL from your RSS Reader.More about getting RSS News & Updates from DailyMed\n\nhttps://dailymed.nlm.nih.gov/dailymed/labelrss.cfm?setid=6c9f3971-8c07-4d3a-915d-76438baa2a0b\n\nCopy the URL below and paste it into your RSS Reader application.\n\nhttps://dailymed.nlm.nih.gov/dailymed/rss.cfm\n\nDailyMed will deliver notification of updates and additions to Drug Label information currently shown on this site through its RSS feed.\n\nDailyMed will deliver this notification to your desktop, Web browser, or e-mail depending on the RSS Reader you select to use. To view updated drug label links, paste the RSS feed address (URL) shown below into a RSS reader, or use a browser which supports RSS feeds, such as Safari for Mac OS X.\n\nIf you no longer wish to have this DailyMed RSS service, simply delete the copied URL from your RSS Reader.\n\nTo receive all DailyMed Updates for the last seven days:\nCopy the URL below and paste it into your RSS Reader application.\n\nhttps://dailymed.nlm.nih.gov/dailymed/rss.cfm\n\nWhat will I get with the DailyMed RSS feed?:\nDailyMed will deliver notification of updates and additions to Drug Label information currently shown on this site through its RSS feed.\n\nDailyMed will deliver this notification to your desktop, Web browser, or e-mail depending on the RSS Reader you select to use. To view updated drug label links, paste the RSS feed address (URL) shown below into a RSS reader, or use a browser which supports RSS feeds, such as Safari for Mac OS X.\n\nHow to discontinue the RSS feed:\nIf you no longer wish to have this DailyMed RSS service, simply delete the copied URL from your RSS Reader.\n\nWhy is DailyMed no longer displaying pill images on the Search Results and Drug Info pages?:\nDue to inconsistencies between the drug labels on DailyMed and the pill images provided byRxImage, we no longer display the RxImage pill images associated with drug labels.\n\nWe anticipate reposting the images once we are able identify and filter out images that do not match the information provided in the drug labels."
  }
}