{
  "name": "Travoprost Ophthalmic Solution, USP",
  "url": "https://www.microlabsusa.com/products/travoprost-ophthalmic-solution-usp/",
  "scraped_at": "2024-12-04T11:44:15.371487",
  "prescribing_info": {
    "indications_and_usage": "Travoprost ophthalmic solution 0.004% (ionic buffered solution) is a prostaglandin analog indicated for the reduction of elevated intraocular pressure in patients with open-angle glaucoma or ocular hypertension. (1)",
    "dosage_and_administration": "One drop in the affected eye(s) once daily in the evening. (2)",
    "dosage_forms_and_strengths": "Ophthalmic solution containing travoprost 0.04 mg/mL. (3)",
    "contraindications": "None (4)",
    "warnings_and_precautions": "- Pigmentation: Pigmentation of the iris, periorbital tissue (eyelid), and eyelashes can occur. Iris pigmentation likely to be permanent. (5.1)\n- Eyelash Changes: Gradual change to eyelashes including increased length, thickness and number of lashes. Usually reversible. (5.2)",
    "adverse_reactions": "Most common adverse reaction (30% to 50%) is conjunctival hyperemia. (6.1)To report SUSPECTED ADVERSE REACTIONS, contact Micro Labs USA, Inc. at 1-855-839-8195 or FDA at 1-800-FDA-1088 orwww.fda.gov/medwatch.",
    "drug_interactions": "",
    "use_in_specific_populations": "Use in pediatric patients below the age of 16 years is not recommended because of potential safety concerns related to increased pigmentation following long-term chronic use. (8.4)",
    "description": "",
    "clinical_pharmacology": "",
    "how_supplied": "",
    "other_information": "View Package Photos:\n- \n- \n- \n\n- \n- \n\nSafety:\n- Report Adverse Events\n- FDA Safety Recalls\n- Presence in Breast Milk\n\nRelated Resources:\n- Medline Plus\n- Clinical Trials\n- PubMedAll\n                                            CitationsAdverse EffectsTherapeutic UsePharmacologyClinical Trials\n- All\n                                            Citations\n- Adverse Effects\n- Therapeutic Use\n- Pharmacology\n- Clinical Trials\n- Biochemical Data Summary\n\n- All\n                                            Citations\n- Adverse Effects\n- Therapeutic Use\n- Pharmacology\n- Clinical Trials\n\nMore Info For This Drug:\n- View Labeling Archives\n- RxNorm\n- Get Label RSS Feed\n- View NDC Code(s)NEW!\n\nDrug Label Information:\nUpdated\n                    August 12, 2022\n\nIf you are a consumer or patient please visitthis version.\n\n- Download DRUG LABEL INFO:PDFXML\n- Official Label (Printer Friendly)\n\n- HIGHLIGHTS OF PRESCRIBING INFORMATIONThese highlights do not include all the information needed to use TRAVOPROST OPHTHALMIC SOLUTION (Ionic Buffered Solution) safely and effectively. See full prescribing information for TRAVOPROST OPHTHALMIC SOLUTION (Ionic Buffered Solution).TRAVOPROST ophthalmic solution (ionic buffered solution), for topical ophthalmic useInitial U.S. Approval: 2001INDICATIONS AND USAGEDOSAGE AND ADMINISTRATIONDOSAGE FORMS AND STRENGTHSCONTRAINDICATIONSWARNINGS AND PRECAUTIONSADVERSE REACTIONSUSE IN SPECIFIC POPULATIONSSee 17 for PATIENT COUNSELING INFORMATION.Revised: 1/2022\n- Table of ContentsFULL PRESCRIBING INFORMATION: CONTENTS*1 INDICATIONS AND USAGE2 DOSAGE AND ADMINISTRATION3 DOSAGE FORMS AND STRENGTHS4 CONTRAINDICATIONS5 WARNINGS AND PRECAUTIONS5.1 Pigmentation5.2 Eyelash Changes5.3 Intraocular Inflammation5.4 Macular Edema5.5 Angle-closure, Inflammatory or Neovascular Glaucoma5.6 Bacterial Keratitis5.7 Use with Contact Lenses6 ADVERSE REACTIONS6.1 Clinical Trials Experience6.2 Postmarketing Experience8 USE IN SPECIFIC POPULATIONS8.1 Pregnancy8.2 Lactation8.4 Pediatric Use8.5 Geriatric Use8.6 Hepatic and Renal Impairment11 DESCRIPTION12 CLINICAL PHARMACOLOGY12.1 Mechanism of Action12.3 Pharmacokinetics13 NONCLINICAL TOXICOLOGY13.1 Carcinogenesis, Mutagenesis, Impairment of Fertility14 CLINICAL STUDIES16 HOW SUPPLIED/STORAGE AND HANDLING17 PATIENT COUNSELING INFORMATION*Sections or subsections omitted from the full prescribing information are not listed.\n- 1 INDICATIONS AND USAGETravoprost ophthalmic solution 0.004% (ionic buffered solution) is indicated for the reduction of elevated intraocular pressure (IOP) in patients with open-angle glaucoma or ocular hypertension.\n- 2 DOSAGE AND ADMINISTRATIONThe recommended dosage is one drop in the affected eye(s) once daily in the evening. Travoprost ophthalmic solution 0.004% (ionic buffered solution) should not be administered more than once daily since it has been shown that more frequent administration of prostaglandin analogs may decrease the IOP lowering effect.Reduction of the IOP starts approximately 2 hours after the first administration with maximum effect reached after 12 hours.Travoprost ophthalmic solution 0.004% (ionic buffered solution) may be used concomitantly with other topical ophthalmic drug products to lower IOP. If more than one topical ophthalmic drug is being used, the drugs should be administered at least 5 minutes apart.\n- 3 DOSAGE FORMS AND STRENGTHSOphthalmic solution containing travoprost USP, 0.04 mg/mL.\n- 4 CONTRAINDICATIONSNone.\n- 5 WARNINGS AND PRECAUTIONS5.1 PigmentationTravoprost ophthalmic solution has been reported to cause changes to pigmented tissues. The most frequently reported changes have been increased pigmentation of the iris, periorbital tissue (eyelid), and eyelashes. Pigmentation is expected to increase as long as travoprost is administered. The pigmentation change is due to increased melanin content in the melanocytes rather than to an increase in the number of melanocytes. After discontinuation of travoprost, pigmentation of the iris is likely to be permanent, while pigmentation of the periorbital tissue and eyelash changes have been reported to be reversible in some patients. Patients who receive treatment should be informed of the possibility of increased pigmentation. The long-term effects of increased pigmentation are not known.Iris color change may not be noticeable for several months to years. Typically, the brown pigmentation around the pupil spreads concentrically towards the periphery of the iris and the entire iris or parts of the iris become more brownish. Neither nevi nor freckles of the iris appear to be affected by treatment. While treatment with travoprost ophthalmic solution 0.004% (ionic buffered solution) can be continued in patients who develop noticeably increased iris pigmentation, these patients should be examined regularly[seePatient Counseling Information (17)].5.2 Eyelash ChangesTravoprost ophthalmic solution 0.004% (ionic buffered solution) may gradually change eyelashes and vellus hair in the treated eye. These changes include increased length, thickness, and number of lashes. Eyelash changes are usually reversible upon discontinuation of treatment[seePatient Counseling Information (17)].5.3 Intraocular InflammationTravoprost ophthalmic solution 0.004% (ionic buffered solution) should be used with caution in patients with active intraocular inflammation (e.g., uveitis) because the inflammation may be exacerbated.5.4 Macular EdemaMacular edema, including cystoid macular edema, has been reported during treatment with travoprost ophthalmic solution. Travoprost ophthalmic solution 0.004% (ionic buffered solution) should be used with caution in aphakic patients, in pseudophakic patients with a torn posterior lens capsule, or in patients with known risk factors for macular edema.5.5 Angle-closure, Inflammatory or Neovascular GlaucomaTravoprost ophthalmic solution 0.004% (ionic buffered solution)has not been evaluated for the treatment of angle-closure, inflammatory or neovascular glaucoma.5.6 Bacterial KeratitisThere have been reports of bacterial keratitis associated with the use of multiple-dose containers of topical ophthalmic products. These containers had been inadvertently contaminated by patients who, in most cases, had a concurrent corneal disease or a disruption of the ocular epithelial surface[seePatient Counseling Information (17)].5.7 Use with Contact LensesContact lenses should be removed prior to instillation of travoprost ophthalmic solution 0.004% (ionic buffered solution) and may be reinserted 15 minutes following its administration.\n- 6 ADVERSE REACTIONS6.1 Clinical Trials ExperienceBecause clinical trials are conducted under widely varying conditions, adverse reaction rates observed in the clinical trials of a drug cannot be directly compared to rates in the clinical trials of another drug and may not reflect the rates observed in practice.The most common adverse reaction observed in controlled clinical trials with travoprost ophthalmic solution 0.004% and travoprost ophthalmic solution 0.004% (ionic buffered solution) was ocular hyperemia, which was reported in 30% to 50% of patients. Up to 3% of patients discontinued therapy due to conjunctival hyperemia. Ocular adverse reactions reported at an incidence of 5% to 10% in these clinical trials included decreased visual acuity, eye discomfort, foreign body sensation, pain, and pruritus.Ocular adverse reactions reported at an incidence of 1% to 4% in clinical trials with travoprost ophthalmic solution 0.004% or travoprost ophthalmic solution 0.004% (ionic buffered solution) included abnormal vision, blepharitis, blurred vision, cataract, conjunctivitis, corneal staining, dry eye, iris discoloration, keratitis, lid margin crusting, ocular inflammation, photophobia, subconjunctival hemorrhage, and tearing.Non-ocular adverse reactions reported at an incidence of 1% to 5% in these clinical studies were allergy, angina pectoris, anxiety, arthritis, back pain, bradycardia, bronchitis, chest pain, cold/flu syndrome, depression, dyspepsia, gastrointestinal disorder, headache, hypercholesterolemia, hypertension, hypotension, infection, pain, prostate disorder, sinusitis, urinary incontinence, and urinary tract infections.6.2 Postmarketing ExperienceAdditional adverse reactions have been identified during post approval use of travoprost ophthalmic solution 0.004% or travoprost ophthalmic solution 0.004% (ionic buffered solution) in clinical practice. Because they are reported voluntarily from a population of unknown size, estimates of frequency cannot be made. The reactions, which have been chosen for inclusion due to either their seriousness, frequency of reporting, possible causal connection to travoprost ophthalmic solution 0.004% or travoprost ophthalmic solution 0.004% (ionic buffered solution), or a combination of these factors, include: arrhythmia, vomiting, epistaxis, tachycardia, and insomnia.In postmarketing use with prostaglandin analogs, periorbital and lid changes including deepening of the eyelid sulcus have been observed.\n- 8 USE IN SPECIFIC POPULATIONS8.1 PregnancyRisk SummaryThere are no adequate and well-controlled studies in pregnant women to inform a drug-associated risk.In animal reproduction studies, subcutaneous (SC) administration of travoprost to pregnant mice and rats throughout the period of organogenesis produced embryo-fetal lethality, spontaneous abortion, and premature delivery at potentially clinically relevant doses.Advise pregnant women of a potential risk to a fetus. Because animal reproductive studies are not always predictive of human response, travoprost ophthalmic solution 0.004% (ionic buffered solution) should be administered during pregnancy only if the potential benefit justifies the potential risk to the fetus.The background risk of major birth defects and miscarriage for the indicated population is unknown; however, in the U.S. general population, the estimated background risk of major birth defects is 2% to 4% and of miscarriage is 15% to 20% of clinically recognized pregnancies.DataAnimal DataAn embryo-fetal study was conducted in pregnant rats administered travoprost once daily by SC injection from gestation day (GD) 6 to 18, to target the period of organogenesis. At 10 mcg/kg (60 times the maximum recommended human ocular dose [MRHOD], based on estimated plasma Cmax), travoprost was teratogenic in rats, evidenced by an increase in the incidence of skeletal malformations as well as external and visceral malformations, including fused sternebrae, domed head and hydrocephaly. Travoprost caused post-implantation loss at 10 mcg/kg. The no observed adverse effect level (NOAEL) for post-implantation loss was 3 mcg/kg (18 times the MRHOD, based on estimated plasma Cmax). The maternal NOAEL was 10 mcg/kg.An embryo-fetal study was conducted in pregnant mice administered travoprost once daily by SC injection from GD 6 to 11, to target the period of organogenesis. At 1 mcg/kg (6 times the MRHOD, based on estimated plasma Cmax), travoprost caused postimplantation loss and decreased fetal weight. The no observed adverse effect level (NOAEL) for malformations was 0.3 mcg/kg (2 times the MRHOD, based on estimated plasma Cmax). The maternal NOAEL was 1 mcg/kg.Pre/postnatal studies were conducted in rats administered travoprost once daily by subcutaneous injection from GD 7 (early embryonic period) to postnatal Day 21 (end of lactation period). At doses of greater than or equal to 0.12 mcg/kg/day (0.7 times the MRHOD, based on estimated plasma Cmax), adverse pregnancy outcomes (embryo-fetal lethality, abortion, and early delivery), low-birth weight and developmental delays were observed. The NOAEL for adverse pregnancy outcomes, low-birth weight and developmental delay was 0.1 mcg/kg (0.6 times the MHROD, based on estimated plasma Cmax). The NOAEL for maternal toxicity was 0.72 mcg/kg (4 times the MHROD, based on estimated plasma Cmax).8.2 LactationRisk SummaryThere are no data on the effects of travoprost on the breastfed child or milk production. It is not known if travoprost is present in human milk following ophthalmic administration. A study in lactating rats demonstrated that radio-labeled travoprost and/or its metabolites were excreted in milk following subcutaneous administration.The developmental and health benefits of breastfeeding should be considered along with the mother’s clinical need for travoprost ophthalmic solution 0.004% (ionic buffered solution) and any potential adverse effects on the breast-fed child from travoprost ophthalmic solution 0.004% (ionic buffered solution).8.4 Pediatric UseUse in pediatric patients below the age of 16 years is not recommended because of potential safety concerns related to increased pigmentation following long-term chronic use.8.5 Geriatric UseNo overall clinical differences in safety or effectiveness have been observed between elderly and other adult patients.8.6 Hepatic and Renal ImpairmentTravoprost ophthalmic solution 0.004% has been studied in patients with hepatic impairment and also in patients with renal impairment. No clinically relevant changes in hematology, blood chemistry, or urinalysis laboratory data were observed in these patients.\n- 11 DESCRIPTIONTravoprost is a synthetic prostaglandin F analog. Its chemical name is [1R-[1α(Z),2β(1E,3R*),3α,5α]]-7-[3,5-Dihydroxy-2-[3-hydroxy-4-[3-(trifluoromethyl)phenoxy]-1-butenyl]cyclopentyl]-5-heptenoic acid, 1-methylethylester. It has a molecular formula of C26H35F3O6and a molecular weight of 500.55 g/mol. The chemical structure of travoprost is:Travoprost, USP is a clear, colorless to slightly yellow oil that is very soluble in acetonitrile, methanol, octanol, and chloroform. It is practically insoluble in water.Travoprost ophthalmic solution USP, 0.004% (ionic buffered solution) is supplied as sterile, buffered aqueous solution of travoprost with a pH of approximately 5.7 and an osmolality of approximately 290 mOsmol/kg.Each mL of travoprost ophthalmic solution USP, 0.004% (ionic buffered solution) containsActive:travoprost USP, 0.04 mg/mL;Inactives:Polyoxyl 40 hydrogenated castor oil, boric acid, propylene glycol, sorbitol, zinc chloride, sodium hydroxide and/or hydrochloric acid (to adjust pH) and water for injection.\n- 12 CLINICAL PHARMACOLOGY12.1 Mechanism of ActionTravoprost free acid, a prostaglandin analog is a selective FP prostanoid receptor agonist which is believed to reduce IOP by increasing uveoscleral outflow. The exact mechanism of action is unknown at this time.12.3 PharmacokineticsTravoprost is absorbed through the cornea and is hydrolyzed to the active free acid. Data from 4 multiple dose pharmacokinetic studies (totaling 107 subjects) have shown that plasma concentrations of the free acid are below 0.01 ng/mL (the quantitation limit of the assay) in two-thirds of the subjects. In those individuals with quantifiable plasma concentrations (N = 38), the mean plasma Cmaxwas 0.018 ± 0.007 ng/mL (ranged 0.01 to 0.052 ng/mL) and was reached within 30 minutes. From these studies, travoprost is estimated to have a plasma half-life of 45 minutes. There was no difference in plasma concentrations between Days 1 and 7, indicating steady-state was reached early and that there was no significant accumulation.Travoprost, an isopropyl ester prodrug, is hydrolyzed by esterases in the cornea to its biologically active free acid. Systemically, travoprost free acid is metabolized to inactive metabolites via beta-oxidation of the α (carboxylic acid) chain to give the 1,2-dinor and 1,2,3,4-tetranor analogs, via oxidation of the 15-hydroxyl moiety, as well as via reduction of the 13, 14 double bond.The elimination of travoprost free acid from plasma was rapid and levels were generally below the limit of quantification within one hour after dosing. The terminal elimination half-life of travoprost free acid was estimated from fourteen subjects and ranged from 17 minutes to 86 minutes with the mean half-life of 45 minutes. Less than 2% of the topical ocular dose of travoprost was excreted in the urine within 4 hours as the travoprost free acid.\n- 13 NONCLINICAL TOXICOLOGY13.1 Carcinogenesis, Mutagenesis, Impairment of FertilityTwo-year carcinogenicity studies in mice and rats at subcutaneous doses of 10, 30, or 100 mcg/kg/day did not show any evidence of carcinogenic potential. However, at 100 mcg/kg/day, male rats were only treated for 82 weeks, and the maximum tolerated dose (MTD) was not reached in the mouse study. The high dose (100 mcg/kg) corresponds to exposure levels 326 times (mouse) and 547 times (rat) the human exposure at the MRHOD of 0.04 mcg/kg, based on estimated plasma Cmaxfor active travoprost free acid.Travoprost was not mutagenic in the Ames test, mouse micronucleus test or rat chromosome aberration assay. A slight increase in the mutant frequency was observed in one of two mouse lymphoma assays in the presence of rat S-9 activation enzymes.Travoprost did not affect mating or fertility indices in male or female rats at subcutaneous doses up to 3 mcg/kg/day (18 times the MRHOD based on estimated plasma Cmax). At 10 mcg/kg/day (60 times the MRHOD, based on estimated plasma Cmax), the mean number of corpora lutea was reduced, and the post-implantation losses were increased.\n- 14 CLINICAL STUDIESIn clinical studies, patients with open-angle glaucoma or ocular hypertension and baseline pressure of 25 to 27 mmHg, who were treated with travoprost ophthalmic solution 0.004% or travoprost ophthalmic solution 0.004% (ionic buffered solution) dosed once daily in the evening, demonstrated 7 to 8 mmHg reductions in IOP. In sub-group analyses of these studies, mean IOP reduction in black patients was up to 1.8 mmHg greater than in non-black patients. It is not known at this time whether this difference is attributed to race or to heavily pigmented irides.In a multi-center, randomized, controlled trial, patients with mean baseline IOP of 24 to 26 mmHg on TIMOPTIC** 0.5% twice daily who were treated with travoprost ophthalmic solution 0.004%  dosed daily adjunctively to TIMOPTIC** 0.5% twice daily demonstrated 6 to 7 mmHg reductions in IOP.\n- 16 HOW SUPPLIED/STORAGE AND HANDLINGTravoprost Ophthalmic Solution USP, 0.004% (Ionic Buffered Solution) is a sterile, isotonic, buffered, preserved, aqueous solution of travoprost, USP (0.04 mg/mL) supplied in 3 piece open nozzle container.Travoprost Ophthalmic Solution USP, 0.004% (Ionic Buffered Solution) is supplied as a 2.5 mL solution in a 5 mL and 5 mL solution in a 5 mL natural polypropylene container with a polypropylene open nozzle and an HDPE Turquoise color cap.NDC code:NDC 42571-130-27,               2.5 mL fill in 5 mLNDC 42571-130-21,               5 mL fill in 5 mLStorage:Store at 2° to 25°C (36° to 77°F).After opening, travoprost ophthalmic solution USP, 0.004% (ionic buffered solution) can be used until the expiration date on the bottle.\n- 17 PATIENT COUNSELING INFORMATIONPotential for PigmentationAdvise the patient about the potential for increased brown pigmentation of the iris, which may be permanent. Inform the patient about the possibility of eyelid skin darkening, which may be reversible after discontinuation of travoprost ophthalmic solution 0.004% (ionic buffered solution)[seeWarnings and Precautions (5.1)].Potential for Eyelash ChangesInform the patient about the possibility of eyelash and vellus hair changes in the treated eye during treatment with travoprost ophthalmic solution 0.004% (ionic buffered solution). These changes may result in a disparity between eyes in length, thickness, pigmentation, number of eyelashes or vellus hairs, and/or direction of eyelash growth. Eyelash changes are usually reversible upon discontinuation of treatment[seeWarnings and Precautions (5.2)].Handling the ContainerInstruct the patient to avoid allowing the tip of the dispensing container to contact the eye, surrounding structures, fingers, or any other surface in order to avoid contamination of the solution by common bacteria known to cause ocular infections. Serious damage to the eye and subsequent loss of vision may result from using contaminated solutions[seeWarnings and Precautions (5.6)].When to Seek Physician AdviceAdvise the patient that if they develop an intercurrent ocular condition (e.g., trauma or infection), have ocular surgery, or develop any ocular reactions, particularly conjunctivitis and eyelid reactions, they should immediately seek their physician's advice concerning the continued use of travoprost ophthalmic solution 0.004% (ionic buffered solution)[seeWarnings and Precautions(5.3,5.4,5.5)].Use with Contact LensesContact lenses should be removed prior to instillation of travoprost ophthalmic solution 0.004% (ionic buffered solution) and may be reinserted 15 minutes following its administration[seeWarnings and Precautions (5.7)].Use with Other Ophthalmic DrugsIf more than one topical ophthalmic drug is being used, the drugs should be administered at least 5 minutes between applications.TIMOPTIC** is a registered trademark of Merck & Co., Inc.DROP-TAINER is a trademark of Alcon\n- INSTRUCTIONS FOR USE:Travoprost Ophthalmic Solution USP, 0.004% (Ionic Buffered Solution)Before you useTravoprost Ophthalmic Solution USP, 0.004% (Ionic Buffered Solution)for the first time:1.  Check to make sure that the tamper evident ring between the bottle and the cap is not broken (See Figure A). If the tamper evident ring is broken or missing, contact your pharmacist.2.  Tear off the tamper evident ring (See Figure B).3.  To open the bottle, remove the cap by turning it in the counter clockwise direction (See Figure C).This Instructions for Use has been approved by the U.S. Food and Drug Administration.Manufactured by:Micro Labs LimitedBangalore-560099. INDIA.Manufactured for:Micro Labs USA, Inc.Somerset, NJ 08873Rev. 01/2022\n- PACKAGE LABEL.PRINCIPAL DISPLAY PANELNDC 42571-130-27Travoprost Ophthalmic SolutionUSP, 0.004%(Ionic Buffered Solution)For Use in the Eyes Only.2.5 mLMicro Labs LimitedNDC 42571-130-27Travoprost Ophthalmic SolutionUSP, 0.004%(Ionic Buffered Solution)For Use in the Eyes OnlyRx Only2.5 mLThis package is Not Child ResistantMicro Labs Limited\n- INGREDIENTS AND APPEARANCETRAVOPROST OPHTHALMICtravoprost ophthalmic solution solutionProduct InformationProduct TypeHUMAN PRESCRIPTION DRUGItem Code (Source)NDC:42571-130Route of AdministrationOPHTHALMICActive Ingredient/Active MoietyIngredient NameBasis of StrengthStrengthTRAVOPROST(UNII: WJ68R08KX9)  (TRAVOPROST - UNII:WJ68R08KX9)TRAVOPROST0.04 mg  in 1 mLInactive IngredientsIngredient NameStrengthPOLYOXYL 40 HYDROGENATED CASTOR OIL(UNII: 7YC686GQ8F)BORIC ACID(UNII: R57ZHV85D4)PROPYLENE GLYCOL(UNII: 6DC9Q167V3)SORBITOL(UNII: 506T60A25R)ZINC CHLORIDE(UNII: 86Q357L16B)SODIUM HYDROXIDE(UNII: 55X04QC32I)HYDROCHLORIC ACID(UNII: QTT17582CB)WATER(UNII: 059QF0KO0R)CASTOR OIL(UNII: D5340Y2I9G)Packaging#Item CodePackage DescriptionMarketing Start DateMarketing End Date1NDC:42571-130-272.5  in 1 CARTON04/15/202112.5 mL in 1 BOTTLE; Type 0: Not a Combination Product2NDC:42571-130-215  in 1 CARTON04/15/202125 mL in 1 BOTTLE; Type 0: Not a Combination ProductMarketing InformationMarketing CategoryApplication Number or Monograph CitationMarketing Start DateMarketing End DateANDAANDA20376704/15/2021Labeler -Micro Labs Limited\n\t\t\t\t\t\t\t(862174955)Registrant -Micro Labs Limited (862174955)EstablishmentNameAddressID/FEIBusiness OperationsMicro Labs Limited677600482manufacture(42571-130)\n\nSee 17 for PATIENT COUNSELING INFORMATION.\n\nRevised: 1/2022\n\nTravoprost ophthalmic solution 0.004% (ionic buffered solution) is indicated for the reduction of elevated intraocular pressure (IOP) in patients with open-angle glaucoma or ocular hypertension.\n\nThe recommended dosage is one drop in the affected eye(s) once daily in the evening. Travoprost ophthalmic solution 0.004% (ionic buffered solution) should not be administered more than once daily since it has been shown that more frequent administration of prostaglandin analogs may decrease the IOP lowering effect.\n\nReduction of the IOP starts approximately 2 hours after the first administration with maximum effect reached after 12 hours.\n\nTravoprost ophthalmic solution 0.004% (ionic buffered solution) may be used concomitantly with other topical ophthalmic drug products to lower IOP. If more than one topical ophthalmic drug is being used, the drugs should be administered at least 5 minutes apart.\n\nOphthalmic solution containing travoprost USP, 0.04 mg/mL.\n\nNone.\n\nTravoprost ophthalmic solution has been reported to cause changes to pigmented tissues. The most frequently reported changes have been increased pigmentation of the iris, periorbital tissue (eyelid), and eyelashes. Pigmentation is expected to increase as long as travoprost is administered. The pigmentation change is due to increased melanin content in the melanocytes rather than to an increase in the number of melanocytes. After discontinuation of travoprost, pigmentation of the iris is likely to be permanent, while pigmentation of the periorbital tissue and eyelash changes have been reported to be reversible in some patients. Patients who receive treatment should be informed of the possibility of increased pigmentation. The long-term effects of increased pigmentation are not known.\n\nIris color change may not be noticeable for several months to years. Typically, the brown pigmentation around the pupil spreads concentrically towards the periphery of the iris and the entire iris or parts of the iris become more brownish. Neither nevi nor freckles of the iris appear to be affected by treatment. While treatment with travoprost ophthalmic solution 0.004% (ionic buffered solution) can be continued in patients who develop noticeably increased iris pigmentation, these patients should be examined regularly[seePatient Counseling Information (17)].\n\nTravoprost ophthalmic solution 0.004% (ionic buffered solution) may gradually change eyelashes and vellus hair in the treated eye. These changes include increased length, thickness, and number of lashes. Eyelash changes are usually reversible upon discontinuation of treatment[seePatient Counseling Information (17)].\n\nTravoprost ophthalmic solution 0.004% (ionic buffered solution) should be used with caution in patients with active intraocular inflammation (e.g., uveitis) because the inflammation may be exacerbated.\n\nMacular edema, including cystoid macular edema, has been reported during treatment with travoprost ophthalmic solution. Travoprost ophthalmic solution 0.004% (ionic buffered solution) should be used with caution in aphakic patients, in pseudophakic patients with a torn posterior lens capsule, or in patients with known risk factors for macular edema.\n\nTravoprost ophthalmic solution 0.004% (ionic buffered solution)\n\nhas not been evaluated for the treatment of angle-closure, inflammatory or neovascular glaucoma.\n\nThere have been reports of bacterial keratitis associated with the use of multiple-dose containers of topical ophthalmic products. These containers had been inadvertently contaminated by patients who, in most cases, had a concurrent corneal disease or a disruption of the ocular epithelial surface[seePatient Counseling Information (17)].\n\nContact lenses should be removed prior to instillation of travoprost ophthalmic solution 0.004% (ionic buffered solution) and may be reinserted 15 minutes following its administration.\n\nBecause clinical trials are conducted under widely varying conditions, adverse reaction rates observed in the clinical trials of a drug cannot be directly compared to rates in the clinical trials of another drug and may not reflect the rates observed in practice.\n\nThe most common adverse reaction observed in controlled clinical trials with travoprost ophthalmic solution 0.004% and travoprost ophthalmic solution 0.004% (ionic buffered solution) was ocular hyperemia, which was reported in 30% to 50% of patients. Up to 3% of patients discontinued therapy due to conjunctival hyperemia. Ocular adverse reactions reported at an incidence of 5% to 10% in these clinical trials included decreased visual acuity, eye discomfort, foreign body sensation, pain, and pruritus.\n\nOcular adverse reactions reported at an incidence of 1% to 4% in clinical trials with travoprost ophthalmic solution 0.004% or travoprost ophthalmic solution 0.004% (ionic buffered solution) included abnormal vision, blepharitis, blurred vision, cataract, conjunctivitis, corneal staining, dry eye, iris discoloration, keratitis, lid margin crusting, ocular inflammation, photophobia, subconjunctival hemorrhage, and tearing.\n\nNon-ocular adverse reactions reported at an incidence of 1% to 5% in these clinical studies were allergy, angina pectoris, anxiety, arthritis, back pain, bradycardia, bronchitis, chest pain, cold/flu syndrome, depression, dyspepsia, gastrointestinal disorder, headache, hypercholesterolemia, hypertension, hypotension, infection, pain, prostate disorder, sinusitis, urinary incontinence, and urinary tract infections.\n\nAdditional adverse reactions have been identified during post approval use of travoprost ophthalmic solution 0.004% or travoprost ophthalmic solution 0.004% (ionic buffered solution) in clinical practice. Because they are reported voluntarily from a population of unknown size, estimates of frequency cannot be made. The reactions, which have been chosen for inclusion due to either their seriousness, frequency of reporting, possible causal connection to travoprost ophthalmic solution 0.004% or travoprost ophthalmic solution 0.004% (ionic buffered solution), or a combination of these factors, include: arrhythmia, vomiting, epistaxis, tachycardia, and insomnia.\n\nIn postmarketing use with prostaglandin analogs, periorbital and lid changes including deepening of the eyelid sulcus have been observed.\n\nRisk Summary\n\nThere are no adequate and well-controlled studies in pregnant women to inform a drug-associated risk.\n\nIn animal reproduction studies, subcutaneous (SC) administration of travoprost to pregnant mice and rats throughout the period of organogenesis produced embryo-fetal lethality, spontaneous abortion, and premature delivery at potentially clinically relevant doses.\n\nAdvise pregnant women of a potential risk to a fetus. Because animal reproductive studies are not always predictive of human response, travoprost ophthalmic solution 0.004% (ionic buffered solution) should be administered during pregnancy only if the potential benefit justifies the potential risk to the fetus.\n\nThe background risk of major birth defects and miscarriage for the indicated population is unknown; however, in the U.S. general population, the estimated background risk of major birth defects is 2% to 4% and of miscarriage is 15% to 20% of clinically recognized pregnancies.\n\nData\n\nAnimal Data\n\nAn embryo-fetal study was conducted in pregnant rats administered travoprost once daily by SC injection from gestation day (GD) 6 to 18, to target the period of organogenesis. At 10 mcg/kg (60 times the maximum recommended human ocular dose [MRHOD], based on estimated plasma Cmax), travoprost was teratogenic in rats, evidenced by an increase in the incidence of skeletal malformations as well as external and visceral malformations, including fused sternebrae, domed head and hydrocephaly. Travoprost caused post-implantation loss at 10 mcg/kg. The no observed adverse effect level (NOAEL) for post-implantation loss was 3 mcg/kg (18 times the MRHOD, based on estimated plasma Cmax). The maternal NOAEL was 10 mcg/kg.\n\nAn embryo-fetal study was conducted in pregnant mice administered travoprost once daily by SC injection from GD 6 to 11, to target the period of organogenesis. At 1 mcg/kg (6 times the MRHOD, based on estimated plasma Cmax), travoprost caused postimplantation loss and decreased fetal weight. The no observed adverse effect level (NOAEL) for malformations was 0.3 mcg/kg (2 times the MRHOD, based on estimated plasma Cmax). The maternal NOAEL was 1 mcg/kg.\n\nPre/postnatal studies were conducted in rats administered travoprost once daily by subcutaneous injection from GD 7 (early embryonic period) to postnatal Day 21 (end of lactation period). At doses of greater than or equal to 0.12 mcg/kg/day (0.7 times the MRHOD, based on estimated plasma Cmax), adverse pregnancy outcomes (embryo-fetal lethality, abortion, and early delivery), low-birth weight and developmental delays were observed. The NOAEL for adverse pregnancy outcomes, low-birth weight and developmental delay was 0.1 mcg/kg (0.6 times the MHROD, based on estimated plasma Cmax). The NOAEL for maternal toxicity was 0.72 mcg/kg (4 times the MHROD, based on estimated plasma Cmax).\n\nRisk Summary\n\nThere are no data on the effects of travoprost on the breastfed child or milk production. It is not known if travoprost is present in human milk following ophthalmic administration. A study in lactating rats demonstrated that radio-labeled travoprost and/or its metabolites were excreted in milk following subcutaneous administration.\n\nThe developmental and health benefits of breastfeeding should be considered along with the mother’s clinical need for travoprost ophthalmic solution 0.004% (ionic buffered solution) and any potential adverse effects on the breast-fed child from travoprost ophthalmic solution 0.004% (ionic buffered solution).\n\nUse in pediatric patients below the age of 16 years is not recommended because of potential safety concerns related to increased pigmentation following long-term chronic use.\n\nNo overall clinical differences in safety or effectiveness have been observed between elderly and other adult patients.\n\nTravoprost ophthalmic solution 0.004% has been studied in patients with hepatic impairment and also in patients with renal impairment. No clinically relevant changes in hematology, blood chemistry, or urinalysis laboratory data were observed in these patients.\n\nTravoprost is a synthetic prostaglandin F analog. Its chemical name is [1R-[1α(Z),2β(1E,3R*),3α,5α]]-7-[3,5-Dihydroxy-2-[3-hydroxy-4-[3-(trifluoromethyl)phenoxy]-1-butenyl]cyclopentyl]-5-heptenoic acid, 1-methylethylester. It has a molecular formula of C26H35F3O6and a molecular weight of 500.55 g/mol. The chemical structure of travoprost is:\n\nTravoprost, USP is a clear, colorless to slightly yellow oil that is very soluble in acetonitrile, methanol, octanol, and chloroform. It is practically insoluble in water.\n\nTravoprost ophthalmic solution USP, 0.004% (ionic buffered solution) is supplied as sterile, buffered aqueous solution of travoprost with a pH of approximately 5.7 and an osmolality of approximately 290 mOsmol/kg.\n\nEach mL of travoprost ophthalmic solution USP, 0.004% (ionic buffered solution) contains\n\nActive:travoprost USP, 0.04 mg/mL;\n\nInactives:Polyoxyl 40 hydrogenated castor oil, boric acid, propylene glycol, sorbitol, zinc chloride, sodium hydroxide and/or hydrochloric acid (to adjust pH) and water for injection.\n\nTravoprost free acid, a prostaglandin analog is a selective FP prostanoid receptor agonist which is believed to reduce IOP by increasing uveoscleral outflow. The exact mechanism of action is unknown at this time.\n\nTravoprost is absorbed through the cornea and is hydrolyzed to the active free acid. Data from 4 multiple dose pharmacokinetic studies (totaling 107 subjects) have shown that plasma concentrations of the free acid are below 0.01 ng/mL (the quantitation limit of the assay) in two-thirds of the subjects. In those individuals with quantifiable plasma concentrations (N = 38), the mean plasma Cmaxwas 0.018 ± 0.007 ng/mL (ranged 0.01 to 0.052 ng/mL) and was reached within 30 minutes. From these studies, travoprost is estimated to have a plasma half-life of 45 minutes. There was no difference in plasma concentrations between Days 1 and 7, indicating steady-state was reached early and that there was no significant accumulation.\n\nTravoprost, an isopropyl ester prodrug, is hydrolyzed by esterases in the cornea to its biologically active free acid. Systemically, travoprost free acid is metabolized to inactive metabolites via beta-oxidation of the α (carboxylic acid) chain to give the 1,2-dinor and 1,2,3,4-tetranor analogs, via oxidation of the 15-hydroxyl moiety, as well as via reduction of the 13, 14 double bond.\n\nThe elimination of travoprost free acid from plasma was rapid and levels were generally below the limit of quantification within one hour after dosing. The terminal elimination half-life of travoprost free acid was estimated from fourteen subjects and ranged from 17 minutes to 86 minutes with the mean half-life of 45 minutes. Less than 2% of the topical ocular dose of travoprost was excreted in the urine within 4 hours as the travoprost free acid.\n\nTwo-year carcinogenicity studies in mice and rats at subcutaneous doses of 10, 30, or 100 mcg/kg/day did not show any evidence of carcinogenic potential. However, at 100 mcg/kg/day, male rats were only treated for 82 weeks, and the maximum tolerated dose (MTD) was not reached in the mouse study. The high dose (100 mcg/kg) corresponds to exposure levels 326 times (mouse) and 547 times (rat) the human exposure at the MRHOD of 0.04 mcg/kg, based on estimated plasma Cmaxfor active travoprost free acid.\n\nTravoprost was not mutagenic in the Ames test, mouse micronucleus test or rat chromosome aberration assay. A slight increase in the mutant frequency was observed in one of two mouse lymphoma assays in the presence of rat S-9 activation enzymes.\n\nTravoprost did not affect mating or fertility indices in male or female rats at subcutaneous doses up to 3 mcg/kg/day (18 times the MRHOD based on estimated plasma Cmax). At 10 mcg/kg/day (60 times the MRHOD, based on estimated plasma Cmax), the mean number of corpora lutea was reduced, and the post-implantation losses were increased.\n\nIn clinical studies, patients with open-angle glaucoma or ocular hypertension and baseline pressure of 25 to 27 mmHg, who were treated with travoprost ophthalmic solution 0.004% or travoprost ophthalmic solution 0.004% (ionic buffered solution) dosed once daily in the evening, demonstrated 7 to 8 mmHg reductions in IOP. In sub-group analyses of these studies, mean IOP reduction in black patients was up to 1.8 mmHg greater than in non-black patients. It is not known at this time whether this difference is attributed to race or to heavily pigmented irides.\n\nIn a multi-center, randomized, controlled trial, patients with mean baseline IOP of 24 to 26 mmHg on TIMOPTIC** 0.5% twice daily who were treated with travoprost ophthalmic solution 0.004%  dosed daily adjunctively to TIMOPTIC** 0.5% twice daily demonstrated 6 to 7 mmHg reductions in IOP.\n\nTravoprost Ophthalmic Solution USP, 0.004% (Ionic Buffered Solution) is a sterile, isotonic, buffered, preserved, aqueous solution of travoprost, USP (0.04 mg/mL) supplied in 3 piece open nozzle container.\n\nTravoprost Ophthalmic Solution USP, 0.004% (Ionic Buffered Solution) is supplied as a 2.5 mL solution in a 5 mL and 5 mL solution in a 5 mL natural polypropylene container with a polypropylene open nozzle and an HDPE Turquoise color cap.\n\nNDC code:\n\nNDC 42571-130-27,               2.5 mL fill in 5 mL\n\nNDC 42571-130-21,               5 mL fill in 5 mL\n\nStorage:Store at 2° to 25°C (36° to 77°F).\n\nAfter opening, travoprost ophthalmic solution USP, 0.004% (ionic buffered solution) can be used until the expiration date on the bottle.\n\nPotential for Pigmentation\n\nAdvise the patient about the potential for increased brown pigmentation of the iris, which may be permanent. Inform the patient about the possibility of eyelid skin darkening, which may be reversible after discontinuation of travoprost ophthalmic solution 0.004% (ionic buffered solution)[seeWarnings and Precautions (5.1)].\n\nPotential for Eyelash Changes\n\nInform the patient about the possibility of eyelash and vellus hair changes in the treated eye during treatment with travoprost ophthalmic solution 0.004% (ionic buffered solution). These changes may result in a disparity between eyes in length, thickness, pigmentation, number of eyelashes or vellus hairs, and/or direction of eyelash growth. Eyelash changes are usually reversible upon discontinuation of treatment[seeWarnings and Precautions (5.2)].\n\nHandling the Container\n\nInstruct the patient to avoid allowing the tip of the dispensing container to contact the eye, surrounding structures, fingers, or any other surface in order to avoid contamination of the solution by common bacteria known to cause ocular infections. Serious damage to the eye and subsequent loss of vision may result from using contaminated solutions[seeWarnings and Precautions (5.6)].\n\nWhen to Seek Physician Advice\n\nAdvise the patient that if they develop an intercurrent ocular condition (e.g., trauma or infection), have ocular surgery, or develop any ocular reactions, particularly conjunctivitis and eyelid reactions, they should immediately seek their physician's advice concerning the continued use of travoprost ophthalmic solution 0.004% (ionic buffered solution)[seeWarnings and Precautions(5.3,5.4,5.5)].\n\nUse with Contact Lenses\n\nContact lenses should be removed prior to instillation of travoprost ophthalmic solution 0.004% (ionic buffered solution) and may be reinserted 15 minutes following its administration[seeWarnings and Precautions (5.7)].\n\nUse with Other Ophthalmic Drugs\n\nIf more than one topical ophthalmic drug is being used, the drugs should be administered at least 5 minutes between applications.\n\nTIMOPTIC** is a registered trademark of Merck & Co., Inc.\n\nDROP-TAINER is a trademark of Alcon\n\nTravoprost Ophthalmic Solution USP, 0.004% (Ionic Buffered Solution)\n\nBefore you useTravoprost Ophthalmic Solution USP, 0.004% (Ionic Buffered Solution)for the first time:\n\n1.  Check to make sure that the tamper evident ring between the bottle and the cap is not broken (See Figure A). If the tamper evident ring is broken or missing, contact your pharmacist.\n\n2.  Tear off the tamper evident ring (See Figure B).\n\n3.  To open the bottle, remove the cap by turning it in the counter clockwise direction (See Figure C).\n\nThis Instructions for Use has been approved by the U.S. Food and Drug Administration.\n\nManufactured by:Micro Labs LimitedBangalore-560099. INDIA.\n\nManufactured for:Micro Labs USA, Inc.Somerset, NJ 08873\n\nRev. 01/2022\n\nNDC 42571-130-27Travoprost Ophthalmic SolutionUSP, 0.004%(Ionic Buffered Solution)For Use in the Eyes Only.2.5 mLMicro Labs Limited\n\nNDC 42571-130-27Travoprost Ophthalmic SolutionUSP, 0.004%(Ionic Buffered Solution)For Use in the Eyes OnlyRx Only2.5 mLThis package is Not Child ResistantMicro Labs Limited\n\nTRAVOPROST OPHTHALMICtravoprost ophthalmic solution solution\nProduct InformationProduct TypeHUMAN PRESCRIPTION DRUGItem Code (Source)NDC:42571-130Route of AdministrationOPHTHALMIC | Product Information | Product Type | HUMAN PRESCRIPTION DRUG | Item Code (Source) | NDC:42571-130 | Route of Administration | OPHTHALMIC\nProduct Information\nProduct Type | HUMAN PRESCRIPTION DRUG | Item Code (Source) | NDC:42571-130\nRoute of Administration | OPHTHALMIC\nActive Ingredient/Active MoietyIngredient NameBasis of StrengthStrengthTRAVOPROST(UNII: WJ68R08KX9)  (TRAVOPROST - UNII:WJ68R08KX9)TRAVOPROST0.04 mg  in 1 mL | Active Ingredient/Active Moiety | Ingredient Name | Basis of Strength | Strength | TRAVOPROST(UNII: WJ68R08KX9)  (TRAVOPROST - UNII:WJ68R08KX9) | TRAVOPROST | 0.04 mg  in 1 mL\nActive Ingredient/Active Moiety\nIngredient Name | Basis of Strength | Strength\nTRAVOPROST(UNII: WJ68R08KX9)  (TRAVOPROST - UNII:WJ68R08KX9) | TRAVOPROST | 0.04 mg  in 1 mL\nInactive IngredientsIngredient NameStrengthPOLYOXYL 40 HYDROGENATED CASTOR OIL(UNII: 7YC686GQ8F)BORIC ACID(UNII: R57ZHV85D4)PROPYLENE GLYCOL(UNII: 6DC9Q167V3)SORBITOL(UNII: 506T60A25R)ZINC CHLORIDE(UNII: 86Q357L16B)SODIUM HYDROXIDE(UNII: 55X04QC32I)HYDROCHLORIC ACID(UNII: QTT17582CB)WATER(UNII: 059QF0KO0R)CASTOR OIL(UNII: D5340Y2I9G) | Inactive Ingredients | Ingredient Name | Strength | POLYOXYL 40 HYDROGENATED CASTOR OIL(UNII: 7YC686GQ8F) |  | BORIC ACID(UNII: R57ZHV85D4) |  | PROPYLENE GLYCOL(UNII: 6DC9Q167V3) |  | SORBITOL(UNII: 506T60A25R) |  | ZINC CHLORIDE(UNII: 86Q357L16B) |  | SODIUM HYDROXIDE(UNII: 55X04QC32I) |  | HYDROCHLORIC ACID(UNII: QTT17582CB) |  | WATER(UNII: 059QF0KO0R) |  | CASTOR OIL(UNII: D5340Y2I9G) | \nInactive Ingredients\nIngredient Name | Strength\nPOLYOXYL 40 HYDROGENATED CASTOR OIL(UNII: 7YC686GQ8F) | \nBORIC ACID(UNII: R57ZHV85D4) | \nPROPYLENE GLYCOL(UNII: 6DC9Q167V3) | \nSORBITOL(UNII: 506T60A25R) | \nZINC CHLORIDE(UNII: 86Q357L16B) | \nSODIUM HYDROXIDE(UNII: 55X04QC32I) | \nHYDROCHLORIC ACID(UNII: QTT17582CB) | \nWATER(UNII: 059QF0KO0R) | \nCASTOR OIL(UNII: D5340Y2I9G) | \n\nPackaging#Item CodePackage DescriptionMarketing Start DateMarketing End Date1NDC:42571-130-272.5  in 1 CARTON04/15/202112.5 mL in 1 BOTTLE; Type 0: Not a Combination Product2NDC:42571-130-215  in 1 CARTON04/15/202125 mL in 1 BOTTLE; Type 0: Not a Combination Product | Packaging | # | Item Code | Package Description | Marketing Start Date | Marketing End Date | 1 | NDC:42571-130-27 | 2.5  in 1 CARTON | 04/15/2021 |  | 1 |  | 2.5 mL in 1 BOTTLE; Type 0: Not a Combination Product |  |  | 2 | NDC:42571-130-21 | 5  in 1 CARTON | 04/15/2021 |  | 2 |  | 5 mL in 1 BOTTLE; Type 0: Not a Combination Product |  | \nPackaging\n# | Item Code | Package Description | Marketing Start Date | Marketing End Date\n1 | NDC:42571-130-27 | 2.5  in 1 CARTON | 04/15/2021 | \n1 |  | 2.5 mL in 1 BOTTLE; Type 0: Not a Combination Product |  | \n2 | NDC:42571-130-21 | 5  in 1 CARTON | 04/15/2021 | \n2 |  | 5 mL in 1 BOTTLE; Type 0: Not a Combination Product |  | \n\nMarketing InformationMarketing CategoryApplication Number or Monograph CitationMarketing Start DateMarketing End DateANDAANDA20376704/15/2021 | Marketing Information | Marketing Category | Application Number or Monograph Citation | Marketing Start Date | Marketing End Date | ANDA | ANDA203767 | 04/15/2021 | \nMarketing Information\nMarketing Category | Application Number or Monograph Citation | Marketing Start Date | Marketing End Date\nANDA | ANDA203767 | 04/15/2021 | \n\nProduct Information\nProduct Type | HUMAN PRESCRIPTION DRUG | Item Code (Source) | NDC:42571-130\nRoute of Administration | OPHTHALMIC\n\nActive Ingredient/Active Moiety\nIngredient Name | Basis of Strength | Strength\nTRAVOPROST(UNII: WJ68R08KX9)  (TRAVOPROST - UNII:WJ68R08KX9) | TRAVOPROST | 0.04 mg  in 1 mL\n\nInactive Ingredients\nIngredient Name | Strength\nPOLYOXYL 40 HYDROGENATED CASTOR OIL(UNII: 7YC686GQ8F) | \nBORIC ACID(UNII: R57ZHV85D4) | \nPROPYLENE GLYCOL(UNII: 6DC9Q167V3) | \nSORBITOL(UNII: 506T60A25R) | \nZINC CHLORIDE(UNII: 86Q357L16B) | \nSODIUM HYDROXIDE(UNII: 55X04QC32I) | \nHYDROCHLORIC ACID(UNII: QTT17582CB) | \nWATER(UNII: 059QF0KO0R) | \nCASTOR OIL(UNII: D5340Y2I9G) | \n\nPackaging\n# | Item Code | Package Description | Marketing Start Date | Marketing End Date\n1 | NDC:42571-130-27 | 2.5  in 1 CARTON | 04/15/2021 | \n1 |  | 2.5 mL in 1 BOTTLE; Type 0: Not a Combination Product |  | \n2 | NDC:42571-130-21 | 5  in 1 CARTON | 04/15/2021 | \n2 |  | 5 mL in 1 BOTTLE; Type 0: Not a Combination Product |  | \n\nMarketing Information\nMarketing Category | Application Number or Monograph Citation | Marketing Start Date | Marketing End Date\nANDA | ANDA203767 | 04/15/2021 | \n\nLabeler -Micro Labs Limited\n\t\t\t\t\t\t\t(862174955)\n\nRegistrant -Micro Labs Limited (862174955)\n\nEstablishment\nName | Address | ID/FEI | Business Operations\nMicro Labs Limited |  | 677600482 | manufacture(42571-130)\n\n5.1 Pigmentation:\nTravoprost ophthalmic solution has been reported to cause changes to pigmented tissues. The most frequently reported changes have been increased pigmentation of the iris, periorbital tissue (eyelid), and eyelashes. Pigmentation is expected to increase as long as travoprost is administered. The pigmentation change is due to increased melanin content in the melanocytes rather than to an increase in the number of melanocytes. After discontinuation of travoprost, pigmentation of the iris is likely to be permanent, while pigmentation of the periorbital tissue and eyelash changes have been reported to be reversible in some patients. Patients who receive treatment should be informed of the possibility of increased pigmentation. The long-term effects of increased pigmentation are not known.\n\nIris color change may not be noticeable for several months to years. Typically, the brown pigmentation around the pupil spreads concentrically towards the periphery of the iris and the entire iris or parts of the iris become more brownish. Neither nevi nor freckles of the iris appear to be affected by treatment. While treatment with travoprost ophthalmic solution 0.004% (ionic buffered solution) can be continued in patients who develop noticeably increased iris pigmentation, these patients should be examined regularly[seePatient Counseling Information (17)].\n\n5.2 Eyelash Changes:\nTravoprost ophthalmic solution 0.004% (ionic buffered solution) may gradually change eyelashes and vellus hair in the treated eye. These changes include increased length, thickness, and number of lashes. Eyelash changes are usually reversible upon discontinuation of treatment[seePatient Counseling Information (17)].\n\n5.3 Intraocular Inflammation:\nTravoprost ophthalmic solution 0.004% (ionic buffered solution) should be used with caution in patients with active intraocular inflammation (e.g., uveitis) because the inflammation may be exacerbated.\n\n5.4 Macular Edema:\nMacular edema, including cystoid macular edema, has been reported during treatment with travoprost ophthalmic solution. Travoprost ophthalmic solution 0.004% (ionic buffered solution) should be used with caution in aphakic patients, in pseudophakic patients with a torn posterior lens capsule, or in patients with known risk factors for macular edema.\n\n5.5 Angle-closure, Inflammatory or Neovascular Glaucoma:\nTravoprost ophthalmic solution 0.004% (ionic buffered solution)\n\nhas not been evaluated for the treatment of angle-closure, inflammatory or neovascular glaucoma.\n\n5.6 Bacterial Keratitis:\nThere have been reports of bacterial keratitis associated with the use of multiple-dose containers of topical ophthalmic products. These containers had been inadvertently contaminated by patients who, in most cases, had a concurrent corneal disease or a disruption of the ocular epithelial surface[seePatient Counseling Information (17)].\n\n5.7 Use with Contact Lenses:\nContact lenses should be removed prior to instillation of travoprost ophthalmic solution 0.004% (ionic buffered solution) and may be reinserted 15 minutes following its administration.\n\n6.1 Clinical Trials Experience:\nBecause clinical trials are conducted under widely varying conditions, adverse reaction rates observed in the clinical trials of a drug cannot be directly compared to rates in the clinical trials of another drug and may not reflect the rates observed in practice.\n\nThe most common adverse reaction observed in controlled clinical trials with travoprost ophthalmic solution 0.004% and travoprost ophthalmic solution 0.004% (ionic buffered solution) was ocular hyperemia, which was reported in 30% to 50% of patients. Up to 3% of patients discontinued therapy due to conjunctival hyperemia. Ocular adverse reactions reported at an incidence of 5% to 10% in these clinical trials included decreased visual acuity, eye discomfort, foreign body sensation, pain, and pruritus.\n\nOcular adverse reactions reported at an incidence of 1% to 4% in clinical trials with travoprost ophthalmic solution 0.004% or travoprost ophthalmic solution 0.004% (ionic buffered solution) included abnormal vision, blepharitis, blurred vision, cataract, conjunctivitis, corneal staining, dry eye, iris discoloration, keratitis, lid margin crusting, ocular inflammation, photophobia, subconjunctival hemorrhage, and tearing.\n\nNon-ocular adverse reactions reported at an incidence of 1% to 5% in these clinical studies were allergy, angina pectoris, anxiety, arthritis, back pain, bradycardia, bronchitis, chest pain, cold/flu syndrome, depression, dyspepsia, gastrointestinal disorder, headache, hypercholesterolemia, hypertension, hypotension, infection, pain, prostate disorder, sinusitis, urinary incontinence, and urinary tract infections.\n\n6.2 Postmarketing Experience:\nAdditional adverse reactions have been identified during post approval use of travoprost ophthalmic solution 0.004% or travoprost ophthalmic solution 0.004% (ionic buffered solution) in clinical practice. Because they are reported voluntarily from a population of unknown size, estimates of frequency cannot be made. The reactions, which have been chosen for inclusion due to either their seriousness, frequency of reporting, possible causal connection to travoprost ophthalmic solution 0.004% or travoprost ophthalmic solution 0.004% (ionic buffered solution), or a combination of these factors, include: arrhythmia, vomiting, epistaxis, tachycardia, and insomnia.\n\nIn postmarketing use with prostaglandin analogs, periorbital and lid changes including deepening of the eyelid sulcus have been observed.\n\n8.1 Pregnancy:\nRisk Summary\n\nThere are no adequate and well-controlled studies in pregnant women to inform a drug-associated risk.\n\nIn animal reproduction studies, subcutaneous (SC) administration of travoprost to pregnant mice and rats throughout the period of organogenesis produced embryo-fetal lethality, spontaneous abortion, and premature delivery at potentially clinically relevant doses.\n\nAdvise pregnant women of a potential risk to a fetus. Because animal reproductive studies are not always predictive of human response, travoprost ophthalmic solution 0.004% (ionic buffered solution) should be administered during pregnancy only if the potential benefit justifies the potential risk to the fetus.\n\nThe background risk of major birth defects and miscarriage for the indicated population is unknown; however, in the U.S. general population, the estimated background risk of major birth defects is 2% to 4% and of miscarriage is 15% to 20% of clinically recognized pregnancies.\n\nData\n\nAnimal Data\n\nAn embryo-fetal study was conducted in pregnant rats administered travoprost once daily by SC injection from gestation day (GD) 6 to 18, to target the period of organogenesis. At 10 mcg/kg (60 times the maximum recommended human ocular dose [MRHOD], based on estimated plasma Cmax), travoprost was teratogenic in rats, evidenced by an increase in the incidence of skeletal malformations as well as external and visceral malformations, including fused sternebrae, domed head and hydrocephaly. Travoprost caused post-implantation loss at 10 mcg/kg. The no observed adverse effect level (NOAEL) for post-implantation loss was 3 mcg/kg (18 times the MRHOD, based on estimated plasma Cmax). The maternal NOAEL was 10 mcg/kg.\n\nAn embryo-fetal study was conducted in pregnant mice administered travoprost once daily by SC injection from GD 6 to 11, to target the period of organogenesis. At 1 mcg/kg (6 times the MRHOD, based on estimated plasma Cmax), travoprost caused postimplantation loss and decreased fetal weight. The no observed adverse effect level (NOAEL) for malformations was 0.3 mcg/kg (2 times the MRHOD, based on estimated plasma Cmax). The maternal NOAEL was 1 mcg/kg.\n\nPre/postnatal studies were conducted in rats administered travoprost once daily by subcutaneous injection from GD 7 (early embryonic period) to postnatal Day 21 (end of lactation period). At doses of greater than or equal to 0.12 mcg/kg/day (0.7 times the MRHOD, based on estimated plasma Cmax), adverse pregnancy outcomes (embryo-fetal lethality, abortion, and early delivery), low-birth weight and developmental delays were observed. The NOAEL for adverse pregnancy outcomes, low-birth weight and developmental delay was 0.1 mcg/kg (0.6 times the MHROD, based on estimated plasma Cmax). The NOAEL for maternal toxicity was 0.72 mcg/kg (4 times the MHROD, based on estimated plasma Cmax).\n\n8.2 Lactation:\nRisk Summary\n\nThere are no data on the effects of travoprost on the breastfed child or milk production. It is not known if travoprost is present in human milk following ophthalmic administration. A study in lactating rats demonstrated that radio-labeled travoprost and/or its metabolites were excreted in milk following subcutaneous administration.\n\nThe developmental and health benefits of breastfeeding should be considered along with the mother’s clinical need for travoprost ophthalmic solution 0.004% (ionic buffered solution) and any potential adverse effects on the breast-fed child from travoprost ophthalmic solution 0.004% (ionic buffered solution).\n\n8.4 Pediatric Use:\nUse in pediatric patients below the age of 16 years is not recommended because of potential safety concerns related to increased pigmentation following long-term chronic use.\n\n8.5 Geriatric Use:\nNo overall clinical differences in safety or effectiveness have been observed between elderly and other adult patients.\n\n8.6 Hepatic and Renal Impairment:\nTravoprost ophthalmic solution 0.004% has been studied in patients with hepatic impairment and also in patients with renal impairment. No clinically relevant changes in hematology, blood chemistry, or urinalysis laboratory data were observed in these patients.\n\n12.1 Mechanism of Action:\nTravoprost free acid, a prostaglandin analog is a selective FP prostanoid receptor agonist which is believed to reduce IOP by increasing uveoscleral outflow. The exact mechanism of action is unknown at this time.\n\n12.3 Pharmacokinetics:\nTravoprost is absorbed through the cornea and is hydrolyzed to the active free acid. Data from 4 multiple dose pharmacokinetic studies (totaling 107 subjects) have shown that plasma concentrations of the free acid are below 0.01 ng/mL (the quantitation limit of the assay) in two-thirds of the subjects. In those individuals with quantifiable plasma concentrations (N = 38), the mean plasma Cmaxwas 0.018 ± 0.007 ng/mL (ranged 0.01 to 0.052 ng/mL) and was reached within 30 minutes. From these studies, travoprost is estimated to have a plasma half-life of 45 minutes. There was no difference in plasma concentrations between Days 1 and 7, indicating steady-state was reached early and that there was no significant accumulation.\n\nTravoprost, an isopropyl ester prodrug, is hydrolyzed by esterases in the cornea to its biologically active free acid. Systemically, travoprost free acid is metabolized to inactive metabolites via beta-oxidation of the α (carboxylic acid) chain to give the 1,2-dinor and 1,2,3,4-tetranor analogs, via oxidation of the 15-hydroxyl moiety, as well as via reduction of the 13, 14 double bond.\n\nThe elimination of travoprost free acid from plasma was rapid and levels were generally below the limit of quantification within one hour after dosing. The terminal elimination half-life of travoprost free acid was estimated from fourteen subjects and ranged from 17 minutes to 86 minutes with the mean half-life of 45 minutes. Less than 2% of the topical ocular dose of travoprost was excreted in the urine within 4 hours as the travoprost free acid.\n\n13.1 Carcinogenesis, Mutagenesis, Impairment of Fertility:\nTwo-year carcinogenicity studies in mice and rats at subcutaneous doses of 10, 30, or 100 mcg/kg/day did not show any evidence of carcinogenic potential. However, at 100 mcg/kg/day, male rats were only treated for 82 weeks, and the maximum tolerated dose (MTD) was not reached in the mouse study. The high dose (100 mcg/kg) corresponds to exposure levels 326 times (mouse) and 547 times (rat) the human exposure at the MRHOD of 0.04 mcg/kg, based on estimated plasma Cmaxfor active travoprost free acid.\n\nTravoprost was not mutagenic in the Ames test, mouse micronucleus test or rat chromosome aberration assay. A slight increase in the mutant frequency was observed in one of two mouse lymphoma assays in the presence of rat S-9 activation enzymes.\n\nTravoprost did not affect mating or fertility indices in male or female rats at subcutaneous doses up to 3 mcg/kg/day (18 times the MRHOD based on estimated plasma Cmax). At 10 mcg/kg/day (60 times the MRHOD, based on estimated plasma Cmax), the mean number of corpora lutea was reduced, and the post-implantation losses were increased.\n\nSafety:\nReport Adverse\n                        Events,FDA Safety Recalls,Presence in Breast Milk\n\nRelated Resources:\nMedline Plus,Clinical Trials,PubMed,Biochemical Data Summary\n\nMore Info on this Drug:\nView Labeling Archives,RxNorm,Get Label RSS Feed,View NDC Code(s)NEW!\n\nTo receive this label RSS feed:\nCopy the URL below and paste it into your RSS Reader application.https://dailymed.nlm.nih.gov/dailymed/labelrss.cfm?setid=39c8f172-9dc6-4adf-8e7f-4d1cb6940926To receive all DailyMed Updates for the last seven daysCopy the URL below and paste it into your RSS Reader application.https://dailymed.nlm.nih.gov/dailymed/rss.cfmWhat will I get with the DailyMed RSS feed?DailyMed will deliver notification of updates and additions to Drug Label information currently shown on this site through its RSS feed.DailyMed will deliver this notification to your desktop, Web browser, or e-mail depending on the RSS Reader you select to use. To view updated drug label links, paste the RSS feed address (URL) shown below into a RSS reader, or use a browser which supports RSS feeds, such as Safari for Mac OS X.How to discontinue the RSS feedIf you no longer wish to have this DailyMed RSS service, simply delete the copied URL from your RSS Reader.More about getting RSS News & Updates from DailyMed\n\nhttps://dailymed.nlm.nih.gov/dailymed/labelrss.cfm?setid=39c8f172-9dc6-4adf-8e7f-4d1cb6940926\n\nCopy the URL below and paste it into your RSS Reader application.\n\nhttps://dailymed.nlm.nih.gov/dailymed/rss.cfm\n\nDailyMed will deliver notification of updates and additions to Drug Label information currently shown on this site through its RSS feed.\n\nDailyMed will deliver this notification to your desktop, Web browser, or e-mail depending on the RSS Reader you select to use. To view updated drug label links, paste the RSS feed address (URL) shown below into a RSS reader, or use a browser which supports RSS feeds, such as Safari for Mac OS X.\n\nIf you no longer wish to have this DailyMed RSS service, simply delete the copied URL from your RSS Reader.\n\nTo receive all DailyMed Updates for the last seven days:\nCopy the URL below and paste it into your RSS Reader application.\n\nhttps://dailymed.nlm.nih.gov/dailymed/rss.cfm\n\nWhat will I get with the DailyMed RSS feed?:\nDailyMed will deliver notification of updates and additions to Drug Label information currently shown on this site through its RSS feed.\n\nDailyMed will deliver this notification to your desktop, Web browser, or e-mail depending on the RSS Reader you select to use. To view updated drug label links, paste the RSS feed address (URL) shown below into a RSS reader, or use a browser which supports RSS feeds, such as Safari for Mac OS X.\n\nHow to discontinue the RSS feed:\nIf you no longer wish to have this DailyMed RSS service, simply delete the copied URL from your RSS Reader.\n\nWhy is DailyMed no longer displaying pill images on the Search Results and Drug Info pages?:\nDue to inconsistencies between the drug labels on DailyMed and the pill images provided byRxImage, we no longer display the RxImage pill images associated with drug labels.\n\nWe anticipate reposting the images once we are able identify and filter out images that do not match the information provided in the drug labels."
  }
}